species	geneA	geneB	spacer	mapped	score_primary	score_with_coexpr	neighborhood	fusion	cooccurence	coexpression	experimental	database	textmining	combined_score	disrupted	n_strains_disrupted	max_expanded_len	mobile_kw
Bfragilis	BF9343_RS00060	BF9343_RS00065	119	True	41.0	41.0	735	0	0	0	0	0	0	734	False	0		False
Bfragilis	BF9343_RS00095	rbr	260	True	41.0	41.0	497	0	0	0	0	0	0	497	False	0		False
Bfragilis	BF9343_RS00110	nadB	107	True	41.0	41.0	743	0	0	0	0	0	0	742	False	0		False
Bfragilis	BF9343_RS00130	miaB	330	True	41.0	41.0	629	0	0	0	0	0	0	629	False	0		False
Bfragilis	BF9343_RS21705	metK	208	True	41.0	41.0	647	0	0	0	0	0	0	646	False	0		False
Bfragilis	BF9343_RS00350	BF9343_RS00355	163	False											False	0		False
Bfragilis	BF9343_RS00390	BF9343_RS00395	495	True	41.0	41.0	0	0	0	0	0	0	0	0	False	0		False
Bfragilis	BF9343_RS00450	BF9343_RS00455	126	True	41.0	41.0	583	0	0	0	0	0	0	583	False	0		False
Bfragilis	BF9343_RS00475	polA	85	True	293.0	293.0	733	0	0	0	0	0	293	803	False	0		False
Bfragilis	BF9343_RS00540	ybeY	449	True	41.0	41.0	398	0	0	0	0	0	0	398	False	0		False
Bfragilis	BF9343_RS00555	BF9343_RS00560	106	True	41.0	41.0	743	0	0	0	0	0	0	743	False	0		False
Bfragilis	BF9343_RS00615	BF9343_RS00620	128	True	41.0	41.0	743	0	0	0	0	0	0	743	False	0		False
Bfragilis	BF9343_RS00625	BF9343_RS00630	223	True	41.0	41.0	476	0	0	0	0	0	0	476	False	0		False
Bfragilis	BF9343_RS00665	dapB	95	True	41.0	41.0	744	0	0	0	0	0	0	744	False	0		False
Bfragilis	BF9343_RS00680	BF9343_RS00685	230	True	41.0	41.0	478	0	0	0	0	0	0	479	False	0		False
Bfragilis	BF9343_RS00710	BF9343_RS00715	105	True	41.0	41.0	548	0	0	0	0	0	0	548	False	0		False
Bfragilis	BF9343_RS00745	BF9343_RS23540	178	False											False	0		False
Bfragilis	BF9343_RS00780	mnmA	54	True	112.0	112.0	660	0	0	0	112	0	0	685	False	0		False
Bfragilis	BF9343_RS00790	BF9343_RS00795	169	True	41.0	41.0	727	0	0	0	0	0	0	727	False	0		False
Bfragilis	BF9343_RS00810	purN	98	True	83.0	121.2	733	0	0	81	0	0	83	755	False	0		False
Bfragilis	BF9343_RS00825	pdxB	132	True	41.0	41.0	733	0	0	0	0	0	0	733	False	0		False
Bfragilis	BF9343_RS00850	BF9343_RS00855	420	True	41.0	41.0	0	0	0	0	0	0	0	0	False	0		False
Bfragilis	BF9343_RS00865	BF9343_RS00870	119	True	41.0	41.0	740	0	0	0	0	0	0	740	False	0		False
Bfragilis	BF9343_RS00930	BF9343_RS00935	120	True	41.0	41.0	718	0	0	0	0	0	0	718	False	0		False
Bfragilis	BF9343_RS00940	BF9343_RS00945	106	True	41.0	41.0	572	0	0	0	0	0	0	572	False	0		False
Bfragilis	BF9343_RS01075	BF9343_RS01080	243	True	41.0	41.0	459	0	0	0	0	0	0	459	False	0		False
Bfragilis	BF9343_RS01100	gpmI	285	True	41.0	41.0	678	0	0	0	0	0	0	678	False	0		False
Bfragilis	BF9343_RS01140	recO	298	False											False	0		False
Bfragilis	BF9343_RS01225	BF9343_RS21765	197	True	41.0	41.0	495	0	0	0	0	0	0	495	False	0		False
Bfragilis	BF9343_RS01255	dut	101	True	41.0	41.0	748	0	0	0	0	0	0	748	False	0		False
Bfragilis	BF9343_RS01310	BF9343_RS01315	277	True	41.0	41.0	449	0	462	0	0	0	0	691	False	0		False
Bfragilis	BF9343_RS01335	BF9343_RS01340	343	True	41.0	41.0	357	0	0	0	0	0	0	357	False	0		False
Bfragilis	BF9343_RS01440	BF9343_RS01450	302	True	41.0	41.0	474	0	0	0	0	0	0	474	False	0		False
Bfragilis	BF9343_RS01455	BF9343_RS01460	211	True	41.0	68.0	484	0	0	68	0	0	0	499	False	0		False
Bfragilis	BF9343_RS01475	BF9343_RS01480	188	True	41.0	41.0	721	0	0	0	0	0	0	721	False	0		False
Bfragilis	BF9343_RS01550	BF9343_RS01555	364	True	41.0	41.0	336	0	157	0	0	0	0	416	False	0		False
Bfragilis	BF9343_RS01585	BF9343_RS01590	497	True	41.0	41.0	328	0	0	0	0	0	0	328	False	0		False
Bfragilis	BF9343_RS24140	BF9343_RS24240	113	True	41.0	41.0	0	0	0	0	0	0	0	0	False	0		False
Bfragilis	BF9343_RS01615	BF9343_RS01620	396	False											False	0		False
Bfragilis	BF9343_RS01640	BF9343_RS01645	184	True	41.0	70.0	683	0	0	70	0	0	0	692	False	0		False
Bfragilis	BF9343_RS01670	BF9343_RS23555	84	False											False	0		False
Bfragilis	BF9343_RS01795	BF9343_RS01800	197	True	41.0	41.0	718	0	0	0	0	0	0	718	False	0		False
Bfragilis	BF9343_RS01820	BF9343_RS01825	104	True	41.0	41.0	743	0	0	0	0	0	0	742	False	0		False
Bfragilis	BF9343_RS01840	BF9343_RS24145	31	True	41.0	41.0	565	0	0	0	0	0	0	565	False	0		False
Bfragilis	BF9343_RS01850	folP	111	True	83.0	83.0	588	0	0	0	0	0	83	606	False	0		False
Bfragilis	BF9343_RS01870	BF9343_RS23860	371	False											False	0		False
Bfragilis	BF9343_RS01950	BF9343_RS01955	208	True	41.0	41.0	540	0	0	0	0	0	0	540	False	0		False
Bfragilis	efp	rpmH	193	True	882.0	956.4	720	0	0	646	882	0	0	987	False	0		False
Bfragilis	prmC	ribD	53	True	41.0	41.0	748	0	0	0	0	0	0	748	False	0		False
Bfragilis	BF9343_RS02155	BF9343_RS02160	171	True	41.0	41.0	531	0	0	0	0	0	0	531	False	0		False
Bfragilis	BF9343_RS02255	BF9343_RS02260	440	False											False	0		False
Bfragilis	BF9343_RS02270	gadC	216	True	132.0	132.0	536	0	540	0	0	0	132	798	False	0		False
Bfragilis	BF9343_RS02275	BF9343_RS02280	220	True	41.0	41.0	546	0	0	0	0	0	0	546	False	0		False
Bfragilis	BF9343_RS02300	BF9343_RS02305	61	True	41.0	69.0	547	0	0	69	0	0	0	560	False	0		False
Bfragilis	BF9343_RS02365	BF9343_RS02370	178	True	41.0	41.0	725	0	0	0	0	0	0	725	False	0		False
Bfragilis	BF9343_RS02380	rplS	156	True	41.0	50.0	562	0	0	50	0	0	0	566	False	0		False
Bfragilis	BF9343_RS02420	BF9343_RS02425	177	True	41.0	41.0	590	0	0	0	0	0	0	589	False	0		False
Bfragilis	BF9343_RS02435	BF9343_RS23570	66	False											False	0		False
Bfragilis	BF9343_RS02440	BF9343_RS02445	304	True	75.0	88.5	421	0	0	55	0	0	75	449	False	0		False
Bfragilis	BF9343_RS02520	BF9343_RS02525	225	False											False	0		False
Bfragilis	BF9343_RS21890	metA	159	True	41.0	41.0	717	0	0	0	0	0	0	717	False	0		False
Bfragilis	BF9343_RS02595	thrA	493	True	816.3	816.3	152	0	0	0	0	800	119	837	False	0		False
Bfragilis	BF9343_RS02635	BF9343_RS02640	212	True	41.0	41.0	713	0	0	0	0	0	0	713	False	0		False
Bfragilis	BF9343_RS02645	BF9343_RS02650	127	True	41.0	41.0	534	0	0	0	0	0	0	534	False	0		False
Bfragilis	BF9343_RS02705	BF9343_RS21905	182	True	41.0	41.0	505	0	0	0	0	0	0	505	False	0		False
Bfragilis	BF9343_RS02720	BF9343_RS02725	4	True	41.0	41.0	741	0	0	0	0	0	0	741	False	0		False
Bfragilis	BF9343_RS02770	BF9343_RS02775	453	True	41.0	41.0	0	0	0	0	0	0	0	0	False	0		False
Bfragilis	BF9343_RS02920	BF9343_RS02925	199	True	41.0	71.0	517	0	0	71	0	0	0	532	False	0		False
Bfragilis	BF9343_RS02950	BF9343_RS02955	137	True	41.0	77.0	736	0	0	77	0	0	0	746	False	0		False
Bfragilis	BF9343_RS02975	dnaE	163	True	41.0	41.0	748	0	0	0	0	0	0	748	False	0		False
Bfragilis	BF9343_RS03045	BF9343_RS03050	102	True	41.0	41.0	587	0	0	0	0	0	0	587	False	0		False
Bfragilis	BF9343_RS03100	aroA	284	True	41.0	41.0	419	0	0	0	0	0	0	419	False	0		False
Bfragilis	BF9343_RS03135	aroB	136	True	41.0	41.0	736	0	0	0	0	0	0	736	False	0		False
Bfragilis	BF9343_RS03160	BF9343_RS03165	96	True	41.0	41.0	744	0	296	0	0	0	0	812	False	0		False
Bfragilis	BF9343_RS03205	BF9343_RS03210	149	True	41.0	41.0	552	0	0	0	0	0	0	551	False	0		False
Bfragilis	BF9343_RS03220	alaS	103	True	57.0	95.3	743	0	0	80	0	0	57	757	False	0		False
Bfragilis	BF9343_RS03285	rsfS	301	False											False	0		False
Bfragilis	BF9343_RS03305	rsmA	49	True	41.0	41.0	752	0	0	0	0	0	0	752	False	0		False
Bfragilis	BF9343_RS03330	BF9343_RS03335	222	True	41.0	41.0	477	0	0	0	0	0	0	477	False	0		False
Bfragilis	BF9343_RS03365	BF9343_RS03370	93	True	41.0	41.0	745	0	0	0	0	0	0	745	False	0		False
Bfragilis	BF9343_RS03520	BF9343_RS03525	87	False											False	0		False
Bfragilis	BF9343_RS03540	BF9343_RS03545	179	True	41.0	41.0	507	0	0	0	0	0	0	507	False	0		False
Bfragilis	BF9343_RS03665	BF9343_RS03670	237	True	41.0	41.0	509	0	0	0	0	0	0	509	False	0		False
Bfragilis	BF9343_RS03750	BF9343_RS03755	205	True	41.0	41.0	490	0	0	0	0	0	0	490	False	0		False
Bfragilis	BF9343_RS03785	BF9343_RS03790	185	True	41.0	41.0	419	0	186	0	0	0	0	507	False	0		False
Bfragilis	BF9343_RS03795	BF9343_RS03800	443	True	41.0	41.0	308	0	0	0	0	0	0	308	False	0		False
Bfragilis	BF9343_RS03845	BF9343_RS22020	424	True	41.0	41.0	0	0	0	0	0	0	0	0	False	0		False
Bfragilis	BF9343_RS03945	BF9343_RS03950	164	True	41.0	41.0	566	0	0	0	0	0	0	566	False	0		False
Bfragilis	BF9343_RS03960	glaB	154	True	41.0	41.0	521	0	0	0	0	0	0	521	False	0		False
Bfragilis	BF9343_RS04030	BF9343_RS04035	137	True	41.0	41.0	594	0	170	0	0	0	0	649	False	0		False
Bfragilis	BF9343_RS04130	recF	160	True	41.0	67.0	730	0	180	67	0	0	0	775	False	0		False
Bfragilis	gap	mscL	139	True	164.0	164.0	735	0	0	0	0	0	164	769	True	1	1741	True
Bfragilis	BF9343_RS04235	BF9343_RS23585	257	False											False	0		False
Bfragilis	BF9343_RS04285	BF9343_RS04290	171	True	41.0	41.0	727	0	0	0	0	0	0	726	False	0		False
Bfragilis	BF9343_RS04315	BF9343_RS04320	115	True	41.0	41.0	741	0	0	0	0	0	0	741	False	0		False
Bfragilis	BF9343_RS04325	BF9343_RS04330	170	True	41.0	41.0	727	0	0	0	0	0	0	727	False	0		False
Bfragilis	BF9343_RS04350	panC	246	True	41.0	81.0	614	0	0	81	0	0	0	630	False	0		False
Bfragilis	BF9343_RS04475	BF9343_RS04480	112	True	41.0	75.0	741	0	0	75	0	0	0	750	False	0		False
Bfragilis	BF9343_RS04505	BF9343_RS04510	239	True	41.0	41.0	698	0	0	0	0	0	0	698	False	0		False
Bfragilis	BF9343_RS04550	BF9343_RS04555	116	True	41.0	41.0	740	0	0	0	0	0	0	740	False	0		False
Bfragilis	BF9343_RS04570	BF9343_RS04575	104	True	111.0	198.1	543	0	639	135	111	0	0	856	False	0		False
Bfragilis	BF9343_RS04600	BF9343_RS04605	135	True	144.4	228.2	533	0	337	135	111	0	77	740	False	0		False
Bfragilis	BF9343_RS04740	BF9343_RS04745	305	True	41.0	41.0	397	0	0	0	0	0	0	397	False	0		False
Bfragilis	BF9343_RS04850	hpt	247	True	41.0	41.0	551	0	0	0	0	0	0	551	False	0		False
Bfragilis	BF9343_RS04890	ssrA	193	False											False	0		False
Bfragilis	BF9343_RS04925	BF9343_RS24095	219	False											False	0		False
Bfragilis	BF9343_RS04955	ribB	222	False											False	0		False
Bfragilis	BF9343_RS04980	BF9343_RS04985	456	True	41.0	41.0	0	0	0	0	0	0	0	0	False	0		False
Bfragilis	BF9343_RS05090	BF9343_RS05095	483	False											False	0		False
Bfragilis	BF9343_RS05270	mnmE	121	True	41.0	59.0	594	0	0	59	0	0	0	602	False	0		False
Bfragilis	BF9343_RS05300	BF9343_RS05305	140	True	41.0	71.0	735	0	0	71	0	0	0	743	False	0		False
Bfragilis	BF9343_RS05340	BF9343_RS05345	307	False											False	0		False
Bfragilis	BF9343_RS05365	crcB	154	True	41.0	41.0	571	0	0	0	0	0	0	571	False	0		False
Bfragilis	BF9343_RS05370	BF9343_RS05375	227	False											False	0		False
Bfragilis	BF9343_RS05400	nusB	168	True	41.0	41.0	630	0	0	0	0	0	0	630	False	0		False
Bfragilis	BF9343_RS05440	clpB	222	True	41.0	41.0	709	0	0	0	0	0	0	709	False	0		False
Bfragilis	BF9343_RS05465	BF9343_RS05470	84	True	41.0	41.0	550	0	0	0	0	0	0	550	False	0		False
Bfragilis	BF9343_RS05490	BF9343_RS05495	124	True	41.0	41.0	739	0	0	0	0	0	0	738	False	0		False
Bfragilis	BF9343_RS05535	BF9343_RS05540	135	True	41.0	41.0	736	0	0	0	0	0	0	736	False	0		False
Bfragilis	BF9343_RS05555	BF9343_RS05560	134	True	41.0	41.0	531	0	0	0	0	0	0	531	False	0		False
Bfragilis	BF9343_RS05650	BF9343_RS05655	154	False											False	0		False
Bfragilis	BF9343_RS05790	mobA	357	False											False	0		False
Bfragilis	BF9343_RS05815	BF9343_RS05820	245	False											False	0		False
Bfragilis	BF9343_RS05850	BF9343_RS05855	395	False											False	0		False
Bfragilis	BF9343_RS05890	BF9343_RS05895	126	True	41.0	41.0	545	0	0	0	0	0	0	545	False	0		False
Bfragilis	BF9343_RS05910	BF9343_RS05915	282	True	84.0	109.8	395	0	0	68	0	0	84	438	False	0		False
Bfragilis	BF9343_RS05930	BF9343_RS05935	237	True	41.0	74.0	473	0	0	74	0	0	0	491	False	0		False
Bfragilis	BF9343_RS06065	BF9343_RS06070	165	True	111.0	198.1	566	0	666	135	111	0	0	873	False	0		False
Bfragilis	BF9343_RS06110	BF9343_RS06115	141	True	145.0	145.0	735	0	236	0	0	0	145	811	False	0		False
Bfragilis	BF9343_RS06120	BF9343_RS06125	188	True	157.0	179.9	554	0	0	67	0	0	157	618	False	0		False
Bfragilis	BF9343_RS06145	pflB	254	False											False	0		False
Bfragilis	BF9343_RS06160	BF9343_RS06170	318	True	41.0	41.0	387	0	0	0	0	0	0	387	False	0		False
Bfragilis	BF9343_RS06190	BF9343_RS06195	106	True	41.0	60.0	705	0	0	60	0	0	0	711	False	0		False
Bfragilis	BF9343_RS06205	BF9343_RS06210	169	True	41.0	41.0	758	0	0	0	0	0	0	758	False	0		False
Bfragilis	feoB	tilS	124	True	146.0	146.0	583	0	0	0	0	0	146	629	False	0		False
Bfragilis	BF9343_RS06290	BF9343_RS06295	18	True	41.0	41.0	479	0	0	0	0	0	0	479	False	0		False
Bfragilis	BF9343_RS06365	BF9343_RS06370	140	False											False	0		False
Bfragilis	BF9343_RS06380	BF9343_RS23605	97	False											False	0		False
Bfragilis	BF9343_RS06410	BF9343_RS06415	252	True	41.0	242.0	451	0	0	242	0	0	0	566	False	0		False
Bfragilis	BF9343_RS06425	BF9343_RS06430	222	True	41.0	41.0	532	0	0	0	0	0	0	532	False	0		False
Bfragilis	BF9343_RS06440	BF9343_RS06445	163	True	41.0	68.0	540	0	0	68	0	0	0	553	False	0		False
Bfragilis	BF9343_RS06470	rlmH	96	True	41.0	41.0	744	0	0	0	0	0	0	744	False	0		False
Bfragilis	BF9343_RS06510	ald	188	True	41.0	41.0	721	0	0	0	0	0	0	721	False	0		False
Bfragilis	BF9343_RS06590	BF9343_RS06595	115	True	41.0	41.0	741	0	0	0	0	0	0	741	False	0		False
Bfragilis	BF9343_RS06640	BF9343_RS06645	316	True	41.0	41.0	385	0	0	0	0	0	0	385	False	0		False
Bfragilis	BF9343_RS06710	aspT	131	True	41.0	41.0	516	0	0	0	0	0	0	516	False	0		False
Bfragilis	BF9343_RS06890	traN	101	False											False	0		False
Bfragilis	BF9343_RS06930	BF9343_RS06935	497	False											False	0		False
Bfragilis	BF9343_RS07090	BF9343_RS23905	49	False											False	0		False
Bfragilis	BF9343_RS07220	mutY	205	True	41.0	41.0	715	0	0	0	0	0	0	715	False	0		False
Bfragilis	BF9343_RS07260	BF9343_RS22330	289	True	41.0	41.0	414	0	0	0	0	0	0	414	False	0		False
Bfragilis	BF9343_RS07300	BF9343_RS07305	94	True	41.0	41.0	547	0	0	0	0	0	0	547	False	0		False
Bfragilis	BF9343_RS07315	BF9343_RS07320	307	True	41.0	41.0	735	0	0	0	0	0	0	735	False	0		False
Bfragilis	BF9343_RS07360	BF9343_RS07365	170	True	41.0	41.0	727	0	0	0	0	0	0	727	False	0		False
Bfragilis	BF9343_RS07390	BF9343_RS07395	280	True	41.0	41.0	435	0	0	0	0	0	0	435	False	0		False
Bfragilis	BF9343_RS07445	BF9343_RS07450	326	True	41.0	41.0	375	0	0	0	0	0	0	375	False	0		False
Bfragilis	BF9343_RS07470	BF9343_RS07475	267	True	41.0	41.0	438	0	0	0	0	0	0	437	False	0		False
Bfragilis	BF9343_RS07490	BF9343_RS07500	452	True	41.0	41.0	0	0	0	0	0	0	0	0	False	0		False
Bfragilis	BF9343_RS24260	prmA	123	False											False	0		False
Bfragilis	BF9343_RS07665	BF9343_RS07670	263	True	154.0	154.0	496	0	0	0	0	0	154	555	False	0		False
Bfragilis	BF9343_RS07690	BF9343_RS07695	190	True	41.0	69.0	560	0	0	69	0	0	0	573	False	0		False
Bfragilis	BF9343_RS07770	BF9343_RS07775	371	True	41.0	41.0	412	0	0	0	0	0	0	412	False	0		False
Bfragilis	BF9343_RS07810	BF9343_RS07815	302	True	108.0	108.0	401	0	0	0	108	0	0	443	False	0		False
Bfragilis	BF9343_RS07870	BF9343_RS23615	145	False											False	0		False
Bfragilis	BF9343_RS07880	BF9343_RS07885	198	False											False	0		False
Bfragilis	BF9343_RS07910	BF9343_RS07915	297	True	101.0	237.9	468	0	174	187	0	0	101	635	False	0		False
Bfragilis	BF9343_RS07970	BF9343_RS07975	286	False											False	0		False
Bfragilis	BF9343_RS08040	BF9343_RS08045	277	False											False	0		False
Bfragilis	BF9343_RS08160	BF9343_RS22400	12	False											False	0		False
Bfragilis	BF9343_RS08250	BF9343_RS08255	1	False											False	0		False
Bfragilis	BF9343_RS08290	BF9343_RS08295	237	False											False	0		False
Bfragilis	BF9343_RS08315	BF9343_RS08320	123	False											False	0		False
Bfragilis	BF9343_RS08330	BF9343_RS23630	317	False											False	0		False
Bfragilis	BF9343_RS08360	BF9343_RS08365	479	True	41.0	41.0	0	0	460	0	0	0	0	460	False	0		False
Bfragilis	BF9343_RS08460	BF9343_RS08465	235	True	61.0	61.0	703	0	0	0	0	0	61	709	False	0		False
Bfragilis	BF9343_RS08485	BF9343_RS08490	104	True	41.0	41.0	585	0	225	0	0	0	0	664	False	0		False
Bfragilis	BF9343_RS08520	BF9343_RS22435	313	False											False	0		False
Bfragilis	BF9343_RS08535	BF9343_RS23635	460	False											False	0		False
Bfragilis	BF9343_RS08560	BF9343_RS08565	85	False											False	0		False
Bfragilis	BF9343_RS08570	BF9343_RS08575	82	False											False	0		False
Bfragilis	BF9343_RS08710	BF9343_RS08715	117	True	41.0	58.0	588	0	0	58	0	0	0	596	False	0		False
Bfragilis	BF9343_RS08745	BF9343_RS08750	277	False											False	0		False
Bfragilis	BF9343_RS08765	BF9343_RS24110	463	False											False	0		False
Bfragilis	BF9343_RS08805	gmd	213	True	41.0	41.0	503	0	0	0	0	0	0	503	False	0		False
Bfragilis	BF9343_RS08940	BF9343_RS24180	364	False											False	0		False
Bfragilis	BF9343_RS08945	gnd	132	True	205.0	205.0	532	0	0	0	0	0	205	612	False	0		False
Bfragilis	BF9343_RS09005	umuD	229	False											False	0		False
Bfragilis	BF9343_RS09035	BF9343_RS09040	452	True	41.0	41.0	483	0	0	0	0	0	0	483	False	0		False
Bfragilis	BF9343_RS09105	wecB	84	True	41.0	41.0	0	0	0	0	0	0	0	0	False	0		False
Bfragilis	BF9343_RS09120	BF9343_RS09125	290	True	41.0	41.0	413	0	0	0	0	0	0	413	False	0		False
Bfragilis	BF9343_RS09155	BF9343_RS09160	88	True	49.0	88.7	549	0	0	81	0	0	49	571	False	0		False
Bfragilis	BF9343_RS09185	BF9343_RS09190	240	False											False	0		False
Bfragilis	BF9343_RS09285	BF9343_RS09290	470	True	41.0	41.0	400	0	0	0	0	0	0	400	False	0		False
Bfragilis	BF9343_RS09485	BF9343_RS09490	347	True	59.0	59.0	534	0	0	0	0	0	59	542	False	0		False
Bfragilis	BF9343_RS09505	dmpI	331	True	41.0	41.0	512	0	0	0	0	0	0	512	False	0		False
Bfragilis	BF9343_RS09560	ettA	116	False											False	0		False
Bfragilis	BF9343_RS09630	BF9343_RS23650	80	False											False	0		False
Bfragilis	BF9343_RS09660	BF9343_RS09665	163	True	41.0	41.0	729	0	0	0	0	0	0	729	False	0		False
Bfragilis	BF9343_RS09760	BF9343_RS09765	138	True	41.0	41.0	736	0	0	0	0	0	0	735	False	0		False
Bfragilis	BF9343_RS09785	lipB	65	True	41.0	41.0	750	0	0	0	0	0	0	749	False	0		False
Bfragilis	BF9343_RS09825	BF9343_RS09830	188	True	41.0	41.0	529	0	0	0	0	0	0	529	False	0		False
Bfragilis	BF9343_RS09870	recR	276	True	120.0	120.0	446	0	0	0	120	0	0	492	False	0		False
Bfragilis	BF9343_RS09895	BF9343_RS09900	172	False											False	0		False
Bfragilis	BF9343_RS09930	mobA	490	False											False	0		False
Bfragilis	BF9343_RS09970	BF9343_RS23945	106	False											False	0		False
Bfragilis	BF9343_RS09985	BF9343_RS09990	77	False											False	0		False
Bfragilis	BF9343_RS10175	BF9343_RS10180	326	True	41.0	41.0	469	0	0	0	0	0	0	469	False	0		False
Bfragilis	BF9343_RS10200	BF9343_RS10205	301	True	60.0	60.0	430	0	0	0	0	0	60	441	False	0		False
Bfragilis	BF9343_RS10210	BF9343_RS10215	156	True	41.0	41.0	539	0	0	0	0	0	0	539	False	0		False
Bfragilis	BF9343_RS10225	BF9343_RS10230	200	True	41.0	41.0	493	0	0	0	0	0	0	493	False	0		False
Bfragilis	BF9343_RS10270	BF9343_RS10275	251	True	41.0	41.0	452	0	0	0	0	0	0	452	False	0		False
Bfragilis	BF9343_RS10300	BF9343_RS10305	256	True	41.0	41.0	447	0	0	0	0	0	0	447	False	0		False
Bfragilis	BF9343_RS10325	BF9343_RS10330	187	True	41.0	41.0	502	0	0	0	0	0	0	502	False	0		False
Bfragilis	BF9343_RS10345	BF9343_RS10350	171	True	41.0	41.0	513	0	0	0	0	0	0	513	False	0		False
Bfragilis	BF9343_RS10380	BF9343_RS10385	254	True	41.0	41.0	484	0	0	0	0	0	0	484	False	0		False
Bfragilis	BF9343_RS10415	BF9343_RS10420	107	True	50.0	55.9	590	0	0	47	50	0	0	596	False	0		False
Bfragilis	BF9343_RS10450	BF9343_RS10455	107	True	41.0	41.0	743	0	0	0	0	0	0	742	False	0		False
Bfragilis	BF9343_RS10520	BF9343_RS10525	228	True	41.0	41.0	472	0	0	0	0	0	0	472	False	0		False
Bfragilis	BF9343_RS10560	BF9343_RS10565	113	True	585.0	585.0	576	0	184	0	0	0	585	844	False	0		False
Bfragilis	BF9343_RS10600	BF9343_RS10605	206	True	41.0	41.0	455	0	346	0	0	0	0	628	False	0		False
Bfragilis	BF9343_RS10610	BF9343_RS10615	168	True	41.0	41.0	522	0	0	0	0	0	0	522	False	0		False
Bfragilis	BF9343_RS10650	pyrB	431	True	41.0	41.0	0	0	0	0	0	0	0	0	False	0		False
Bfragilis	BF9343_RS10665	BF9343_RS10670	240	True	41.0	41.0	553	0	0	0	0	0	0	553	False	0		False
Bfragilis	BF9343_RS10690	BF9343_RS10695	336	True	41.0	41.0	364	0	0	0	0	0	0	364	False	0		False
Bfragilis	BF9343_RS10740	BF9343_RS10745	130	True	41.0	41.0	573	0	0	0	0	0	0	572	False	0		False
Bfragilis	BF9343_RS10850	BF9343_RS10855	129	False											False	0		False
Bfragilis	BF9343_RS10995	rrf	218	False											False	0		False
Bfragilis	BF9343_RS11015	BF9343_RS11020	140	False											False	0		False
Bfragilis	BF9343_RS11070	BF9343_RS11075	220	True	86.0	86.0	481	0	0	0	0	0	86	506	False	0		False
Bfragilis	BF9343_RS11120	thiD	341	True	41.0	41.0	433	0	0	0	0	0	0	432	False	0		False
Bfragilis	BF9343_RS11140	BF9343_RS11145	105	True	46.0	46.0	571	0	0	0	0	0	46	573	False	0		False
Bfragilis	BF9343_RS11170	BF9343_RS11175	259	False											False	0		False
Bfragilis	BF9343_RS11180	ileS	224	True	41.0	41.0	496	0	0	0	0	0	0	497	False	0		False
Bfragilis	BF9343_RS11210	BF9343_RS11215	370	True	41.0	41.0	330	0	0	0	0	0	0	330	False	0		False
Bfragilis	BF9343_RS11280	rfbC	158	True	41.0	41.0	0	0	0	0	0	0	0	0	False	0		False
Bfragilis	BF9343_RS11310	serB	271	True	41.0	41.0	674	0	0	0	0	0	0	674	False	0		False
Bfragilis	BF9343_RS11330	lon	184	True	41.0	41.0	723	0	0	0	0	0	0	723	False	0		False
Bfragilis	BF9343_RS11365	BF9343_RS11370	349	False											False	0		False
Bfragilis	BF9343_RS11510	BF9343_RS24115	209	False											False	0		False
Bfragilis	BF9343_RS11560	BF9343_RS11565	157	True	41.0	41.0	520	0	0	0	0	0	0	520	False	0		False
Bfragilis	BF9343_RS11590	BF9343_RS23735	185	False											False	0		False
Bfragilis	BF9343_RS11610	BF9343_RS11615	362	True	41.0	41.0	574	0	0	0	0	0	0	575	False	0		False
Bfragilis	BF9343_RS11670	spt	219	True	175.0	175.0	523	0	0	0	116	0	105	589	False	0		False
Bfragilis	BF9343_RS11695	BF9343_RS11700	94	True	41.0	41.0	745	0	0	0	0	0	0	745	False	0		False
Bfragilis	BF9343_RS11720	BF9343_RS11725	106	True	41.0	41.0	743	0	0	0	0	0	0	743	False	0		False
Bfragilis	BF9343_RS11750	BF9343_RS11755	64	True	41.0	41.0	750	0	0	0	0	0	0	749	False	0		False
Bfragilis	ligA	trmD	76	True	109.0	136.9	748	0	313	71	0	0	109	837	False	0		False
Bfragilis	BF9343_RS11800	BF9343_RS11805	299	True	41.0	41.0	410	0	0	0	0	0	0	410	False	0		False
Bfragilis	BF9343_RS11835	gyrA	391	True	106.0	133.0	624	0	0	70	0	0	106	660	False	0		False
Bfragilis	BF9343_RS11940	tsaD	32	True	41.0	41.0	717	0	0	0	0	0	0	717	False	0		False
Bfragilis	BF9343_RS11965	cobU	64	False											False	0		False
Bfragilis	BF9343_RS12190	BF9343_RS12195	121	True	262.0	262.0	739	0	0	0	0	0	262	799	False	0		False
Bfragilis	ppdK	rlmD	266	True	87.0	87.0	689	0	0	0	0	0	87	703	False	0		False
Bfragilis	BF9343_RS12335	BF9343_RS12340	69	True	74.0	74.0	611	0	0	0	0	0	74	624	False	0		False
Bfragilis	BF9343_RS12350	BF9343_RS12355	142	True	120.0	120.0	704	0	0	0	120	0	0	728	False	0		False
Bfragilis	dnaB	ispE	177	True	41.0	41.0	725	0	0	0	0	0	0	725	False	0		False
Bfragilis	BF9343_RS12530	BF9343_RS12535	383	True	41.0	41.0	627	0	0	0	0	0	0	627	False	0		False
Bfragilis	BF9343_RS12565	BF9343_RS12570	161	True	41.0	41.0	730	0	0	0	0	0	0	730	False	0		False
Bfragilis	BF9343_RS12590	uvrA	176	True	168.0	269.5	726	0	0	158	0	0	168	791	False	0		False
Bfragilis	BF9343_RS12620	uvrB	116	True	41.0	41.0	740	0	0	0	0	0	0	740	False	0		False
Bfragilis	BF9343_RS12680	BF9343_RS12685	331	True	41.0	41.0	447	0	0	0	0	0	0	447	False	0		False
Bfragilis	BF9343_RS23745	BF9343_RS24265	362	False											False	0		False
Bfragilis	BF9343_RS12745	BF9343_RS12750	170	True	41.0	41.0	512	0	0	0	0	0	0	512	False	0		False
Bfragilis	BF9343_RS12840	BF9343_RS12845	209	True	41.0	41.0	688	0	0	0	0	0	0	687	False	0		False
Bfragilis	BF9343_RS12985	BF9343_RS12990	253	True	89.0	138.4	695	0	0	93	0	0	89	726	False	0		False
Bfragilis	BF9343_RS13000	BF9343_RS13005	348	True	71.0	98.1	530	0	0	69	0	0	71	558	False	0		False
Bfragilis	BF9343_RS13040	BF9343_RS13045	314	True	41.0	41.0	505	0	0	0	0	0	0	505	False	0		False
Bfragilis	BF9343_RS13090	potA	137	True	41.0	68.0	589	0	0	68	0	0	0	600	False	0		False
Bfragilis	BF9343_RS13180	nagA	156	True	52.0	52.0	520	0	0	0	0	0	52	526	False	0		False
Bfragilis	BF9343_RS13230	rnpB	367	False											False	0		False
Bfragilis	BF9343_RS13270	pstC	323	True	824.0	934.8	658	0	773	645	0	800	156	994	False	0		False
Bfragilis	BF9343_RS13300	tpx	93	True	41.0	41.0	745	0	0	0	0	0	0	745	False	0		False
Bfragilis	BF9343_RS13310	mpi	234	True	61.0	100.2	575	0	0	81	0	0	61	601	False	0		False
Bfragilis	BF9343_RS13335	BF9343_RS13340	191	True	41.0	41.0	551	0	0	0	0	0	0	552	False	0		False
Bfragilis	BF9343_RS13355	BF9343_RS23750	283	False											False	0		False
Bfragilis	BF9343_RS13620	BF9343_RS13625	347	True	41.0	41.0	353	0	0	0	0	0	0	353	False	0		False
Bfragilis	BF9343_RS13645	BF9343_RS13650	129	True	41.0	41.0	738	0	0	0	0	0	0	737	False	0		False
Bfragilis	BF9343_RS13690	dnaN	152	True	114.0	214.7	732	0	0	150	0	0	114	780	False	0		False
Bfragilis	BF9343_RS13715	kbl	136	True	515.6	554.5	736	0	347	118	0	500	71	916	False	0		False
Bfragilis	BF9343_RS13785	BF9343_RS13790	207	True	41.0	41.0	488	0	0	0	0	0	0	488	False	0		False
Bfragilis	BF9343_RS13845	hisH	349	False											False	0		False
Bfragilis	BF9343_RS13855	BF9343_RS24190	130	False											False	0		False
Bfragilis	BF9343_RS13955	BF9343_RS13960	165	False											False	0		False
Bfragilis	BF9343_RS13970	rlmF	90	False											False	0		False
Bfragilis	BF9343_RS14000	BF9343_RS14005	85	True	41.0	41.0	550	0	0	0	0	0	0	550	False	0		False
Bfragilis	BF9343_RS14020	BF9343_RS14025	155	True	41.0	41.0	521	0	0	0	0	0	0	521	False	0		False
Bfragilis	BF9343_RS14090	BF9343_RS14095	323	True	41.0	41.0	378	0	0	0	0	0	0	378	False	0		False
Bfragilis	BF9343_RS14115	BF9343_RS14120	318	True	63.0	63.0	447	0	0	0	0	0	63	460	False	0		False
Bfragilis	BF9343_RS14195	mfd	192	True	41.0	41.0	721	0	156	0	0	0	0	754	False	0		False
Bfragilis	BF9343_RS14230	BF9343_RS14240	291	True	41.0	41.0	537	0	0	0	0	0	0	537	False	0		False
Bfragilis	BF9343_RS14245	BF9343_RS14255	288	True	41.0	41.0	547	0	0	0	0	0	0	547	False	0		False
Bfragilis	BF9343_RS14290	BF9343_RS14295	88	True	41.0	81.0	588	0	0	81	0	0	0	605	False	0		False
Bfragilis	BF9343_RS14385	BF9343_RS22895	230	True	41.0	41.0	470	0	0	0	0	0	0	470	False	0		False
Bfragilis	BF9343_RS14400	BF9343_RS14405	238	True	41.0	41.0	529	0	0	0	0	0	0	529	False	0		False
Bfragilis	BF9343_RS14430	trxA	174	True	41.0	41.0	0	0	0	0	0	0	0	0	False	0		False
Bfragilis	BF9343_RS14465	BF9343_RS14470	110	True	63.0	90.4	541	0	0	69	0	0	63	564	False	0		False
Bfragilis	BF9343_RS14515	BF9343_RS14520	121	True	41.0	41.0	543	0	0	0	0	0	0	544	False	0		False
Bfragilis	BF9343_RS14530	udk	101	True	41.0	41.0	719	0	0	0	0	0	0	719	False	0		False
Bfragilis	BF9343_RS14580	BF9343_RS14585	239	True	41.0	41.0	519	0	192	0	0	0	0	594	False	0		False
Bfragilis	BF9343_RS14615	rho	274	True	41.0	41.0	440	0	0	0	0	0	0	439	False	0		False
Bfragilis	BF9343_RS14720	BF9343_RS14725	147	False											False	0		False
Bfragilis	BF9343_RS14755	BF9343_RS14760	161	True	41.0	41.0	720	0	0	0	0	0	0	720	False	0		False
Bfragilis	BF9343_RS14795	BF9343_RS14800	414	True	41.0	53.0	69	0	312	53	0	0	0	340	False	0		False
Bfragilis	BF9343_RS14805	BF9343_RS14810	176	True	41.0	41.0	509	0	0	0	0	0	0	509	False	0		False
Bfragilis	BF9343_RS14825	gpmA	156	True	69.0	107.8	527	0	0	81	0	0	69	560	False	0		False
Bfragilis	BF9343_RS14875	BF9343_RS14880	113	False											False	0		False
Bfragilis	BF9343_RS14935	BF9343_RS14940	373	True	41.0	41.0	333	0	0	0	0	0	0	333	False	0		False
Bfragilis	BF9343_RS14990	BF9343_RS14995	117	True	41.0	41.0	594	0	0	0	0	0	0	594	False	0		False
Bfragilis	BF9343_RS15060	BF9343_RS15065	271	True	41.0	41.0	690	0	0	0	0	0	0	690	False	0		False
Bfragilis	BF9343_RS15095	BF9343_RS15100	315	True	58.0	58.0	386	0	358	0	0	0	58	596	False	0		False
Bfragilis	BF9343_RS15155	uvrA	169	True	41.0	41.0	0	0	0	0	0	0	0	0	False	0		False
Bfragilis	BF9343_RS15175	BF9343_RS15180	267	True	41.0	41.0	735	0	0	0	0	0	0	735	False	0		False
Bfragilis	BF9343_RS15310	BF9343_RS15315	197	True	41.0	41.0	710	0	770	0	0	0	0	930	False	0		False
Bfragilis	BF9343_RS15340	BF9343_RS15345	170	True	41.0	41.0	554	0	0	0	0	0	0	555	False	0		False
Bfragilis	BF9343_RS15360	BF9343_RS15365	189	True	41.0	41.0	501	0	0	0	0	0	0	501	False	0		False
Bfragilis	BF9343_RS15450	BF9343_RS15455	133	True	41.0	41.0	737	0	0	0	0	0	0	738	False	0		False
Bfragilis	BF9343_RS15460	BF9343_RS15465	240	True	41.0	41.0	475	0	0	0	0	0	0	475	False	0		False
Bfragilis	BF9343_RS15560	BF9343_RS15565	302	True	41.0	41.0	400	0	0	0	0	0	0	400	False	0		False
Bfragilis	BF9343_RS15580	hisS	95	True	41.0	41.0	581	0	0	0	0	0	0	581	False	0		False
Bfragilis	BF9343_RS15605	BF9343_RS15610	95	True	41.0	41.0	563	0	0	0	0	0	0	563	False	0		False
Bfragilis	BF9343_RS15625	recQ	233	True	41.0	41.0	709	0	0	0	0	0	0	709	False	0		False
Bfragilis	BF9343_RS15645	cysK	90	True	41.0	41.0	540	0	0	0	0	0	0	540	False	0		False
Bfragilis	BF9343_RS15815	BF9343_RS15820	342	False											False	0		False
Bfragilis	BF9343_RS15910	BF9343_RS15915	112	True	41.0	41.0	554	0	153	0	0	0	0	606	False	0		False
Bfragilis	BF9343_RS15925	BF9343_RS15930	219	True	41.0	41.0	479	0	493	0	0	0	0	725	False	0		False
Bfragilis	BF9343_RS15965	BF9343_RS15970	308	True	41.0	41.0	394	0	0	0	0	0	0	394	False	0		False
Bfragilis	BF9343_RS16055	BF9343_RS16060	297	True	41.0	41.0	406	0	0	0	0	0	0	406	False	0		False
Bfragilis	BF9343_RS16070	pncB	229	True	41.0	41.0	471	0	0	0	0	0	0	471	False	0		False
Bfragilis	BF9343_RS16105	BF9343_RS16110	396	True	41.0	41.0	535	0	0	0	0	0	0	535	False	0		False
Bfragilis	BF9343_RS16120	BF9343_RS16125	177	True	41.0	41.0	501	0	0	0	0	0	0	501	False	0		False
Bfragilis	BF9343_RS16130	BF9343_RS16135	150	False											False	0		False
Bfragilis	BF9343_RS16150	BF9343_RS16155	169	True	41.0	41.0	727	0	0	0	0	0	0	727	False	0		False
Bfragilis	BF9343_RS16165	BF9343_RS16170	156	True	41.0	41.0	520	0	0	0	0	0	0	520	False	0		False
Bfragilis	BF9343_RS16205	BF9343_RS16210	188	True	41.0	41.0	501	0	0	0	0	0	0	501	False	0		False
Bfragilis	BF9343_RS16240	BF9343_RS16245	136	True	41.0	41.0	556	0	0	0	0	0	0	556	False	0		False
Bfragilis	BF9343_RS16260	BF9343_RS16265	224	True	41.0	41.0	523	0	0	0	0	0	0	524	False	0		False
Bfragilis	BF9343_RS16280	msrB	171	True	41.0	41.0	563	0	0	0	0	0	0	563	False	0		False
Bfragilis	BF9343_RS16290	BF9343_RS16295	148	True	41.0	41.0	733	0	0	0	0	0	0	733	False	0		False
Bfragilis	BF9343_RS16320	BF9343_RS16325	106	True	562.0	562.0	710	0	0	0	0	0	562	867	False	0		False
Bfragilis	BF9343_RS16360	BF9343_RS16365	190	True	41.0	41.0	500	0	204	0	0	0	0	585	False	0		False
Bfragilis	BF9343_RS16405	queD	116	True	41.0	41.0	740	0	0	0	0	0	0	740	False	0		False
Bfragilis	BF9343_RS16410	BF9343_RS16415	152	True	41.0	41.0	539	0	0	0	0	0	0	540	False	0		False
Bfragilis	BF9343_RS16440	BF9343_RS16445	339	True	41.0	41.0	361	0	0	0	0	0	0	361	False	0		False
Bfragilis	BF9343_RS16510	BF9343_RS16515	199	True	41.0	41.0	501	0	0	0	0	0	0	501	False	0		False
Bfragilis	BF9343_RS16575	gdhA	414	True	107.0	107.0	421	0	0	0	0	0	107	461	False	0		False
Bfragilis	BF9343_RS16605	BF9343_RS16610	172	True	41.0	41.0	727	0	0	0	0	0	0	727	False	0		False
Bfragilis	BF9343_RS16750	BF9343_RS16755	267	True	41.0	41.0	458	0	0	0	0	0	0	458	False	0		False
Bfragilis	BF9343_RS16765	BF9343_RS16770	72	True	41.0	41.0	0	0	0	0	0	0	0	0	False	0		False
Bfragilis	BF9343_RS16795	ruvA	158	True	41.0	41.0	731	0	0	0	0	0	0	730	False	0		False
Bfragilis	BF9343_RS16830	phnX	196	True	41.0	41.0	496	0	0	0	0	0	0	496	False	0		False
Bfragilis	BF9343_RS16890	BF9343_RS16895	99	True	41.0	41.0	744	0	0	0	0	0	0	744	False	0		False
Bfragilis	BF9343_RS16910	BF9343_RS16915	56	True	78.0	78.0	605	0	0	0	0	0	78	620	False	0		False
Bfragilis	BF9343_RS16925	BF9343_RS16930	109	True	98.3	98.3	589	0	0	0	56	0	84	613	False	0		False
Bfragilis	BF9343_RS17010	BF9343_RS17015	150	True	41.0	41.0	732	0	0	0	0	0	0	732	False	0		False
Bfragilis	BF9343_RS17060	cmk	155	True	41.0	41.0	542	0	0	0	0	0	0	542	False	0		False
Bfragilis	BF9343_RS17105	BF9343_RS17110	258	True	41.0	41.0	503	0	0	0	0	0	0	503	False	0		False
Bfragilis	BF9343_RS17175	BF9343_RS17180	327	True	41.0	41.0	374	0	0	0	0	0	0	374	False	0		False
Bfragilis	BF9343_RS17190	BF9343_RS17195	175	True	41.0	41.0	536	0	0	0	0	0	0	536	False	0		False
Bfragilis	BF9343_RS17280	aroC	260	True	41.0	41.0	444	0	0	0	0	0	0	444	False	0		False
Bfragilis	BF9343_RS17315	BF9343_RS17320	126	True	41.0	41.0	534	0	0	0	0	0	0	534	False	0		False
Bfragilis	BF9343_RS17335	mutA	248	True	41.0	41.0	512	0	0	0	0	0	0	512	False	0		False
Bfragilis	BF9343_RS17340	BF9343_RS17345	165	True	41.0	41.0	533	33	0	0	0	0	0	533	False	0		False
Bfragilis	BF9343_RS17365	lysS	107	True	41.0	41.0	578	0	0	0	0	0	0	578	False	0		False
Bfragilis	BF9343_RS17385	BF9343_RS17390	97	True	41.0	41.0	744	0	0	0	0	0	0	744	False	0		False
Bfragilis	BF9343_RS17395	asnA	219	False											False	0		False
Bfragilis	BF9343_RS17415	BF9343_RS17420	435	True	41.0	41.0	0	0	0	0	0	0	0	0	False	0		False
Bfragilis	BF9343_RS17435	BF9343_RS17440	107	True	41.0	41.0	719	0	0	0	0	0	0	718	False	0		False
Bfragilis	BF9343_RS17455	BF9343_RS17460	284	True	70.0	70.0	413	0	0	0	0	0	70	430	False	0		False
Bfragilis	BF9343_RS17510	mtaB	428	True	41.0	41.0	483	0	0	0	0	0	0	483	False	0		False
Bfragilis	BF9343_RS17535	rpsF	161	True	41.0	68.0	730	0	0	68	0	0	0	737	False	0		False
Bfragilis	BF9343_RS17635	BF9343_RS17640	80	True	41.0	41.0	747	0	0	0	0	0	0	747	False	0		False
Bfragilis	BF9343_RS17655	BF9343_RS17660	179	True	41.0	41.0	507	0	0	0	0	0	0	507	False	0		False
Bfragilis	BF9343_RS17745	BF9343_RS17750	79	True	41.0	41.0	748	0	0	0	0	0	0	747	False	0		False
Bfragilis	BF9343_RS17875	recJ	198	True	160.0	160.0	562	0	0	0	0	0	160	616	False	0		False
Bfragilis	BF9343_RS17925	BF9343_RS17930	467	True	41.0	41.0	350	0	0	0	0	0	0	350	False	0		False
Bfragilis	BF9343_RS18055	BF9343_RS18060	132	True	41.0	41.0	737	0	0	0	0	0	0	737	False	0		False
Bfragilis	BF9343_RS18095	BF9343_RS18100	307	False											False	0		False
Bfragilis	BF9343_RS18150	mdh	186	True	41.0	85.0	722	0	0	85	0	0	0	735	False	0		False
Bfragilis	BF9343_RS18285	BF9343_RS18290	176	True	41.0	41.0	723	0	0	0	0	0	0	723	False	0		False
Bfragilis	BF9343_RS23200	rplM	18	True	41.0	41.0	590	0	0	0	0	0	0	590	False	0		False
Bfragilis	BF9343_RS18365	yaaA	121	True	41.0	41.0	539	0	0	0	0	0	0	539	False	0		False
Bfragilis	carB	trpS	323	True	125.2	125.2	141	0	0	0	94	0	74	216	False	0		False
Bfragilis	BF9343_RS18765	BF9343_RS18770	187	False											False	0		False
Bfragilis	BF9343_RS18845	lptB	75	True	360.0	360.0	748	0	559	0	0	360	0	922	False	0		False
Bfragilis	BF9343_RS19005	BF9343_RS19010	93	True	41.0	41.0	592	0	0	0	0	0	0	592	False	0		False
Bfragilis	BF9343_RS19030	BF9343_RS19035	238	False											False	0		False
Bfragilis	BF9343_RS19450	BF9343_RS19455	191	True	41.0	41.0	500	0	0	0	0	0	0	501	False	0		False
Bfragilis	BF9343_RS19550	rpsU	173	True	41.0	81.0	727	0	0	81	0	0	0	738	False	0		False
Bfragilis	BF9343_RS19570	gltX	94	True	41.0	41.0	745	0	0	0	0	0	0	745	False	0		False
Bfragilis	BF9343_RS19590	BF9343_RS23820	385	False											False	0		False
Bfragilis	BF9343_RS19605	aspA	319	True	177.0	471.4	447	0	199	384	0	0	177	745	False	0		False
Bfragilis	BF9343_RS19625	BF9343_RS24275	270	False											False	0		False
Bfragilis	BF9343_RS19685	istA	230	True	41.0	41.0	470	0	0	0	0	0	0	470	False	0		False
Bfragilis	BF9343_RS19850	BF9343_RS19855	102	True	41.0	41.0	592	0	0	0	0	0	0	591	False	0		False
Bfragilis	BF9343_RS19875	BF9343_RS19880	175	True	41.0	41.0	509	0	0	0	0	0	0	509	False	0		False
Bfragilis	BF9343_RS19885	BF9343_RS19890	242	True	41.0	41.0	0	0	0	0	0	0	0	0	False	0		False
Bfragilis	BF9343_RS19975	BF9343_RS19980	8	True	585.0	591.1	612	0	0	55	0	0	585	834	False	0		False
Bfragilis	BF9343_RS19990	BF9343_RS19995	370	True	110.0	159.2	332	0	0	94	110	0	0	414	False	0		False
Bfragilis	BF9343_RS20065	BF9343_RS20070	156	False											False	0		False
Bfragilis	BF9343_RS20085	pnp	196	True	78.0	78.0	719	0	0	0	0	0	78	730	False	0		False
Bfragilis	BF9343_RS20135	BF9343_RS20140	182	True	41.0	41.0	520	0	0	0	0	0	0	520	False	0		False
Bfragilis	BF9343_RS20190	rd	134	True	93.0	121.4	588	0	0	71	0	0	93	622	False	0		False
Bfragilis	BF9343_RS20200	BF9343_RS20205	83	True	41.0	41.0	747	0	0	0	0	0	0	747	False	0		False
Bfragilis	BF9343_RS20235	rpoN	264	True	41.0	41.0	679	0	0	0	0	0	0	679	False	0		False
Bfragilis	BF9343_RS20310	BF9343_RS20315	82	False											False	0		False
Bfragilis	BF9343_RS20345	BF9343_RS20350	319	True	65.0	65.0	392	0	162	0	0	0	65	482	False	0		False
Bfragilis	BF9343_RS20390	BF9343_RS20395	123	True	41.0	41.0	544	0	0	0	0	0	0	544	False	0		False
Bfragilis	BF9343_RS20455	BF9343_RS20460	229	False											False	0		False
Bfragilis	BF9343_RS20515	BF9343_RS24130	25	False											False	0		False
Bfragilis	BF9343_RS20550	BF9343_RS20555	247	True	41.0	67.0	698	0	0	67	0	0	0	706	False	0		False
Bfragilis	BF9343_RS20610	BF9343_RS20615	381	True	41.0	41.0	504	0	284	0	0	0	0	630	False	0		False
Bfragilis	pckA	upp	264	True	41.0	41.0	690	0	0	0	0	0	0	690	False	0		False
Bfragilis	BF9343_RS20695	BF9343_RS20700	37	True	41.0	41.0	564	0	0	0	0	0	0	564	False	0		False
Bfragilis	rpsO	typA	155	True	41.0	179.0	732	0	251	179	0	0	0	820	False	0		False
Bfragilis	BF9343_RS20740	ahcY	186	True	113.9	113.9	580	0	0	0	95	0	61	612	False	0		False
Bfragilis	BF9343_RS20775	BF9343_RS20780	129	True	111.0	198.1	523	0	339	135	111	0	0	725	False	0		False
Bfragilis	aroQ	xerD	73	True	41.0	41.0	748	0	0	0	0	0	0	748	False	0		False
Bfragilis	BF9343_RS20865	BF9343_RS23475	472	True	41.0	41.0	0	0	0	0	0	0	0	0	False	0		False
Bfragilis	BF9343_RS20880	BF9343_RS20885	75	True	41.0	41.0	475	0	0	0	0	0	0	475	False	0		False
Bfragilis	BF9343_RS20935	wecC	104	True	62.0	150.0	96	0	0	131	0	0	62	198	False	0		False
Bfragilis	BF9343_RS20945	BF9343_RS20950	466	True	41.0	41.0	483	0	0	0	0	0	0	483	False	0		False
Bfragilis	BF9343_RS21075	BF9343_RS21080	229	True	41.0	41.0	539	0	0	0	0	0	0	539	False	0		False
Bfragilis	BF9343_RS21090	BF9343_RS21095	126	True	41.0	41.0	738	0	0	0	0	0	0	738	False	0		False
Bfragilis	BF9343_RS21120	BF9343_RS21125	115	True	41.0	41.0	741	0	0	0	0	0	0	741	False	0		False
Bfragilis	BF9343_RS21195	dusB	94	True	41.0	41.0	602	0	0	0	0	0	0	601	False	0		False
Bfragilis	BF9343_RS21215	rnr	103	True	41.0	67.0	743	0	160	67	0	0	0	781	False	0		False
Bfragilis	BF9343_RS21250	BF9343_RS21255	172	True	41.0	41.0	511	0	0	0	0	0	0	511	False	0		False
Bfragilis	BF9343_RS21460	BF9343_RS21465	40	False											False	0		False
Bsubtilis	guaB	yaaC	120	True	111.0	124.9	595	0	0	56	0	0	111	631	False	0		False
Bsubtilis	tadA	yaaI	85	True	41.0	41.0	611	0	0	0	0	0	0	610	False	0		False
Bsubtilis	abrB	metS	494	True	41.0	51.0	220	0	0	51	0	0	0	228	False	0		False
Bsubtilis	gerD	kbaA	109	True	41.0	48.0	603	0	306	48	0	0	0	715	False	0		False
Bsubtilis	pdaB	rrnI-16S	349	False											False	0		False
Bsubtilis	trnSL-Glu2	ybbK	179	False											False	0		False
Bsubtilis	adaA	alkA	270	True	926.0	932.0	475	899	467	119	0	0	926	997	False	0		False
Bsubtilis	ybdN	ybdO	131	True	41.0	166.0	535	0	0	166	0	0	0	596	False	0		False
Bsubtilis	cypC	ybxI	172	True	41.0	41.0	511	0	0	0	0	0	0	511	False	0		False
Bsubtilis	ybeC	ybyB	268	True	41.0	41.0	436	0	0	0	0	0	0	436	False	0		False
Bsubtilis	glpT	ybeF	296	True	41.0	45.0	407	0	0	45	0	0	0	409	False	0		False
Bsubtilis	purT	ybfI	230	True	41.0	47.0	470	0	0	47	0	0	0	474	True	5	6269	True
Bsubtilis	gamA	gamR	218	True	830.0	864.9	503	0	0	238	0	0	830	930	False	0		False
Bsubtilis	glnJ	glsA	301	True	855.3	855.3	403	0	0	0	0	81	849	910	False	0		False
Bsubtilis	cwlJ	ycbP	313	True	41.0	41.0	390	0	0	0	0	0	0	390	False	0		False
Bsubtilis	pcp	ycbU	78	True	41.0	56.0	552	0	0	56	0	0	0	559	False	0		False
Bsubtilis	ansZ	lmrA	216	True	175.0	175.0	482	0	0	0	0	0	175	554	False	0		False
Bsubtilis	yccF	yczC	234	True	41.0	41.0	467	0	0	0	0	0	0	467	False	0		False
Bsubtilis	natA	natR	143	True	41.0	47.0	578	0	156	47	0	0	0	630	False	0		False
Bsubtilis	BSU_02785	ycdB	173	False											False	0		False
Bsubtilis	cwlK	rapJ	122	True	41.0	41.0	536	0	0	0	0	0	0	536	False	0		False
Bsubtilis	yceB	yceC	283	True	41.0	51.0	420	0	0	51	0	0	0	427	False	0		False
Bsubtilis	opuAA	yceK	289	True	41.0	41.0	414	0	0	0	0	0	0	414	False	0		False
Bsubtilis	amhX	ycgA	149	True	41.0	541.0	543	0	0	541	0	0	0	781	False	0		False
Bsubtilis	mdr	ycgE	112	True	41.0	96.0	565	0	0	96	0	0	0	590	False	0		False
Bsubtilis	ycgH	ycgI	129	True	41.0	284.0	533	0	0	284	0	0	0	651	False	0		False
Bsubtilis	aroK	tmrB	275	True	485.0	493.1	451	0	0	56	0	0	485	709	True	1	2498	False
Bsubtilis	ycgJ	ycgK	117	True	41.0	176.0	538	0	0	176	0	0	0	603	False	0		False
Bsubtilis	ffoR	ycgS	161	True	41.0	47.0	517	0	0	47	0	0	0	520	False	0		False
Bsubtilis	nasA	nasB	179	True	938.2	959.2	528	0	731	368	0	900	407	994	False	0		False
Bsubtilis	BSU_03385	yckB	161	False											False	0		False
Bsubtilis	hxlA	hxlR	233	True	701.0	702.2	540	0	0	45	0	0	701	857	False	0		False
Bsubtilis	ycxC	ycxD	123	True	979.0	979.7	537	0	490	71	0	0	979	994	False	0		False
Bsubtilis	bsdA	ubiX	89	True	193.0	198.0	548	0	0	47	0	0	193	622	False	0		False
Bsubtilis	dtpT	yclG	279	True	41.0	41.0	445	0	0	0	0	0	0	444	False	0		False
Bsubtilis	gerKA	yczF	125	True	41.0	189.0	535	0	0	189	0	0	0	606	False	0		False
Bsubtilis	yclI	yclJ	212	True	41.0	56.0	498	0	0	56	0	0	0	505	False	0		False
Bsubtilis	pbtN	thrD	384	True	41.0	47.0	317	0	0	47	0	0	0	322	False	0		False
Bsubtilis	ycnE	yczG	139	True	41.0	125.0	544	0	0	125	0	0	0	584	False	0		False
Bsubtilis	gabR	gabT	106	True	981.0	982.2	558	0	180	100	0	0	981	993	False	0		False
Bsubtilis	cutR	ycnL	164	True	912.0	912.6	516	0	0	47	0	0	912	955	False	0		False
Bsubtilis	ycsD	yczH	85	True	41.0	175.0	550	0	0	175	0	0	0	613	False	0		False
Bsubtilis	ribZ	yczO	132	True	41.0	41.0	532	0	0	0	0	0	0	532	False	0		False
Bsubtilis	pbpC	yczJ	150	True	41.0	215.0	523	0	0	215	0	0	0	610	False	0		False
Bsubtilis	ydaC	ydaD	206	True	249.3	341.7	489	0	0	159	99	0	201	649	False	0		False
Bsubtilis	amj	bsrC	133	False											False	0		False
Bsubtilis	lrpC	ydzA	184	True	475.0	475.0	504	0	0	0	0	0	475	728	False	0		False
Bsubtilis	ydaT	ydbA	117	True	41.0	41.0	538	0	0	0	0	0	0	538	False	0		False
Bsubtilis	dctB	dctS	69	True	960.0	960.6	579	0	553	56	0	0	960	991	False	0		False
Bsubtilis	fbpA	ydbO	246	True	41.0	41.0	457	0	0	0	0	0	0	457	False	0		False
Bsubtilis	ddlA	ydbP	174	True	183.0	183.0	549	0	0	0	0	0	183	616	False	0		False
Bsubtilis	acpS	ydcA	94	True	41.0	41.0	608	0	0	0	0	0	0	608	False	0		False
Bsubtilis	cmpA	ydcK	103	False											False	0		False
Bsubtilis	immR	xis	273	True	944.0	959.4	438	0	0	304	0	0	944	976	False	0		False
Bsubtilis	BSU_04849	sncO	115	False											False	0		False
Bsubtilis	rapI	yddK	339	True	758.0	819.1	361	0	0	283	0	0	758	879	False	0		False
Bsubtilis	lrpA	yddN	259	True	41.0	151.0	444	0	0	151	0	0	0	508	False	0		False
Bsubtilis	lrpB	yddQ	114	True	41.0	89.0	570	0	158	89	0	0	0	641	False	0		False
Bsubtilis	ydeC	ydeD	112	True	105.0	243.1	599	0	220	189	0	0	105	742	False	0		False
Bsubtilis	ydeE	ydeF	226	True	41.0	146.0	474	0	184	146	0	0	0	601	False	0		False
Bsubtilis	ydeK	ydeL	154	True	41.0	62.0	536	0	0	62	0	0	0	547	False	0		False
Bsubtilis	ydeO	ydzF	254	True	41.0	70.0	449	0	0	70	0	0	0	466	False	0		False
Bsubtilis	ydeP	ydeQ	110	True	759.0	766.3	548	0	0	70	0	0	759	889	False	0		False
Bsubtilis	ydeR	ydeS	203	True	41.0	47.0	512	0	210	47	0	0	0	600	False	0		False
Bsubtilis	ydfC	ydfD	132	True	47.0	184.1	552	0	319	179	0	0	47	729	False	0		False
Bsubtilis	ydfE	ydfF	89	True	919.0	919.7	609	0	693	49	0	0	919	989	False	0		False
Bsubtilis	ydfH	ydzQ	267	True	41.0	41.0	437	0	0	0	0	0	0	437	False	0		False
Bsubtilis	mneP	ydfN	475	True	41.0	41.0	0	0	0	0	0	0	0	0	False	0		False
Bsubtilis	ydfR	ydfS	112	True	41.0	309.0	540	0	304	309	0	0	0	759	False	0		False
Bsubtilis	ydgB	ydgC	298	True	41.0	41.0	405	0	0	0	0	0	0	405	False	0		False
Bsubtilis	dinB	ydgG	168	True	260.0	260.0	514	0	0	0	0	0	260	624	False	0		False
Bsubtilis	ydgJ	ydgK	310	True	41.0	71.0	392	0	151	71	0	0	0	478	False	0		False
Bsubtilis	ydhB	ydhC	248	True	41.0	61.0	469	0	0	61	0	0	0	480	False	0		False
Bsubtilis	fra	phoB	361	True	41.0	41.0	339	0	0	0	0	0	0	339	False	0		False
Bsubtilis	ydhI	ydhJ	82	True	41.0	47.0	552	0	0	47	0	0	0	554	False	0		False
Bsubtilis	aswA	gmuB	175	False											False	0		False
Bsubtilis	moaC	ydiF	125	True	115.0	187.0	569	200	0	119	0	0	115	695	False	0		False
Bsubtilis	groES	ydiL	238	True	170.0	183.8	536	0	0	57	0	0	170	605	False	0		False
Bsubtilis	gutB	gutR	201	True	854.5	857.8	499	0	206	63	94	0	846	938	False	0		False
Bsubtilis	bdhA	walM	438	True	41.0	41.0	0	0	0	0	0	0	0	0	False	0		False
Bsubtilis	mneS	ydzX	72	True	41.0	41.0	554	0	0	0	0	0	0	554	False	0		False
Bsubtilis	yecA	yezC	143	True	41.0	62.0	527	0	0	62	0	0	0	537	False	0		False
Bsubtilis	yerA	yezF	128	True	41.0	41.0	567	0	0	0	0	0	0	567	False	0		False
Bsubtilis	pcrB	yerD	264	True	41.0	68.0	440	0	0	68	0	0	0	455	False	0		False
Bsubtilis	gatC	opuE	413	True	41.0	41.0	0	0	0	0	0	0	0	0	False	0		False
Bsubtilis	srfP	yerO	131	True	77.0	199.2	566	0	0	168	0	0	77	638	False	0		False
Bsubtilis	yeeF	yeeG	211	True	41.0	45.0	485	0	0	45	0	0	0	488	False	0		False
Bsubtilis	flvL	flvM	162	True	920.0	924.3	517	0	0	93	0	0	920	961	False	0		False
Bsubtilis	cypD	yetN	149	True	41.0	45.0	524	0	0	45	0	0	0	526	False	0		False
Bsubtilis	mtrA	vdhT	249	True	41.0	52.0	454	0	0	52	0	0	0	460	False	0		False
Bsubtilis	ettM	yfmL	172	True	144.8	212.6	523	6	245	117	121	0	67	692	False	0		False
Bsubtilis	yfmG	yfmI	335	True	41.0	290.0	367	0	0	290	0	0	0	531	False	0		False
Bsubtilis	yflT	yfmB	243	True	41.0	47.0	498	0	0	47	0	0	0	502	False	0		False
Bsubtilis	acyP	yflK	66	True	41.0	41.0	570	0	0	0	0	0	0	570	False	0		False
Bsubtilis	mapB	nagP	171	True	339.0	339.0	512	0	0	0	0	0	339	663	False	0		False
Bsubtilis	ltaSB	yflD	100	True	41.0	41.0	545	0	0	0	0	0	0	545	False	0		False
Bsubtilis	treP	yfkQ	192	True	41.0	47.0	499	0	0	47	0	0	0	502	False	0		False
Bsubtilis	sufLB	yfkN	242	True	41.0	41.0	474	0	0	0	0	0	0	474	False	0		False
Bsubtilis	yfkJ	yfkK	202	True	41.0	41.0	560	0	0	0	0	0	0	560	False	0		False
Bsubtilis	chaA	yfkF	167	True	41.0	43.0	579	0	0	43	0	0	0	580	False	0		False
Bsubtilis	yfjT	yfkA	144	True	41.0	45.0	590	0	0	45	0	0	0	591	False	0		False
Bsubtilis	yfjP	yfjQ	118	True	41.0	41.0	558	0	0	0	0	0	0	557	False	0		False
Bsubtilis	malA	yfjA	335	True	41.0	41.0	365	0	0	0	0	0	0	365	False	0		False
Bsubtilis	estB	padR	272	True	41.0	41.0	432	0	0	0	0	0	0	432	False	0		False
Bsubtilis	bstA	yfiS	123	True	848.0	849.3	536	0	0	49	0	0	848	927	False	0		False
Bsubtilis	mprF	yfiV	171	True	139.0	139.0	512	0	0	0	0	0	139	562	False	0		False
Bsubtilis	sxzY	sxzZ	130	True	939.4	980.0	551	0	636	684	245	0	923	996	False	0		False
Bsubtilis	recX	yfhF	88	True	65.0	65.0	610	0	0	0	0	0	65	619	False	0		False
Bsubtilis	sspK	yfhJ	124	True	41.0	41.0	598	0	0	0	0	0	0	598	False	0		False
Bsubtilis	mutY	yfhP	215	True	338.0	338.0	552	0	0	0	0	0	338	691	False	0		False
Bsubtilis	fabL	yfhS	81	True	848.0	848.0	611	0	0	0	0	0	848	938	False	0		False
Bsubtilis	bcp	gsaB	152	True	41.0	47.0	586	0	0	47	0	0	0	589	False	0		False
Bsubtilis	ygxA	ygzB	207	True	41.0	51.0	557	0	172	51	0	0	0	622	False	0		False
Bsubtilis	spo0M	ygzA	141	True	482.0	485.2	527	0	0	47	0	0	482	746	False	0		False
Bsubtilis	ygaJ	ygzC	41	True	41.0	41.0	563	0	0	0	0	0	0	563	False	0		False
Bsubtilis	senS	ygaK	250	True	41.0	54.0	471	0	0	54	0	0	0	478	False	0		False
Bsubtilis	katA	ssuB	407	True	41.0	41.0	0	0	0	0	0	0	0	0	False	0		False
Bsubtilis	trnSL-Gly1	ygzD	193	False											False	0		False
Bsubtilis	queG	yhzB	82	True	41.0	45.0	611	0	0	45	0	0	0	613	False	0		False
Bsubtilis	cspB	yhcJ	435	True	426.0	455.3	52	0	0	90	0	0	426	461	False	0		False
Bsubtilis	dgcK	tcyP	172	True	41.0	45.0	511	0	0	45	0	0	0	513	False	0		False
Bsubtilis	yhcM	yhcN	149	True	41.0	120.0	524	0	0	120	0	0	0	563	False	0		False
Bsubtilis	mncR	yhcQ	82	True	41.0	41.0	551	0	206	0	0	0	0	628	False	0		False
Bsubtilis	yhcT	yhcU	110	True	41.0	45.0	603	0	0	45	0	0	0	604	False	0		False
Bsubtilis	yhdB	yhdC	200	True	41.0	47.0	517	0	0	47	0	0	0	520	False	0		False
Bsubtilis	spoVR	ygxB	30	True	41.0	41.0	565	0	0	0	0	0	0	565	False	0		False
Bsubtilis	citA	citR	108	True	422.0	425.6	574	0	0	47	0	0	422	745	False	0		False
Bsubtilis	yhdI	yhdJ	109	True	41.0	41.0	563	0	0	0	0	0	0	563	False	0		False
Bsubtilis	akrN	sigM	196	True	41.0	41.0	496	0	0	0	0	0	0	496	False	0		False
Bsubtilis	cueR	yhdR	156	True	41.0	45.0	520	0	0	45	0	0	0	522	False	0		False
Bsubtilis	yhdW	yhdX	233	True	41.0	41.0	468	0	0	0	0	0	0	468	False	0		False
Bsubtilis	dat	yheN	284	True	41.0	41.0	426	0	0	0	0	0	0	426	False	0		False
Bsubtilis	bmrB	nhaX	163	True	41.0	41.0	516	0	0	0	0	0	0	516	False	0		False
Bsubtilis	spaC	yheB	266	True	41.0	41.0	512	0	0	0	0	0	0	512	False	0		False
Bsubtilis	yhaX	yhaZ	485	True	41.0	41.0	0	0	0	0	0	0	0	0	False	0		False
Bsubtilis	khtS	yhaR	164	True	41.0	41.0	516	0	0	0	0	0	0	516	False	0		False
Bsubtilis	yhaQ	yhzD	126	True	41.0	41.0	597	0	0	0	0	0	0	597	False	0		False
Bsubtilis	prsA	sscA	159	True	310.0	310.0	518	0	0	0	0	0	310	653	False	0		False
Bsubtilis	yhaI	yhaJ	207	True	41.0	45.0	557	0	0	45	0	0	0	559	False	0		False
Bsubtilis	yhaH	yhzF	129	True	41.0	41.0	547	0	0	0	0	0	0	547	False	0		False
Bsubtilis	ecsA	hinT	487	True	41.0	139.0	171	0	232	139	0	0	0	403	False	0		False
Bsubtilis	hmoB	pbpF	121	True	41.0	41.0	536	0	0	0	0	0	0	536	False	0		False
Bsubtilis	fabHB	yhfC	126	True	685.0	689.9	534	0	0	56	0	0	685	849	False	0		False
Bsubtilis	yhfH	yhfI	151	True	41.0	41.0	581	0	0	0	0	0	0	580	False	0		False
Bsubtilis	yhfM	yhfN	148	True	41.0	66.0	528	0	0	66	0	0	0	541	False	0		False
Bsubtilis	aprE	yhfO	434	True	41.0	41.0	0	0	0	0	0	0	0	0	False	0		False
Bsubtilis	yhfW	yhxC	111	True	730.1	762.5	540	0	315	156	99	50	710	918	False	0		False
Bsubtilis	comK	yhzC	292	True	41.0	46.0	491	0	0	46	0	0	0	493	False	0		False
Bsubtilis	yhjA	yhxD	216	True	41.0	41.0	482	0	0	0	0	0	0	482	False	0		False
Bsubtilis	yhjD	yhjE	151	True	41.0	41.0	584	0	0	0	0	0	0	584	False	0		False
Bsubtilis	ntdA	ntdR	103	True	41.0	55.0	543	0	0	55	0	0	0	550	False	0		False
Bsubtilis	yhjO	yhjP	113	True	41.0	45.0	540	0	0	45	0	0	0	541	False	0		False
Bsubtilis	addB	yhjR	183	True	41.0	41.0	505	0	0	0	0	0	0	505	False	0		False
Bsubtilis	mblK	yisJ	154	True	41.0	41.0	521	0	0	0	0	0	0	521	False	0		False
Bsubtilis	asnO	yisN	145	True	41.0	56.0	553	0	0	56	0	0	0	559	False	0		False
Bsubtilis	farP	yizA	231	True	173.0	173.0	470	0	0	0	0	0	173	543	False	0		False
Bsubtilis	yisQ	yisR	123	True	848.0	848.0	594	0	248	0	0	0	848	949	False	0		False
Bsubtilis	yisU	yisV	66	True	41.0	55.0	572	0	297	55	0	0	0	690	False	0		False
Bsubtilis	yisX	yisY	205	True	41.0	41.0	491	0	0	0	0	0	0	490	False	0		False
Bsubtilis	slpH	yitB	184	True	207.0	703.1	504	0	0	641	0	0	207	846	False	0		False
Bsubtilis	yitK	yitL	98	True	41.0	51.0	606	0	0	51	0	0	0	610	False	0		False
Bsubtilis	yitP	yizB	177	True	482.0	482.0	508	0	0	0	0	0	482	734	False	0		False
Bsubtilis	fakBB	yitT	137	True	41.0	41.0	592	0	0	0	0	0	0	593	False	0		False
Bsubtilis	ribZC	yitV	120	True	41.0	73.0	599	0	0	73	0	0	0	612	False	0		False
Bsubtilis	yjaU	yjzD	248	True	41.0	41.0	528	0	0	0	0	0	0	528	False	0		False
Bsubtilis	fabHA	yjzB	164	True	41.0	41.0	539	0	0	0	0	0	0	538	False	0		False
Bsubtilis	oppA	tboWA	470	False											False	0		False
Bsubtilis	BSU_11515	yjbE	169	False											False	0		False
Bsubtilis	BSU_11525	coiA	73	False											False	0		False
Bsubtilis	roxS	yizD	104	False											False	0		False
Bsubtilis	yjbK	yjbL	124	True	41.0	88.0	598	0	0	88	0	0	0	617	False	0		False
Bsubtilis	kefQ	prpE	234	True	41.0	41.0	567	0	0	0	0	0	0	567	False	0		False
Bsubtilis	cotV	yjcA	159	True	171.0	212.5	525	0	0	89	0	0	171	610	False	0		False
Bsubtilis	yjcD	yjzE	116	True	41.0	41.0	538	0	0	0	0	0	0	538	False	0		False
Bsubtilis	mswA	yjcH	167	False											False	0		False
Bsubtilis	trnSL-Val2	yjcL	172	False											False	0		False
Bsubtilis	yjcM	yjcN	125	True	681.0	834.7	535	0	0	503	0	0	681	919	False	0		False
Bsubtilis	trnE	yjdH	228	True	41.0	41.0	472	0	0	0	0	0	0	472	False	0		False
Bsubtilis	cotT	pdaC	253	True	41.0	41.0	450	0	0	0	0	0	0	450	False	0		False
Bsubtilis	yjfB	yjfC	126	True	41.0	41.0	534	0	0	0	0	0	0	534	False	0		False
Bsubtilis	yjgB	yjgC	145	True	187.0	695.7	526	0	0	641	0	0	187	849	False	0		False
Bsubtilis	cypE	yjiA	390	True	41.0	41.0	312	0	0	0	0	0	0	312	False	0		False
Bsubtilis	yjjA	yjzI	173	True	41.0	41.0	511	0	0	0	0	0	0	511	False	0		False
Bsubtilis	yjlA	yjlB	131	True	41.0	41.0	532	0	0	0	0	0	0	532	False	0		False
Bsubtilis	yjoA	yjoB	148	True	41.0	41.0	524	0	0	0	0	0	0	524	False	0		False
Bsubtilis	xlyB	yjpA	120	True	41.0	41.0	537	0	0	0	0	0	0	537	False	0		False
Bsubtilis	pghB	yjqA	105	True	41.0	167.0	543	0	0	167	0	0	0	603	False	0		False
Bsubtilis	xre	yjzJ	177	True	41.0	41.0	508	0	0	0	0	0	0	508	False	0		False
Bsubtilis	mhqA	steT	388	True	41.0	41.0	340	0	0	0	0	0	0	340	False	0		False
Bsubtilis	htrA	proCC	168	True	41.0	46.0	514	0	0	46	0	0	0	516	False	0		False
Bsubtilis	ddaH	ykhA	159	True	41.0	41.0	518	0	0	0	0	0	0	518	False	0		False
Bsubtilis	ykjA	ykzH	144	True	41.0	192.0	526	0	0	192	0	0	0	601	False	0		False
Bsubtilis	ohrB	ohrR	142	True	757.0	902.2	562	617	638	614	0	0	757	993	False	0		False
Bsubtilis	ispA	rsbRB	222	True	41.0	138.0	477	0	0	138	0	0	0	530	False	0		False
Bsubtilis	tswB	ykoG	101	False											False	0		False
Bsubtilis	tnrA	ykzB	194	True	561.0	567.9	535	0	0	56	0	0	561	790	False	0		False
Bsubtilis	ykoN	ykoP	91	True	41.0	119.0	574	0	510	119	0	0	0	800	False	0		False
Bsubtilis	ykoQ	ykoS	192	True	41.0	41.0	499	0	0	0	0	0	0	499	False	0		False
Bsubtilis	dgcW	ykoX	180	True	41.0	47.0	512	0	0	47	0	0	0	515	False	0		False
Bsubtilis	htpK	htpX	170	True	690.0	690.0	542	0	0	0	0	0	690	852	False	0		False
Bsubtilis	kinE	ykrP	252	True	41.0	41.0	493	0	0	0	0	0	0	493	False	0		False
Bsubtilis	mtnE	mtnU	94	True	924.0	966.2	608	349	628	574	0	0	924	996	False	0		False
Bsubtilis	spo0E	ykvA	202	True	41.0	91.0	492	0	0	91	0	0	0	519	False	0		False
Bsubtilis	kinD	mhqR	192	True	41.0	70.0	565	0	0	70	0	0	0	578	False	0		False
Bsubtilis	clpE	ykvI	364	True	41.0	46.0	384	0	0	46	0	0	0	387	False	0		False
Bsubtilis	ykvN	ykvO	168	True	41.0	48.0	527	0	0	48	0	0	0	530	False	0		False
Bsubtilis	ykvS	ykzS	165	True	41.0	41.0	580	0	0	0	0	0	0	580	False	0		False
Bsubtilis	mcpC	ykwB	134	True	41.0	70.0	531	0	0	70	0	0	0	545	False	0		False
Bsubtilis	pbpH	ykwD	336	True	41.0	41.0	364	0	0	0	0	0	0	364	False	0		False
Bsubtilis	cheV	ykzT	203	True	41.0	41.0	491	0	0	0	0	0	0	491	False	0		False
Bsubtilis	fadH	ppeE	142	True	41.0	41.0	580	0	0	0	0	0	0	580	False	0		False
Bsubtilis	ahpA	mscT	236	True	41.0	55.0	478	0	0	55	0	0	0	486	False	0		False
Bsubtilis	mobA	sppO	136	True	41.0	41.0	530	0	0	0	0	0	0	530	False	0		False
Bsubtilis	ykoA	ykpA	180	True	41.0	53.0	544	0	0	53	0	0	0	550	False	0		False
Bsubtilis	abhA	mreBH	283	True	41.0	45.0	442	0	0	45	0	0	0	445	False	0		False
Bsubtilis	rnpZA	ykrA	385	True	41.0	66.0	402	0	0	66	0	0	0	417	False	0		False
Bsubtilis	BSU_14568	ykyA	163	True	41.0	41.0	516	0	0	0	0	0	0	516	False	0		False
Bsubtilis	slp	srrA	368	False											False	0		False
Bsubtilis	speA	yktA	184	True	41.0	43.0	571	0	0	43	0	0	0	572	False	0		False
Bsubtilis	yktB	ykzI	239	True	41.0	47.0	535	0	0	47	0	0	0	538	False	0		False
Bsubtilis	nprE	ylaA	284	True	41.0	41.0	419	0	0	0	0	0	0	419	False	0		False
Bsubtilis	bipA	ylaF	112	True	41.0	41.0	602	0	0	0	0	0	0	602	False	0		False
Bsubtilis	ylaJ	ylaK	154	True	41.0	70.0	585	0	0	70	0	0	0	598	False	0		False
Bsubtilis	glsB	ylaL	102	True	41.0	62.0	577	0	0	62	0	0	0	586	False	0		False
Bsubtilis	ctaA	ctaB	354	True	998.6	999.6	394	304	506	723	224	900	983	999	False	0		False
Bsubtilis	ylbA	ylbB	139	True	41.0	41.0	583	0	0	0	0	0	0	583	False	0		False
Bsubtilis	spoVV	ylbK	180	True	41.0	48.0	572	0	255	48	0	0	0	670	False	0		False
Bsubtilis	ylbN	ylzH	27	True	41.0	41.0	566	0	0	0	0	0	0	566	False	0		False
Bsubtilis	panE	ylbP	159	True	388.0	388.0	111	0	0	0	0	0	388	432	False	0		False
Bsubtilis	fbnA	tcaB	115	True	435.3	435.3	601	0	0	0	99	0	399	765	False	0		False
Bsubtilis	rpmB	yloU	276	True	41.0	47.0	506	0	0	47	0	0	0	508	False	0		False
Bsubtilis	ylqB	ylxM	176	True	41.0	41.0	509	0	0	0	0	0	0	509	False	0		False
Bsubtilis	pksA	ymcC	120	True	41.0	146.0	599	0	763	146	0	0	0	911	False	0		False
Bsubtilis	ymaF	ymaG	88	True	41.0	71.0	549	0	0	71	0	0	0	563	False	0		False
Bsubtilis	xylA	xylR	241	True	934.0	940.3	534	0	266	133	0	0	934	977	False	0		False
Bsubtilis	yncB	yncC	410	True	41.0	41.0	0	0	0	0	0	0	0	0	False	0		False
Bsubtilis	alrB	yncE	463	True	41.0	41.0	0	0	0	0	0	0	0	0	False	0		False
Bsubtilis	BSU_17679	cotU	403	False											False	0		False
Bsubtilis	BSU_17715	tatAC	78	False											False	0		False
Bsubtilis	flvS	ynzB	306	True	41.0	53.0	396	0	0	53	0	0	0	404	False	0		False
Bsubtilis	fosB	yndM	117	True	41.0	41.0	538	0	273	0	0	0	0	650	False	0		False
Bsubtilis	dinK	lexA	149	True	757.0	880.4	588	0	0	528	0	0	757	948	False	0		False
Bsubtilis	ccdA	spo0D	219	True	41.0	53.0	495	0	0	53	0	0	0	501	False	0		False
Bsubtilis	citB	sspO	227	True	41.0	45.0	544	0	0	45	0	0	0	546	False	0		False
Bsubtilis	plsY	yneT	169	True	426.0	428.4	579	0	0	45	0	0	426	748	False	0		False
Bsubtilis	iseA	yoeA	285	True	41.0	41.0	419	0	0	0	0	0	0	419	False	0		False
Bsubtilis	ggt	yoeD	184	True	72.0	75.9	504	0	0	45	0	0	72	522	False	0		False
Bsubtilis	ftsR	yogA	127	True	41.0	47.0	534	0	0	47	0	0	0	537	False	0		False
Bsubtilis	gltA	gltC	146	True	930.0	931.8	615	0	0	65	0	0	930	972	False	0		False
Bsubtilis	yoxC	yoxD	150	True	41.0	41.0	523	0	0	0	0	0	0	523	False	0		False
Bsubtilis	mswF	yoaE	148	False											False	0		False
Bsubtilis	BSU_18595	BSU_18596	69	False											False	0		False
Bsubtilis	yoaH	yoaI	324	True	41.0	41.0	377	0	0	0	0	0	0	377	False	0		False
Bsubtilis	pelB	yoaK	172	True	41.0	49.0	511	0	0	49	0	0	0	515	False	0		False
Bsubtilis	yoaP	yoaQ	307	True	41.0	45.0	395	0	0	45	0	0	0	398	False	0		False
Bsubtilis	yoaR	yoaS	346	True	41.0	41.0	354	0	159	0	0	0	0	433	False	0		False
Bsubtilis	yoaU	yoaV	100	True	41.0	64.0	545	0	0	64	0	0	0	555	False	0		False
Bsubtilis	penP	yoaZ	225	True	41.0	62.0	475	0	226	62	0	0	0	585	False	0		False
Bsubtilis	yobA	yobB	376	True	41.0	62.0	325	0	0	62	0	0	0	339	False	0		False
Bsubtilis	yobD	yozV	170	True	41.0	45.0	513	0	0	45	0	0	0	515	False	0		False
Bsubtilis	yozH	yozI	207	True	41.0	159.0	488	0	0	159	0	0	0	551	False	0		False
Bsubtilis	yozW	yozX	144	True	41.0	41.0	526	0	0	0	0	0	0	526	False	0		False
Bsubtilis	yozJ	yozY	124	True	41.0	41.0	535	0	0	0	0	0	0	535	False	0		False
Bsubtilis	yozL	yozM	208	True	41.0	60.0	488	0	0	60	0	0	0	498	False	0		False
Bsubtilis	yobM	yobN	127	True	171.3	171.3	534	0	0	0	99	0	118	597	False	0		False
Bsubtilis	yobV	yobW	205	True	41.0	43.0	504	0	0	43	0	0	0	505	False	0		False
Bsubtilis	czrA	yocA	193	True	41.0	56.0	498	0	0	56	0	0	0	506	False	0		False
Bsubtilis	yocB	yocC	170	True	41.0	41.0	512	0	0	0	0	0	0	512	False	0		False
Bsubtilis	yocL	yoyB	77	True	41.0	47.0	552	0	0	47	0	0	0	555	False	0		False
Bsubtilis	yocM	yozN	66	True	41.0	77.0	588	0	0	77	0	0	0	603	False	0		False
Bsubtilis	dhaS	yozC	229	True	41.0	41.0	471	0	0	0	0	0	0	471	False	0		False
Bsubtilis	yocR	yocS	218	True	854.0	867.2	480	0	0	128	0	0	854	928	False	0		False
Bsubtilis	cdaS	mdtK	265	True	41.0	41.0	439	0	0	0	0	0	0	439	False	0		False
Bsubtilis	gerT	yojE	98	True	41.0	41.0	589	0	0	0	0	0	0	589	False	0		False
Bsubtilis	yodA	yojA	364	True	64.0	103.0	336	0	0	81	0	0	64	379	False	0		False
Bsubtilis	arxR	noxC	129	True	914.0	915.7	546	0	0	60	0	0	914	960	False	0		False
Bsubtilis	yodE	yoyD	183	True	41.0	41.0	505	0	0	0	0	0	0	505	False	0		False
Bsubtilis	ctpA	yodH	152	True	41.0	41.0	535	0	0	0	0	0	0	535	False	0		False
Bsubtilis	deoD	yoyE	201	True	41.0	41.0	561	0	0	0	0	0	0	561	False	0		False
Bsubtilis	yoyF	yozD	118	True	41.0	73.0	538	0	0	73	0	0	0	553	False	0		False
Bsubtilis	cgeA	cgeC	204	True	41.0	718.0	491	0	0	718	0	0	0	850	False	0		False
Bsubtilis	yotL	yotM	74	True	41.0	302.0	553	0	0	302	0	0	0	675	False	0		False
Bsubtilis	sspC	yotB	118	True	41.0	56.0	538	0	0	56	0	0	0	545	False	0		False
Bsubtilis	yojW	yosU	151	True	41.0	41.0	523	0	0	0	0	0	0	523	False	0		False
Bsubtilis	yosA	yosB	130	True	41.0	47.0	532	0	0	47	0	0	0	535	False	0		False
Bsubtilis	yoqW	yoqX	70	True	41.0	54.0	554	0	0	54	0	0	0	560	False	0		False
Bsubtilis	yoqT	yoqU	165	True	41.0	66.0	515	0	0	66	0	0	0	528	False	0		False
Bsubtilis	yoqO	yoqP	113	True	41.0	86.0	540	0	0	86	0	0	0	561	False	0		False
Bsubtilis	yoqM	yoqN	203	True	41.0	79.0	491	0	0	79	0	0	0	511	False	0		False
Bsubtilis	yopS	yopT	182	True	484.0	492.1	505	0	0	56	0	0	484	738	False	0		False
Bsubtilis	yopE	yoyH	70	True	41.0	47.0	554	0	0	47	0	0	0	557	False	0		False
Bsubtilis	yonH	yonI	218	True	41.0	502.0	480	0	0	502	0	0	0	730	False	0		False
Bsubtilis	yomK	youB	345	True	333.0	333.0	355	0	0	0	0	0	333	551	False	0		False
Bsubtilis	yolC	yolD	173	True	751.0	751.0	511	0	0	0	0	0	751	873	False	0		False
Bsubtilis	bsrG	yolA	230	True	41.0	41.0	470	0	0	0	0	0	0	470	False	0		False
Bsubtilis	nukF	yokG	301	True	41.0	56.0	401	0	0	56	0	0	0	411	False	0		False
Bsubtilis	sprA	yokB	202	True	41.0	501.0	492	0	0	501	0	0	0	735	False	0		False
Bsubtilis	msrA	ypoP	131	True	116.0	116.0	532	0	0	0	0	0	116	569	False	0		False
Bsubtilis	ilvA	silP	248	True	260.0	264.6	504	0	0	47	0	0	260	620	False	0		False
Bsubtilis	bsaA	metAA	342	True	145.0	165.5	445	0	0	64	0	0	145	517	False	0		False
Bsubtilis	degR	ypzA	155	True	41.0	45.0	521	0	0	45	0	0	0	523	False	0		False
Bsubtilis	queP	ypeP	82	True	41.0	45.0	591	0	155	45	0	0	0	641	False	0		False
Bsubtilis	kdgR	kduI	221	True	584.0	643.0	492	0	0	177	0	0	584	810	False	0		False
Bsubtilis	yptA	ypzG	163	True	41.0	41.0	516	0	0	0	0	0	0	516	False	0		False
Bsubtilis	ypqA	ypqE	137	True	41.0	41.0	558	0	0	0	0	0	0	558	False	0		False
Bsubtilis	yppF	yppG	187	True	41.0	47.0	515	0	0	47	0	0	0	518	False	0		False
Bsubtilis	sspM	yppD	198	True	41.0	41.0	495	0	0	0	0	0	0	495	False	0		False
Bsubtilis	recU	yppC	40	True	41.0	41.0	622	0	0	0	0	0	0	622	False	0		False
Bsubtilis	ypjC	ypjD	139	True	41.0	56.0	591	0	0	56	0	0	0	598	False	0		False
Bsubtilis	yphA	ypzI	77	True	41.0	41.0	554	0	0	0	0	0	0	554	False	0		False
Bsubtilis	fer	gmmB	265	True	41.0	41.0	515	0	176	0	0	0	0	583	False	0		False
Bsubtilis	fswB	serA	197	False											False	0		False
Bsubtilis	scpA	ypuF	280	True	573.0	575.7	502	0	0	47	0	0	573	779	False	0		False
Bsubtilis	sipS	ypzC	266	True	41.0	47.0	438	0	0	47	0	0	0	441	False	0		False
Bsubtilis	ppiB	ypuA	253	True	41.0	63.0	524	0	0	63	0	0	0	535	False	0		False
Bsubtilis	ansA	ansR	181	True	848.0	921.2	537	0	193	503	0	0	848	968	False	0		False
Bsubtilis	mciZ	nudF	74	True	41.0	41.0	553	0	0	0	0	0	0	553	False	0		False
Bsubtilis	yqkD	yqkE	161	True	41.0	85.0	581	0	0	85	0	0	0	600	False	0		False
Bsubtilis	polYB	yqzH	165	True	385.0	386.3	515	0	0	43	0	0	385	690	False	0		False
Bsubtilis	pswI	yqjP	133	False											False	0		False
Bsubtilis	yqjM	yqjN	171	True	41.0	41.0	546	0	0	0	0	0	0	545	False	0		False
Bsubtilis	rnz	zwf	226	True	41.0	51.0	545	0	0	51	0	0	0	549	False	0		False
Bsubtilis	mifM	polYA	72	True	41.0	47.0	556	0	0	47	0	0	0	559	False	0		False
Bsubtilis	bmrU	brxB	160	True	41.0	41.0	518	0	0	0	0	0	0	518	False	0		False
Bsubtilis	bkdR	yqzF	152	True	41.0	41.0	586	0	0	0	0	0	0	586	False	0		False
Bsubtilis	BSU_24205	yqiH	307	False											False	0		False
Bsubtilis	yqhQ	yqhR	226	True	41.0	48.0	545	0	0	48	0	0	0	548	False	0		False
Bsubtilis	lipM	yqhL	190	True	167.0	224.3	567	0	0	107	0	0	167	650	False	0		False
Bsubtilis	swgA	yqhH	168	False											False	0		False
Bsubtilis	tapA	yqzG	271	True	359.0	359.0	464	0	0	0	0	0	359	642	False	0		False
Bsubtilis	yqhB	yqxL	142	True	208.0	780.3	539	0	0	734	0	0	208	894	False	0		False
Bsubtilis	rsbRD	trnSL-Gln1	86	False											False	0		False
Bsubtilis	mgsR	yqgY	231	True	41.0	41.0	508	0	0	0	0	0	0	508	False	0		False
Bsubtilis	yqgW	yqgX	156	True	41.0	45.0	585	0	0	45	0	0	0	586	False	0		False
Bsubtilis	yqgL	yqzD	179	True	41.0	41.0	507	0	0	0	0	0	0	507	False	0		False
Bsubtilis	yqgB	yqgC	109	True	845.0	851.1	596	0	0	79	0	0	845	937	False	0		False
Bsubtilis	yqfZ	yqgA	276	True	41.0	41.0	428	0	0	0	0	0	0	428	False	0		False
Bsubtilis	yqfW	yqfX	132	True	41.0	45.0	595	0	0	45	0	0	0	596	False	0		False
Bsubtilis	yqfT	yqfU	115	True	41.0	41.0	573	0	0	0	0	0	0	572	False	0		False
Bsubtilis	cshB	yqfQ	168	True	41.0	41.0	579	0	0	0	0	0	0	579	False	0		False
Bsubtilis	rpsU	yqeW	172	True	41.0	63.0	577	0	0	63	0	0	0	587	False	0		False
Bsubtilis	dnaJ	surC	39	False											False	0		False
Bsubtilis	gpr	rpsT	203	True	41.0	41.0	559	0	0	0	0	0	0	560	False	0		False
Bsubtilis	BSU_25565	yqzM	40	False											False	0		False
Bsubtilis	comEA	comER	83	True	751.0	768.4	611	0	0	108	0	0	751	906	False	0		False
Bsubtilis	cwlH	yqeD	186	True	41.0	41.0	503	0	0	0	0	0	0	503	False	0		False
Bsubtilis	yqeB	yqeC	251	True	41.0	41.0	452	0	0	0	0	0	0	452	False	0		False
Bsubtilis	rapE	yqcI	442	True	41.0	41.0	0	0	0	0	0	0	0	0	False	0		False
Bsubtilis	bsrH	ratA	233	False											False	0		False
Bsubtilis	yqaP	yqaQ	197	True	41.0	41.0	495	0	0	0	0	0	0	495	False	0		False
Bsubtilis	sknR	yqaF	176	True	41.0	41.0	532	0	279	0	0	0	0	648	False	0		False
Bsubtilis	yqaB	yqaC	268	True	41.0	45.0	436	0	0	45	0	0	0	438	False	0		False
Bsubtilis	yrkO	yrkP	267	True	919.0	969.8	437	0	0	642	0	0	919	982	False	0		False
Bsubtilis	blt	bltR	116	True	41.0	45.0	569	0	0	45	0	0	0	571	False	0		False
Bsubtilis	czcR	yrdR	125	True	41.0	65.0	561	0	370	65	0	0	0	719	False	0		False
Bsubtilis	gltR	yrdN	333	True	41.0	48.0	367	0	0	48	0	0	0	372	False	0		False
Bsubtilis	aadK	yrpB	378	True	41.0	86.0	323	0	0	86	0	0	0	354	False	0		False
Bsubtilis	sigZ	yrpG	134	True	489.0	492.2	531	0	0	47	0	0	489	751	False	0		False
Bsubtilis	prpF	yraN	144	True	41.0	54.0	528	0	162	54	0	0	0	593	False	0		False
Bsubtilis	csn	yraL	442	True	41.0	41.0	0	0	0	0	0	0	0	0	False	0		False
Bsubtilis	yraG	yraH	248	True	41.0	41.0	455	0	0	0	0	0	0	455	False	0		False
Bsubtilis	adhR	yrzP	182	True	41.0	45.0	540	0	363	45	0	0	0	696	False	0		False
Bsubtilis	yrhO	yrhP	152	True	41.0	41.0	580	0	175	0	0	0	0	639	False	0		False
Bsubtilis	yrhE	yrhF	315	True	41.0	57.0	412	0	690	57	0	0	0	813	False	0		False
Bsubtilis	yrrT	yrzA	192	True	41.0	47.0	560	0	0	47	0	0	0	563	False	0		False
Bsubtilis	glnQ	yrrI	155	True	41.0	47.0	521	0	0	47	0	0	0	524	False	0		False
Bsubtilis	cymR	rarA	202	True	41.0	41.0	560	0	0	0	0	0	0	560	False	0		False
Bsubtilis	yrvJ	yrzK	132	True	41.0	41.0	532	0	0	0	0	0	0	532	False	0		False
Bsubtilis	comN	spoVB	115	True	41.0	41.0	601	0	161	0	0	0	0	651	False	0		False
Bsubtilis	yrbG	yrzE	134	True	41.0	60.0	594	0	0	60	0	0	0	602	False	0		False
Bsubtilis	yrbE	yrzF	237	True	41.0	41.0	465	0	0	0	0	0	0	465	False	0		False
Bsubtilis	BSU_27786	yrzH	84	True	41.0	41.0	459	0	0	0	0	0	0	459	False	0		False
Bsubtilis	nadB	nifS	102	True	41.0	715.0	605	0	151	715	0	0	0	896	False	0		False
Bsubtilis	BSU_27935	spo0B	77	False											False	0		False
Bsubtilis	tboV	yszA	165	False											False	0		False
Bsubtilis	hemA	ysxD	229	True	41.0	41.0	542	0	0	0	0	0	0	542	False	0		False
Bsubtilis	cotQ	tboILV	447	False											False	0		False
Bsubtilis	sdhC	yslB	292	True	41.0	45.0	491	0	0	45	0	0	0	493	False	0		False
Bsubtilis	rnhC	zapA	133	True	56.0	224.3	594	0	0	212	0	0	56	672	False	0		False
Bsubtilis	BSU_28645	pheS	81	False											False	0		False
Bsubtilis	rlmBB	sspI	118	True	41.0	41.0	600	0	0	0	0	0	0	600	False	0		False
Bsubtilis	frvX	ysdB	183	True	41.0	48.0	532	0	0	48	0	0	0	535	False	0		False
Bsubtilis	BSU_misc_RNA_47	yscB	244	False											False	0		False
Bsubtilis	lytS	ysaA	166	True	41.0	98.0	531	0	0	98	0	0	0	558	False	0		False
Bsubtilis	ytbD	ytcD	183	True	41.0	49.0	527	0	277	49	0	0	0	646	False	0		False
Bsubtilis	ytvI	ytwI	96	True	41.0	41.0	607	0	0	0	0	0	0	607	False	0		False
Bsubtilis	dnaEC	ytrH	139	True	41.0	41.0	562	0	0	0	0	0	0	563	False	0		False
Bsubtilis	nrnA	ytpI	130	True	147.0	147.0	595	0	220	0	0	0	147	707	False	0		False
Bsubtilis	ascR	snaA	152	True	685.0	775.7	522	0	0	317	0	0	685	888	False	0		False
Bsubtilis	ppnKB	sppA	185	True	41.0	41.0	570	0	0	0	0	0	0	570	False	0		False
Bsubtilis	braB	iscSB	194	True	359.0	368.4	534	0	0	55	0	0	359	693	False	0		False
Bsubtilis	ezrA	hisK	196	True	41.0	63.0	564	0	0	63	0	0	0	574	False	0		False
Bsubtilis	msrC	refZ	126	True	41.0	41.0	597	0	0	0	0	0	0	597	False	0		False
Bsubtilis	dgcP	ldsD	153	False											False	0		False
Bsubtilis	acsA	acuA	160	True	911.0	955.3	583	0	444	518	0	0	911	988	False	0		False
Bsubtilis	BSU_29845	ytoQ	79	False											False	0		False
Bsubtilis	ytoP	ytzB	158	True	41.0	77.0	554	0	0	77	0	0	0	571	False	0		False
Bsubtilis	trmB	ytzH	206	True	41.0	41.0	558	0	0	0	0	0	0	558	False	0		False
Bsubtilis	ytkP	ytlP	148	True	41.0	41.0	588	0	0	0	0	0	0	588	False	0		False
Bsubtilis	pbuO	ytjP	96	True	41.0	41.0	562	0	0	0	0	0	0	562	False	0		False
Bsubtilis	ythP	ytzE	290	True	41.0	41.0	418	0	0	0	0	0	0	418	False	0		False
Bsubtilis	murJ	ytfP	201	True	41.0	78.0	561	0	0	78	0	0	0	578	False	0		False
Bsubtilis	rmgP	rmgR	215	True	680.0	696.4	488	0	511	90	0	0	680	917	False	0		False
Bsubtilis	msmR	ytaP	217	True	41.0	45.0	481	0	0	45	0	0	0	483	False	0		False
Bsubtilis	blrA	ytvB	404	True	41.0	41.0	0	0	0	0	0	0	0	0	False	0		False
Bsubtilis	yttA	yttB	188	True	41.0	41.0	501	0	0	0	0	0	0	501	False	0		False
Bsubtilis	ytqA	ytzC	161	True	41.0	41.0	582	0	0	0	0	0	0	582	False	0		False
Bsubtilis	ytoA	ytpA	48	True	41.0	41.0	620	0	0	0	0	0	0	620	False	0		False
Bsubtilis	mswG	pckA	196	False											False	0		False
Bsubtilis	ytlA	ytmA	150	True	41.0	41.0	587	0	0	0	0	0	0	587	False	0		False
Bsubtilis	dps	ytzI	92	True	41.0	41.0	547	0	0	0	0	0	0	547	False	0		False
Bsubtilis	luxS	ytjA	128	True	41.0	47.0	596	0	0	47	0	0	0	599	False	0		False
Bsubtilis	rpmEB	ythA	204	True	41.0	41.0	494	0	0	0	0	0	0	494	False	0		False
Bsubtilis	menF	yteA	289	True	41.0	41.0	462	0	0	0	0	0	0	462	False	0		False
Bsubtilis	ytcA	ytdA	171	True	949.0	978.6	536	0	0	598	122	900	466	989	False	0		False
Bsubtilis	cotI	cotSA	189	True	750.0	929.6	537	416	771	730	0	0	750	995	False	0		False
Bsubtilis	rrnB-16S	tswC	464	False											False	0		False
Bsubtilis	nfeDB	yuaE	167	True	41.0	48.0	514	0	0	48	0	0	0	518	False	0		False
Bsubtilis	gbsA	gbsR	198	True	890.0	892.9	495	0	246	66	0	0	890	955	False	0		False
Bsubtilis	cdoA	yubD	484	True	41.0	41.0	0	0	0	0	0	0	0	0	False	0		False
Bsubtilis	iolU	yubA	181	True	41.0	98.0	509	0	0	98	0	0	0	538	False	0		False
Bsubtilis	mcpB	tgl	157	True	41.0	41.0	520	0	0	0	0	0	0	520	False	0		False
Bsubtilis	mstX	yuzI	46	True	41.0	71.0	561	0	0	71	0	0	0	575	False	0		False
Bsubtilis	bdhJ	yuzA	229	True	41.0	70.0	510	0	0	70	0	0	0	525	False	0		False
Bsubtilis	yugF	yugG	147	True	41.0	45.0	525	0	0	45	0	0	0	527	False	0		False
Bsubtilis	patB	yugE	86	True	41.0	41.0	610	0	0	0	0	0	0	610	False	0		False
Bsubtilis	kapD	yuxJ	210	True	41.0	45.0	522	0	0	45	0	0	0	525	False	0		False
Bsubtilis	maeL	yufK	177	True	41.0	41.0	508	0	0	0	0	0	0	508	False	0		False
Bsubtilis	mrpA	yufS	230	True	41.0	41.0	470	0	0	0	0	0	0	470	False	0		False
Bsubtilis	BSU_31725	degQ	221	False											False	0		False
Bsubtilis	yueF	yuzE	114	True	41.0	47.0	539	0	0	47	0	0	0	542	False	0		False
Bsubtilis	bioYB	yuiH	100	True	41.0	47.0	578	0	0	47	0	0	0	580	False	0		False
Bsubtilis	pepA	yuiD	157	True	41.0	45.0	585	0	0	45	0	0	0	586	False	0		False
Bsubtilis	trxBB	yumB	331	True	79.0	79.0	415	0	0	0	0	0	79	438	False	0		False
Bsubtilis	guaC	yuzG	278	True	41.0	45.0	426	0	0	45	0	0	0	428	False	0		False
Bsubtilis	yutJ	yuzB	262	True	753.0	755.6	518	0	0	51	0	0	753	877	False	0		False
Bsubtilis	yutI	yuzD	99	True	41.0	45.0	606	0	0	45	0	0	0	608	False	0		False
Bsubtilis	cotNH	yutG	152	True	41.0	119.0	586	0	0	119	0	0	0	620	False	0		False
Bsubtilis	yutC	yutD	114	True	41.0	47.0	601	0	0	47	0	0	0	604	False	0		False
Bsubtilis	lipA	lytH	234	True	41.0	41.0	539	0	0	0	0	0	0	539	False	0		False
Bsubtilis	pucH	pucR	174	True	918.0	918.3	572	0	516	45	0	0	918	981	False	0		False
Bsubtilis	BSU_32539	pucF	222	False											False	0		False
Bsubtilis	frlP	frlR	181	True	906.0	951.1	508	0	0	501	0	0	906	974	False	0		False
Bsubtilis	dadA	sspG	158	True	41.0	41.0	519	0	0	0	0	0	0	519	False	0		False
Bsubtilis	fadN	yuzL	174	True	41.0	41.0	539	0	0	0	0	0	0	539	False	0		False
Bsubtilis	putM	yuzM	94	True	41.0	41.0	580	0	0	0	0	0	0	580	False	0		False
Bsubtilis	yusS	yusT	133	True	41.0	48.0	531	0	0	48	0	0	0	535	False	0		False
Bsubtilis	cssR	htrB	277	True	951.0	969.6	466	0	0	406	0	0	951	983	False	0		False
Bsubtilis	spxO	yuxN	167	True	110.0	114.6	514	0	0	46	0	0	110	551	False	0		False
Bsubtilis	gerAA	yvzF	117	True	41.0	41.0	538	0	0	0	0	0	0	538	False	0		False
Bsubtilis	srbL	yvrD	158	False											False	0		False
Bsubtilis	sigO	yvrJ	14	True	41.0	184.0	569	0	0	184	0	0	0	633	False	0		False
Bsubtilis	fhuB	fhuD	97	True	929.9	980.4	552	0	494	732	245	0	911	995	False	0		False
Bsubtilis	sspJ	yvsG	166	True	41.0	41.0	515	0	0	0	0	0	0	515	False	0		False
Bsubtilis	modA	yvgK	110	True	874.0	876.0	603	0	335	56	0	0	874	964	False	0		False
Bsubtilis	pgoN	yvgO	222	True	149.0	149.0	477	0	0	0	0	0	149	536	False	0		False
Bsubtilis	csoR	iolW	127	True	91.0	102.4	534	0	0	53	0	0	91	564	False	0		False
Bsubtilis	secG	yvaM	148	True	41.0	41.0	524	0	0	0	0	0	0	524	False	0		False
Bsubtilis	rghRA	yvzC	151	True	46.0	47.0	528	0	0	42	0	0	46	531	False	0		False
Bsubtilis	opuBA	yvaV	283	True	846.0	846.0	438	0	0	0	0	0	846	909	False	0		False
Bsubtilis	opcR	opuCA	263	True	484.0	668.6	458	0	0	384	0	0	484	812	False	0		False
Bsubtilis	yvbG	yvbH	149	True	41.0	47.0	524	0	0	47	0	0	0	527	False	0		False
Bsubtilis	yvbJ	yvbK	119	True	41.0	57.0	537	0	0	57	0	0	0	545	False	0		False
Bsubtilis	araE	araR	203	True	900.0	900.0	491	0	165	0	0	0	900	953	False	0		False
Bsubtilis	cyeB	yvbU	99	True	41.0	87.0	556	0	0	87	0	0	0	578	False	0		False
Bsubtilis	rsbQ	yvfR	283	True	41.0	42.0	420	0	0	42	0	0	0	421	True	4	2596	False
Bsubtilis	lutP	lutR	289	True	775.0	803.4	457	0	316	162	0	0	775	920	False	0		False
Bsubtilis	sigL	yvfG	78	True	41.0	66.0	602	0	0	66	0	0	0	612	False	0		False
Bsubtilis	epsA	slrR	245	True	919.0	959.4	476	0	0	519	0	0	919	977	False	0		False
Bsubtilis	cotNP	cotR	355	True	41.0	615.0	345	0	0	615	0	0	0	737	True	1	2442	False
Bsubtilis	clpP	trnQ-Arg	269	False											False	0		False
Bsubtilis	yvdC	yvdD	116	True	41.0	361.0	600	0	233	361	0	0	0	787	False	0		False
Bsubtilis	yvcT	yvdA	382	True	860.0	860.0	319	0	0	0	0	0	860	901	False	0		False
Bsubtilis	psdR	yvzJ	146	True	41.0	41.0	525	0	0	0	0	0	0	525	False	0		False
Bsubtilis	hisZ	yvpB	250	True	41.0	48.0	503	0	0	48	0	0	0	507	False	0		False
Bsubtilis	hprK	nagA	181	True	402.0	418.2	541	0	0	67	0	0	402	721	False	0		False
Bsubtilis	yvnA	yvnB	164	True	920.0	920.0	516	0	0	0	0	0	920	959	False	0		False
Bsubtilis	pchC	pchR	425	True	919.0	923.1	0	0	0	90	0	0	919	923	False	0		False
Bsubtilis	yvkN	yvlA	217	True	41.0	45.0	481	0	0	45	0	0	0	483	False	0		False
Bsubtilis	csbA	yvkC	446	True	41.0	41.0	0	0	0	0	0	0	0	0	False	0		False
Bsubtilis	degS	yvyE	216	True	41.0	45.0	552	0	0	45	0	0	0	553	False	0		False
Bsubtilis	lytA	tagU	183	True	185.0	190.1	505	0	0	47	0	0	185	582	False	0		False
Bsubtilis	gtaB	mnaA	245	True	237.0	382.6	489	0	0	224	0	0	237	670	False	0		False
Bsubtilis	tagA	tagD	399	True	933.0	946.4	399	0	170	233	0	0	933	970	False	0		False
Bsubtilis	gerBA	pmiA	264	True	41.0	41.0	440	0	0	0	0	0	0	440	False	0		False
Bsubtilis	tagT	ywtG	332	True	41.0	41.0	368	0	0	0	0	0	0	368	False	0		False
Bsubtilis	alsR	alsS	157	True	889.0	889.0	521	0	0	0	0	0	889	944	False	0		False
Bsubtilis	cotG	cotH	140	True	920.0	923.9	528	0	0	88	0	0	920	962	False	0		False
Bsubtilis	chrS	hpxW	213	True	41.0	45.0	497	0	0	45	0	0	0	499	False	0		False
Bsubtilis	ywqM	ywqN	122	True	41.0	62.0	545	0	267	62	0	0	0	660	False	0		False
Bsubtilis	ywqB	ywzD	203	True	41.0	41.0	505	0	0	0	0	0	0	506	False	0		False
Bsubtilis	ywpF	ywpG	174	True	41.0	41.0	535	0	0	0	0	0	0	535	False	0		False
Bsubtilis	ywpD	ywpE	343	True	75.0	76.9	357	0	0	43	0	0	75	381	False	0		False
Bsubtilis	fabZ	rapD	191	True	41.0	41.0	499	0	0	0	0	0	0	499	False	0		False
Bsubtilis	usd	ywoH	224	True	41.0	41.0	475	0	0	0	0	0	0	475	False	0		False
Bsubtilis	amtB	ywoB	281	True	41.0	41.0	423	0	0	0	0	0	0	423	False	0		False
Bsubtilis	spoIIQ	ywnH	140	True	41.0	45.0	543	0	0	45	0	0	0	545	False	0		False
Bsubtilis	clsA	ywnF	242	True	41.0	41.0	474	0	0	0	0	0	0	474	False	0		False
Bsubtilis	mta	ywnC	144	True	41.0	41.0	526	0	0	0	0	0	0	526	False	0		False
Bsubtilis	ywmA	ywzB	169	True	41.0	47.0	513	0	0	47	0	0	0	516	False	0		False
Bsubtilis	spoIIR	ywlA	140	True	41.0	41.0	528	0	0	0	0	0	0	528	False	0		False
Bsubtilis	prfA	ywkD	125	True	41.0	41.0	573	0	0	0	0	0	0	573	False	0		False
Bsubtilis	spo0F	ywjG	165	True	41.0	41.0	580	0	173	0	0	0	0	638	False	0		False
Bsubtilis	clsB	fadF	154	True	41.0	124.0	585	0	0	124	0	0	0	621	False	0		False
Bsubtilis	arfM	ywiC	143	True	41.0	626.0	527	0	0	626	0	0	0	815	False	0		False
Bsubtilis	sboA	ywiB	312	True	424.0	424.0	390	0	0	0	0	0	424	633	False	0		False
Bsubtilis	rapF	ywhK	229	True	41.0	41.0	471	0	0	0	0	0	0	471	False	0		False
Bsubtilis	pbpG	speE	201	True	41.0	41.0	521	0	0	0	0	0	0	521	False	0		False
Bsubtilis	hmtB	ywhC	108	True	41.0	41.0	604	0	0	0	0	0	0	603	False	0		False
Bsubtilis	psrF	ywzC	214	True	396.0	396.0	547	0	0	0	0	0	396	715	False	0		False
Bsubtilis	hemQ	pta	269	True	150.0	173.9	512	0	0	68	0	0	150	579	False	0		False
Bsubtilis	gerQ	spsA	319	True	41.0	119.0	382	0	0	119	0	0	0	432	False	0		False
Bsubtilis	ywdH	ywdI	167	True	41.0	45.0	514	0	0	45	0	0	0	516	False	0		False
Bsubtilis	pdxK	ywzG	143	True	41.0	45.0	528	0	0	45	0	0	0	530	False	0		False
Bsubtilis	nirC	sacP	301	True	41.0	60.0	401	0	0	60	0	0	0	413	False	0		False
Bsubtilis	rodA	ywcE	495	True	205.0	205.0	0	0	0	0	0	0	205	205	False	0		False
Bsubtilis	slrA	slrC	355	True	919.0	919.0	345	0	0	0	0	0	919	944	False	0		False
Bsubtilis	cidA	cidR	105	True	561.0	562.8	543	0	226	45	0	0	561	832	False	0		False
Bsubtilis	glxA	rlmI	120	True	41.0	79.0	551	0	0	79	0	0	0	569	False	0		False
Bsubtilis	epr	ywbA	227	True	41.0	64.0	473	0	0	64	0	0	0	486	False	0		False
Bsubtilis	tyrZR	ywaF	150	True	41.0	47.0	523	0	0	47	0	0	0	526	False	0		False
Bsubtilis	BSU_38495	ywzH	149	False											False	0		False
Bsubtilis	aag	katX	128	True	41.0	97.0	548	0	0	97	0	0	0	574	False	0		False
Bsubtilis	sigY	yxlA	211	True	41.0	45.0	485	0	0	45	0	0	0	488	False	0		False
Bsubtilis	aldY	yxkF	183	True	41.0	41.0	506	0	0	0	0	0	0	506	False	0		False
Bsubtilis	gdwB	yxkC	388	False											False	0		False
Bsubtilis	yxjO	yxkA	129	True	41.0	43.0	533	0	0	43	0	0	0	534	False	0		False
Bsubtilis	gswB	rlmA	386	False											False	0		False
Bsubtilis	citH	katE	200	True	41.0	58.0	493	0	0	58	0	0	0	502	False	0		False
Bsubtilis	yxiO	yxiP	206	True	41.0	41.0	489	0	0	0	0	0	0	489	False	0		False
Bsubtilis	hutP	yxzL	318	True	41.0	41.0	383	0	0	0	0	0	0	383	False	0		False
Bsubtilis	cotNE	yxeF	88	True	41.0	41.0	549	0	0	0	0	0	0	549	False	0		False
Bsubtilis	frxB	yxeC	177	True	41.0	91.0	510	0	0	91	0	0	0	535	False	0		False
Bsubtilis	iolA	iolR	415	True	918.0	970.0	0	0	153	649	0	0	918	973	False	0		False
Bsubtilis	yxbG	yxcA	116	True	41.0	41.0	538	0	0	0	0	0	0	538	False	0		False
Bsubtilis	aldX	yxbF	142	True	41.0	41.0	527	0	0	0	0	0	0	527	False	0		False
Bsubtilis	srlX	yxbC	89	False											False	0		False
Bsubtilis	yxaI	yxaJ	256	True	753.0	754.8	447	0	0	48	0	0	753	858	False	0		False
Bsubtilis	qdoR	yxnA	130	True	41.0	41.0	532	0	0	0	0	0	0	532	False	0		False
Bsubtilis	yxaD	yxzK	226	True	41.0	120.0	528	0	0	120	0	0	0	567	False	0		False
Bsubtilis	glxK	gntR	195	True	41.0	45.0	500	0	0	45	0	0	0	502	False	0		False
Bsubtilis	ptsJ	yydK	343	True	65.0	112.8	365	0	0	90	0	0	65	412	False	0		False
Bsubtilis	fbp	liaD	471	True	41.0	41.0	0	0	0	0	0	0	0	0	False	0		False
Bsubtilis	yycS	yyzF	184	True	484.0	484.0	504	0	0	0	0	0	484	733	False	0		False
Bsubtilis	rapG	yycN	110	True	41.0	45.0	541	0	0	45	0	0	0	543	False	0		False
Bsubtilis	rocD	rocR	240	True	767.0	767.0	527	0	0	0	0	0	767	885	True	6	3821	False
Bsubtilis	dnaC	yycD	169	True	41.0	41.0	513	0	0	0	0	0	0	513	False	0		False
Bsubtilis	yycC	yyzB	120	True	41.0	41.0	537	0	0	0	0	0	0	537	False	0		False
Bsubtilis	cotF	yyzH	145	True	41.0	41.0	526	0	0	0	0	0	0	526	False	0		False
Bsubtilis	hypR	ppaC	204	True	41.0	41.0	492	0	0	0	0	0	0	491	False	0		False
Bsubtilis	mswM	yybO	125	False											False	0		False
Bsubtilis	yybG	yybH	145	True	41.0	41.0	526	0	0	0	0	0	0	526	False	0		False
Bsubtilis	yybE	yybF	186	True	41.0	51.0	539	0	0	51	0	0	0	544	False	0		False
Bsubtilis	yyaT	yybA	119	True	41.0	48.0	562	0	0	48	0	0	0	565	True	1	1534	True
Bsubtilis	yyaQ	yyaR	410	True	41.0	41.0	0	0	0	0	0	0	0	0	False	0		False
Bsubtilis	tetL	yyaO	252	True	41.0	41.0	451	0	0	0	0	0	0	451	False	0		False
Bsubtilis	yyaJ	yyaK	225	True	41.0	41.0	475	0	0	0	0	0	0	475	False	0		False
Bsubtilis	sprC	yyaD	459	True	383.0	412.0	111	0	201	86	0	0	383	545	False	0		False
Bsubtilis	parA	yyaB	247	True	41.0	62.0	456	0	0	62	0	0	0	468	False	0		False
Cjejuni	Cj0005c	Cj0006	204	True	510.0	510.5	491	0	0	42	0	0	510	740	False	0		False
Cjejuni	ilvD	rrc	159	True	41.0	62.0	518	0	0	62	0	0	0	529	False	0		False
Cjejuni	Cj0015c	Cj0016	65	True	41.0	41.0	574	0	0	0	0	0	0	574	False	0		False
Cjejuni	Cj0022c	purB	77	True	41.0	45.0	604	0	0	45	0	0	0	606	False	0		False
Cjejuni	pyrG	thyX	119	True	457.0	457.0	591	0	0	0	0	0	457	768	False	0		False
Cjejuni	Cj0035c	Cj0036	102	True	613.0	618.6	544	0	0	55	0	0	613	818	False	0		False
Cjejuni	Cj0040	typA	134	True	41.0	44.0	531	0	0	44	0	0	0	532	False	0		False
Cjejuni	Cj0045c	Cjs03	179	False											False	0		False
Cjejuni	Cj0067	aroQ	90	True	41.0	41.0	601	0	0	0	0	0	0	601	False	0		False
Cjejuni	Cj0080	cdtA	76	True	41.0	41.0	553	0	0	0	0	0	0	553	False	0		False
Cjejuni	aspA	ung	270	True	41.0	41.0	434	0	0	0	0	0	0	434	False	0		False
Cjejuni	Cj0129c	tyrA	76	True	41.0	41.0	605	0	0	0	0	0	0	605	False	0		False
Cjejuni	Cj0143c	Cj0144	198	True	46.0	46.0	495	0	0	0	0	0	46	497	False	0		False
Cjejuni	miaA	ubiA	70	True	110.0	110.0	606	0	0	0	0	0	110	635	False	0		False
Cjejuni	Cj0167c	tRNAGlu	147	False											False	0		False
Cjejuni	Cj0168c	sodB	267	True	41.0	105.0	437	0	0	105	0	0	0	474	False	0		False
Cjejuni	Cj0176c	Cj0177	221	True	157.0	157.0	478	0	0	0	0	0	157	541	False	0		False
Cjejuni	folE	tig	142	True	41.0	51.0	583	0	0	51	0	0	0	587	False	0		False
Cjejuni	Cj0229	pcm	88	True	41.0	41.0	582	0	0	0	0	0	0	582	False	0		False
Cjejuni	Cj0236c	cynT	159	True	41.0	41.0	575	0	0	0	0	0	0	575	False	0		False
Cjejuni	Cj0243c	rpmI	155	True	41.0	41.0	521	0	0	0	0	0	0	521	False	0		False
Cjejuni	Cj0251c	moaC	92	True	41.0	41.0	547	0	0	0	0	0	0	547	False	0		False
Cjejuni	Cj0256	exoA	117	True	41.0	41.0	592	0	0	0	0	0	0	592	False	0		False
Cjejuni	Cj0262c	Cj0263	192	True	456.0	456.0	499	0	0	0	0	0	456	715	False	0		False
Cjejuni	Cj0270	ilvE	176	True	184.0	184.0	567	0	0	0	0	184	0	631	False	0		False
Cjejuni	Cj0299	panB	219	True	328.0	426.8	479	0	0	182	0	0	328	689	False	0		False
Cjejuni	bioA	bioF	67	True	853.3	943.1	607	17	645	628	0	459	740	991	False	0		False
Cjejuni	Cj0310c	Cj0311	133	True	46.0	46.0	531	0	0	0	0	0	46	534	False	0		False
Cjejuni	ahpC	fdxA	206	True	332.0	363.3	489	0	0	86	0	0	332	660	False	0		False
Cjejuni	Cj0339	polA	163	True	358.0	358.0	597	0	0	0	0	0	358	730	False	0		False
Cjejuni	Cj0343c	Cj0344	122	True	41.0	41.0	536	0	0	0	0	0	0	536	False	0		False
Cjejuni	Cj0357c	Cj0358	200	True	121.0	143.9	493	0	0	66	0	0	121	548	False	0		False
Cjejuni	Cj0363c	Cj0364	128	True	41.0	41.0	533	0	0	0	0	0	0	533	False	0		False
Cjejuni	Cj0369c	rpsU	159	True	232.0	232.0	572	0	0	0	0	0	232	658	False	0		False
Cjejuni	Cj0385c	engA	101	True	41.0	58.0	544	0	0	58	0	0	0	552	False	0		False
Cjejuni	Cj0397c	gatC	143	True	41.0	41.0	583	0	0	0	0	0	0	582	False	0		False
Cjejuni	Cj0406c	lgt	89	True	41.0	61.0	601	0	0	61	0	0	0	609	False	0		False
Cjejuni	Cj0418c	Cj0419	107	True	41.0	46.0	542	0	163	46	0	0	0	602	False	0		False
Cjejuni	Cj0422c	Cj0423	168	True	399.0	409.7	514	0	0	58	399	0	0	700	False	0		False
Cjejuni	Cj0429c	Cj0430	127	True	41.0	47.0	534	0	0	47	0	0	0	537	False	0		False
Cjejuni	mraY	pgm	79	True	41.0	41.0	604	0	0	0	0	0	0	604	False	0		False
Cjejuni	Cj0440c	acpP	109	True	390.0	391.3	541	0	0	43	0	0	390	709	False	0		False
Cjejuni	rep	rpmB	139	True	41.0	44.0	584	0	0	44	0	0	0	585	False	0		False
Cjejuni	Cj0459c	nusA	103	True	399.0	399.6	596	0	0	42	399	0	0	747	False	0		False
Cjejuni	Cj0461c	Cj0462	73	True	41.0	41.0	606	0	0	0	0	0	0	606	False	0		False
Cjejuni	ctb	nssR	94	True	566.0	566.0	597	0	0	0	0	0	566	817	False	0		False
Cjejuni	Cj0480c	dapA	230	True	456.0	775.9	492	0	0	605	0	0	456	881	False	0		False
Cjejuni	Cj0505c	alaS	114	True	41.0	41.0	593	0	0	0	0	0	0	593	False	0		False
Cjejuni	Cj0510c	Cj0511	117	True	46.0	46.0	589	0	0	0	0	0	46	591	False	0		False
Cjejuni	efp	rnpB	114	False											False	0		False
Cjejuni	Cj0559	proA	70	True	41.0	41.0	586	0	0	0	0	0	0	586	False	0		False
Cjejuni	Cj0561c	dnaB	153	True	41.0	41.0	522	0	0	0	0	0	0	522	False	0		False
Cjejuni	ribA	tRNAGln	92	False											False	0		False
Cjejuni	Cj0580c	Cj0581	101	True	41.0	41.0	597	0	0	0	0	0	0	597	False	0		False
Cjejuni	nth	peb4cbf2	80	True	41.0	46.0	603	0	0	46	0	0	0	606	False	0		False
Cjejuni	Cj0604	dsbD	94	True	41.0	184.0	600	0	0	184	0	0	0	659	False	0		False
Cjejuni	cft	pstS	179	True	41.0	41.0	520	0	0	0	0	0	0	520	False	0		False
Cjejuni	Cj0631c	ilvC	118	True	41.0	41.0	592	0	0	0	0	0	0	592	False	0		False
Cjejuni	aspS	pnk	90	True	123.0	123.0	601	0	0	0	0	0	123	635	False	0		False
Cjejuni	Cj0667	argG	155	True	399.0	399.0	577	0	0	0	399	0	0	735	False	0		False
Cjejuni	Cj0681	uvrB	153	True	41.0	41.0	578	0	0	0	0	0	0	578	False	0		False
Cjejuni	cipA	ispG	105	True	41.0	43.0	543	0	0	43	0	0	0	544	False	0		False
Cjejuni	flgH	pta	89	True	41.0	58.0	601	0	0	58	0	0	0	608	False	0		False
Cjejuni	Cj0690c	Cj0691	149	True	41.0	76.0	524	0	0	76	0	0	0	541	False	0		False
Cjejuni	Cj0693c	Cj0694	158	True	41.0	66.0	574	0	0	66	0	0	0	585	False	0		False
Cjejuni	Cj0700	glnA	202	True	41.0	41.0	526	0	0	0	0	0	0	526	False	0		False
Cjejuni	Cj0723c	Cj0724	126	True	41.0	41.0	534	0	0	0	0	0	0	534	False	0		False
Cjejuni	Cj0727	corA	116	True	41.0	41.0	538	0	0	0	0	0	0	538	False	0		False
Cjejuni	Cj0735	hisJ	326	True	41.0	41.0	375	0	0	0	0	0	0	375	False	0		False
Cjejuni	cfrA	tonB3	324	True	900.4	984.3	402	0	317	849	803	0	515	993	False	0		False
Cjejuni	Cj0776c	Cj0777	128	True	41.0	52.0	533	0	0	52	0	0	0	539	False	0		False
Cjejuni	Cj0791c	Cj0792	35	True	41.0	41.0	615	0	0	0	0	0	0	615	False	0		False
Cjejuni	Cj0800c	Cj0801	103	True	41.0	66.0	596	0	0	66	0	0	0	607	False	0		False
Cjejuni	Cj0809c	nadE	73	True	41.0	41.0	606	0	0	0	0	0	0	606	False	0		False
Cjejuni	fliP	glmU	142	True	41.0	41.0	583	0	0	0	0	0	0	583	False	0		False
Cjejuni	Cj0829c	Cj0830	118	True	41.0	41.0	538	0	0	0	0	0	0	538	False	0		False
Cjejuni	acnB	ogt	54	True	41.0	41.0	607	0	0	0	0	0	0	607	False	0		False
Cjejuni	Cj0842	mobB	95	True	41.0	77.0	546	0	0	77	0	0	0	563	False	0		False
Cjejuni	Cj0846	gltX	85	True	41.0	41.0	550	0	0	0	0	0	0	550	False	0		False
Cjejuni	Cj0854c	folD	79	True	41.0	41.0	604	0	0	0	0	0	0	604	False	0		False
Cjejuni	Cj0859c	Cj0860	94	True	41.0	879.0	547	0	0	879	0	0	0	942	False	0		False
Cjejuni	Cj0877c	Cj0878	20	True	41.0	41.0	568	0	0	0	0	0	0	568	False	0		False
Cjejuni	Cj0883c	rpsO	174	True	41.0	55.0	568	0	0	55	0	0	0	574	False	0		False
Cjejuni	Cj0887c	tRNALeu	180	False											False	0		False
Cjejuni	Cj0898	pheS	122	True	41.0	48.0	590	0	0	48	0	0	0	593	False	0		False
Cjejuni	Cj0900c	Cj0901	82	True	41.0	41.0	551	0	0	0	0	0	0	551	False	0		False
Cjejuni	Cj0906c	Cj0908	155	True	183.0	183.0	540	0	0	0	0	0	183	608	False	0		False
Cjejuni	Cj0915	ciaB	61	True	196.0	218.6	609	0	0	68	0	0	196	681	False	0		False
Cjejuni	cheB'	rpiB	165	True	41.0	41.0	572	0	0	0	0	0	0	572	False	0		False
Cjejuni	Cj0935c	atpE	232	True	41.0	41.0	469	0	0	0	0	0	0	469	False	0		False
Cjejuni	lolA	secA	99	True	298.0	298.0	598	0	0	0	0	0	298	706	False	0		False
Cjejuni	Cj0945c	Cj0946	48	True	41.0	41.0	612	0	0	0	0	0	0	612	False	0		False
Cjejuni	Cj0962	rpmH	130	True	41.0	66.0	587	0	0	66	0	0	0	598	False	0		False
Cjejuni	Cj0965c	Cj0967	142	True	566.0	566.0	527	0	0	0	0	0	566	786	False	0		False
Cjejuni	Cj0979c	Cj0980	67	True	41.0	41.0	607	0	0	0	0	0	0	607	False	0		False
Cjejuni	Cj0983	cjaA	218	True	41.0	41.0	490	0	0	0	0	0	0	490	False	0		False
Cjejuni	hemB	ribA	57	True	400.0	400.0	218	0	0	0	0	0	400	510	False	0		False
Cjejuni	Cj0999c	Cj1000	112	True	41.0	58.0	594	0	266	58	0	0	0	694	False	0		False
Cjejuni	Cj1003c	Cj1004	98	True	41.0	61.0	557	0	0	61	0	0	0	567	False	0		False
Cjejuni	Cj1009c	tgt	29	True	41.0	41.0	616	0	0	0	0	0	0	616	False	0		False
Cjejuni	cmeD	lepA	126	True	41.0	60.0	534	0	0	60	0	0	0	543	False	0		False
Cjejuni	Cj1038	pycA	139	True	41.0	41.0	566	0	0	0	0	0	0	567	False	0		False
Cjejuni	Cj1062	ileS	98	True	41.0	115.0	598	0	0	115	0	0	0	629	False	0		False
Cjejuni	Cj1074c	Cj1075	160	True	41.0	66.0	575	0	0	66	0	0	0	586	False	0		False
Cjejuni	Cj1097	metK	140	True	41.0	41.0	584	0	0	0	0	0	0	584	False	0		False
Cjejuni	Cj1112c	Cj1113	89	True	41.0	41.0	548	0	0	0	0	0	0	548	False	0		False
Cjejuni	Cj1132c	waaC	65	True	41.0	54.0	608	0	0	54	0	0	0	613	False	0		False
Cjejuni	Cj1137c	Cj1138	57	True	41.0	821.0	558	0	0	821	0	0	0	917	False	0		False
Cjejuni	cstIII	wlaN	54	True	478.0	934.1	559	0	0	879	0	0	478	969	False	0		False
Cjejuni	waaF	waaV	58	True	555.0	557.3	610	0	0	46	0	0	555	819	False	0		False
Cjejuni	Cj1153	gmhB	81	True	232.0	232.0	603	0	0	0	0	0	232	682	False	0		False
Cjejuni	Cj1155c	rho	108	True	41.0	45.0	561	0	0	45	0	0	0	562	False	0		False
Cjejuni	Cj1166c	ldh	66	True	41.0	41.0	556	0	0	0	0	0	0	556	False	0		False
Cjejuni	Cj1172c	Cj1173	108	True	41.0	41.0	542	0	0	0	0	0	0	542	False	0		False
Cjejuni	Cj1191c	dctA	268	True	41.0	41.0	436	0	0	0	0	0	0	436	False	0		False
Cjejuni	Cj1193c	Cj1194	141	True	41.0	62.0	527	0	0	62	0	0	0	538	False	0		False
Cjejuni	Cj1198	gatB	114	True	41.0	41.0	539	0	0	0	0	0	0	539	False	0		False
Cjejuni	Cj1207c	Cj1208	82	True	41.0	45.0	603	0	0	45	0	0	0	605	False	0		False
Cjejuni	Cj1214c	Cj1215	121	True	41.0	41.0	590	0	0	0	0	0	0	590	False	0		False
Cjejuni	Cj1219c	groES	161	True	41.0	41.0	574	0	0	0	0	0	0	574	False	0		False
Cjejuni	Cj1224	dccR	147	True	154.0	154.0	535	0	0	0	0	154	0	590	False	0		False
Cjejuni	cbpA	htrA	199	True	220.0	262.3	554	0	0	93	64	155	93	657	False	0		False
Cjejuni	Cj1237c	pdxJ	55	True	41.0	41.0	611	0	0	0	0	0	0	610	False	0		False
Cjejuni	Cj1240c	Cj1241	112	True	41.0	61.0	540	0	0	61	0	0	0	550	False	0		False
Cjejuni	Cj1247c	guaA	138	True	41.0	41.0	617	0	0	0	0	0	0	617	False	0		False
Cjejuni	Cj1257c	Cj1258	53	True	46.0	76.8	559	0	0	72	0	0	46	576	False	0		False
Cjejuni	dnaJ	racR	156	True	740.0	742.2	577	0	0	49	0	0	740	886	False	0		False
Cjejuni	Cj1280c	mrdB	77	True	41.0	41.0	604	0	0	0	0	0	0	605	False	0		False
Cjejuni	ktrB	tRNAPhe	139	False											False	0		False
Cjejuni	Cj1289	gltX	64	True	41.0	41.0	0	0	0	0	0	0	0	0	False	0		False
Cjejuni	accB	dcd	147	True	41.0	48.0	581	0	0	48	0	0	0	584	False	0		False
Cjejuni	Cj1306c	Cj1307	60	True	41.0	48.0	557	0	0	48	0	0	0	561	False	0		False
Cjejuni	Cj1310c	pseF	78	True	41.0	43.0	552	0	0	43	0	0	0	553	False	0		False
Cjejuni	pseA	pseI	257	True	485.5	485.5	446	0	151	0	399	0	179	737	False	0		False
Cjejuni	Cj1349c	mobA	61	True	41.0	41.0	609	0	0	0	0	0	0	609	False	0		False
Cjejuni	nrfH	ppk	188	True	41.0	41.0	501	0	0	0	0	0	0	501	False	0		False
Cjejuni	Cj1361c	ruvB	48	True	41.0	41.0	612	0	0	0	0	0	0	612	False	0		False
Cjejuni	Cj1367c	Cj1368	143	True	41.0	41.0	583	0	0	0	0	0	0	582	False	0		False
Cjejuni	Cj1374c	Cj1375	166	True	41.0	43.0	572	0	0	43	0	0	0	573	False	0		False
Cjejuni	Cj1377c	selA	77	True	41.0	41.0	585	0	0	0	0	0	0	585	False	0		False
Cjejuni	Cj1384c	katA	170	True	41.0	206.0	512	0	0	206	0	0	0	596	False	0		False
Cjejuni	Cj1387c	Cj1388	167	True	528.0	595.4	571	0	165	178	0	0	528	842	False	0		False
Cjejuni	gapA	nadD	58	True	41.0	41.0	610	0	155	0	0	0	0	656	False	0		False
Cjejuni	Cj1407c	fliL	102	True	41.0	41.0	572	0	0	0	0	0	0	571	False	0		False
Cjejuni	Cj1449c	Cj1450	74	True	41.0	41.0	605	0	0	0	0	0	0	605	False	0		False
Cjejuni	Cj1454c	prfB	73	True	41.0	137.0	586	0	0	137	0	0	0	627	False	0		False
Cjejuni	Cj1459	thiL	86	True	41.0	41.0	567	0	0	0	0	0	0	568	False	0		False
Cjejuni	Cj1500	tRNASeC	139	False											False	0		False
Cjejuni	Cj1515c	Cj1516	123	True	41.0	41.0	536	0	0	0	0	0	0	536	False	0		False
Cjejuni	coaE	purM	60	True	378.0	378.0	609	0	0	0	0	0	378	746	False	0		False
Cjejuni	Cj1539c	Cj1540	45	True	636.1	644.9	612	0	774	64	0	459	355	966	False	0		False
Cjejuni	Cj1545c	Cj1546	99	True	206.0	206.0	564	0	0	0	0	0	206	638	False	0		False
Cjejuni	Cj1555c	Cj1556	192	True	47.0	693.9	519	0	0	692	0	0	47	846	False	0		False
Cjejuni	Cj1563c	Cj1564	79	True	400.0	400.0	552	0	0	0	0	0	400	719	False	0		False
Cjejuni	Cj1585c	cgb	151	True	41.0	41.0	523	0	0	0	0	0	0	523	False	0		False
Cjejuni	Cj1588c	Cj1589	86	True	41.0	47.0	549	0	0	47	0	0	0	552	False	0		False
Cjejuni	ispDF	mrp	122	True	41.0	42.0	623	0	0	42	0	0	0	623	False	0		False
Cjejuni	Cj1613c	chuA	193	True	397.0	923.9	518	0	225	879	0	0	397	969	False	0		False
Cjejuni	Cj1618c	kgtP	105	True	41.0	45.0	543	0	0	45	0	0	0	545	False	0		False
Cjejuni	Cj1621	mutY	72	True	41.0	41.0	606	0	0	0	0	0	0	606	False	0		False
Cjejuni	Cj1627c	exbB2	157	True	41.0	51.0	520	0	0	51	0	0	0	525	False	0		False
Cjejuni	Cj1632c	Cj1633	94	True	41.0	41.0	547	0	0	0	0	0	0	547	False	0		False
Cjejuni	Cj1637c	dnaG	69	True	41.0	41.0	607	0	268	0	0	0	0	700	False	0		False
Cjejuni	Cj1674	recA	105	True	41.0	66.0	596	0	0	66	0	0	0	607	False	0		False
Cjejuni	Cj1687	topA	194	True	123.0	123.0	497	0	0	0	0	0	123	540	False	0		False
Cjejuni	Cj1712	ksgA	81	True	188.3	191.6	603	0	154	45	0	184	46	705	False	0		False
Cjejuni	tRNAMet	tRNASer	135	False											False	0		False
Cjejuni	Cj1720	leuA	319	True	41.0	41.0	382	0	0	0	0	0	0	382	False	0		False
Cjejuni	Cj1724c	Cj1725	159	True	41.0	52.0	518	0	0	52	0	0	0	524	False	0		False
Ecoli	talB	yaaJ	278	True	78.0	78.0	449	0	0	0	0	0	78	470	False	0		False
Ecoli	dnaK	yaaI	376	True	112.0	113.9	340	0	0	43	0	0	112	389	False	0		False
Ecoli	hokC	sokC	48	False											False	0		False
Ecoli	rpsT	yaaY	102	True	522.0	527.0	544	0	0	51	0	0	522	775	False	0		False
Ecoli	caiT	fixA	471	True	540.0	576.9	60	0	277	118	0	0	540	687	False	0		False
Ecoli	djlA	lptD	254	True	279.0	282.8	516	0	166	46	0	0	279	685	False	0		False
Ecoli	araB	araC	338	True	810.0	812.8	362	0	481	55	0	0	810	932	False	0		False
Ecoli	sgrR	sgrS	67	False											False	0		False
Ecoli	ilvI	yabR	118	False											False	0		False
Ecoli	coaE	yacM	24	False											False	0		False
Ecoli	ampD	nadC	87	True	400.0	449.4	576	0	0	120	0	0	400	756	False	0		False
Ecoli	acnB	yacH	354	True	203.0	203.0	346	0	0	0	0	0	203	456	False	0		False
Ecoli	cueO	yacC	165	True	103.0	103.0	515	0	0	0	0	0	103	546	False	0		False
Ecoli	gcd	hpt	205	True	89.0	89.0	490	0	0	0	0	0	89	515	False	0		False
Ecoli	can	yadG	108	True	201.0	224.3	553	0	0	69	0	0	201	638	False	0		False
Ecoli	panD	rpnC	273	True	275.0	275.0	431	0	0	0	0	0	275	569	False	0		False
Ecoli	hrpB	thpR	73	True	41.0	100.0	577	0	0	100	0	0	0	602	False	0		False
Ecoli	hemL	yadX	165	False											False	0		False
Ecoli	dgt	mtn	83	True	157.0	157.0	559	0	0	0	0	0	157	613	False	0		False
Ecoli	map	tff	205	False											False	0		False
Ecoli	yaeP	yaeQ	165	True	41.0	41.0	515	0	0	0	0	0	0	515	False	0		False
Ecoli	gmhB	metN	187	True	41.0	71.0	562	0	0	71	0	0	0	576	False	0		False
Ecoli	yafC	yafD	240	True	388.0	393.7	498	0	0	50	0	0	388	683	False	0		False
Ecoli	dnaQ	rnhA	64	True	735.0	744.4	609	900	0	75	0	0	735	989	False	0		False
Ecoli	ivy	yafV	153	True	41.0	41.0	522	0	0	0	0	0	0	522	False	0		False
Ecoli	fadE	gmhA	239	True	42.0	42.0	485	0	0	0	0	0	42	485	False	0		False
Ecoli	dinJ	yafL	209	True	41.0	41.0	487	0	0	0	0	0	0	487	False	0		False
Ecoli	gpt	pepD	260	True	41.0	41.0	459	0	0	0	0	0	0	459	False	0		False
Ecoli	phoE	proB	287	True	265.0	265.0	416	0	0	0	0	0	265	553	False	0		False
Ecoli	insI1	perR	420	True	41.0	41.0	0	0	0	0	0	0	0	0	False	0		False
Ecoli	insH1	mmuP	243	True	390.0	390.0	0	0	0	0	0	0	390	390	False	0		False
Ecoli	yagA	yagE	294	True	41.0	55.0	409	0	0	55	0	0	0	418	False	0		False
Ecoli	argL	ykgS	139	False											False	0		False
Ecoli	insA3	yagJ	153	False											False	0		False
Ecoli	paoA	yagU	417	True	41.0	41.0	0	0	0	0	0	0	0	0	False	0		False
Ecoli	rclA	rclR	225	True	810.0	822.3	475	0	0	103	0	0	810	902	False	0		False
Ecoli	betI	betT	128	True	902.0	974.0	553	0	265	746	0	0	902	990	False	0		False
Ecoli	yahC	yahD	257	True	41.0	154.0	446	0	0	154	0	0	0	512	False	0		False
Ecoli	yahN	yahO	146	True	41.0	41.0	525	0	0	0	0	0	0	525	True	1	1499	True
Ecoli	prpB	prpR	238	True	558.0	586.1	494	0	0	102	0	0	558	781	False	0		False
Ecoli	cynR	cynT	108	True	621.0	744.3	542	0	165	353	0	0	621	893	False	0		False
Ecoli	mhpA	mhpR	190	True	532.0	553.0	510	0	239	84	0	0	532	819	False	0		False
Ecoli	yaiP	ykiC	24	False											False	0		False
Ecoli	ampH	sbmA	351	True	41.0	51.0	368	0	0	51	0	0	0	374	False	0		False
Ecoli	yaiY	yaiZ	259	True	41.0	43.0	444	0	0	43	0	0	0	446	False	0		False
Ecoli	ddlA	iraP	462	True	41.0	41.0	0	0	0	0	0	0	0	0	False	0		False
Ecoli	proC	yaiI	119	True	41.0	46.0	561	0	0	46	0	0	0	563	False	0		False
Ecoli	mak	rdgC	124	True	41.0	41.0	535	0	0	0	0	0	0	535	False	0		False
Ecoli	phoB	sbcD	189	True	116.5	139.5	501	0	0	66	82	0	77	552	False	0		False
Ecoli	acpH	queA	92	True	41.0	41.0	601	0	0	0	0	0	0	602	False	0		False
Ecoli	nrdR	yajI	150	True	269.0	274.3	523	0	0	48	0	0	269	639	False	0		False
Ecoli	thiI	xseB	205	True	169.0	208.0	572	0	0	86	0	0	169	647	False	0		False
Ecoli	panE	yajQ	167	True	118.0	118.0	573	0	0	0	0	0	118	607	False	0		False
Ecoli	bolA	yajG	304	True	41.0	41.0	471	0	0	0	0	0	0	471	False	0		False
Ecoli	cof	ybaE	99	True	65.0	65.0	545	0	0	0	0	0	65	556	False	0		False
Ecoli	tesB	ybaY	217	True	41.0	108.0	544	0	0	108	0	0	0	576	False	0		False
Ecoli	ffs	ybaZ	76	False											False	0		False
Ecoli	acrA	acrR	141	True	900.0	918.5	527	0	0	218	0	0	900	959	False	0		False
Ecoli	priC	ybaN	69	True	41.0	50.0	587	0	0	50	0	0	0	590	False	0		False
Ecoli	aes	gsk	151	True	41.0	57.0	523	0	0	57	0	0	0	531	False	0		False
Ecoli	fsr	ushA	217	True	41.0	41.0	517	0	0	0	0	0	0	517	False	0		False
Ecoli	chiX	ybaK	121	False											False	0		False
Ecoli	ybaP	ybaQ	137	True	641.0	650.4	529	0	0	66	0	0	641	828	False	0		False
Ecoli	copA	glsA	261	True	113.0	113.0	443	0	0	0	0	0	113	484	False	0		False
Ecoli	fetA	qmcA	145	True	670.0	671.7	526	0	0	46	0	0	670	837	False	0		False
Ecoli	allA	allS	229	True	451.0	481.9	471	0	0	95	0	0	451	714	False	0		False
Ecoli	allD	fdrA	316	True	681.4	705.0	397	0	610	112	0	500	389	924	False	0		False
Ecoli	cysS	ppiB	173	True	313.8	366.1	540	0	0	114	62	63	282	696	False	0		False
Ecoli	folD	sfmA	470	True	201.0	201.0	55	0	0	0	0	0	201	212	False	0		False
Ecoli	argU	fimZ	242	False											False	0		False
Ecoli	ybcV	ybcW	285	True	782.0	798.1	418	0	0	112	0	0	782	877	False	0		False
Ecoli	nohD	ylcI	388	True	41.0	41.0	314	0	0	0	0	0	0	314	False	0		False
Ecoli	cusC	cusR	156	True	904.0	966.2	520	0	0	662	0	0	904	983	False	0		False
Ecoli	hokE	sokE	43	False											False	0		False
Ecoli	fepA	fes	242	True	897.0	975.5	479	0	368	772	0	0	897	991	False	0		False
Ecoli	entS	fepD	110	True	877.0	968.1	541	0	224	751	0	0	877	987	False	0		False
Ecoli	entC	fepB	374	True	804.0	970.8	339	0	496	857	0	0	804	989	False	0		False
Ecoli	hcxA	ybdL	108	True	740.0	948.5	551	0	0	810	0	0	740	975	False	0		False
Ecoli	ahpC	dsbG	371	True	212.0	227.6	329	0	0	60	0	0	212	459	False	0		False
Ecoli	uspG	ybdR	220	True	41.0	54.0	481	0	0	54	0	0	0	488	False	0		False
Ecoli	citC	dpiB	378	True	807.0	809.8	323	0	304	55	0	0	807	902	False	0		False
Ecoli	leuS	ybeL	234	True	41.0	41.0	531	0	0	0	0	0	0	532	False	0		False
Ecoli	ybeQ	ybeR	163	True	559.0	576.5	525	0	0	79	0	0	559	790	False	0		False
Ecoli	ybeT	ybeU	101	True	813.0	859.0	553	0	0	277	0	0	813	934	False	0		False
Ecoli	miaB	ubiF	145	True	63.0	75.7	540	0	0	54	0	0	63	556	False	0		False
Ecoli	nagB	nagE	332	True	930.0	946.2	471	140	0	263	0	0	930	973	False	0		False
Ecoli	seqA	ybfF	184	True	41.0	133.0	536	0	0	133	0	0	0	580	False	0		False
Ecoli	kdpF	ybfA	312	True	41.0	41.0	390	0	0	0	0	0	0	390	False	0		False
Ecoli	dtpD	ybgI	270	True	41.0	41.0	434	0	0	0	0	0	0	434	False	0		False
Ecoli	sdhC	ybgU	395	False											False	0		False
Ecoli	mngA	mngR	108	True	541.0	543.4	542	0	0	46	0	0	541	781	False	0		False
Ecoli	aroG	ybgS	315	True	117.0	117.0	386	0	0	0	0	0	117	435	False	0		False
Ecoli	acrZ	modE	128	True	41.0	41.0	607	0	0	0	0	0	0	607	False	0		False
Ecoli	pgl	ybhA	154	True	168.0	168.0	521	0	0	0	0	0	168	584	False	0		False
Ecoli	ybhD	ybhH	183	True	41.0	353.0	505	0	462	353	0	0	0	812	False	0		False
Ecoli	bioA	bioB	86	True	905.0	989.7	603	899	754	896	0	0	905	999	False	0		False
Ecoli	moaA	ybhK	396	True	112.0	140.7	391	0	0	72	0	0	112	454	False	0		False
Ecoli	ybhP	ybhQ	132	True	41.0	72.0	532	0	0	72	0	0	0	547	False	0		False
Ecoli	cecR	rhlE	228	True	286.0	286.0	472	0	0	0	0	0	286	607	False	0		False
Ecoli	dinG	ybiA	119	True	351.0	351.0	537	0	0	0	78	0	325	687	False	0		False
Ecoli	mcbA	rlmF	275	True	41.0	41.0	440	0	0	0	0	0	0	440	False	0		False
Ecoli	rhtA	yliM	234	False											False	0		False
Ecoli	mntR	mntS	185	True	811.0	811.0	538	0	0	0	0	0	811	909	True	1	32475	True
Ecoli	ldtB	ybiT	218	True	41.0	74.0	480	0	0	74	0	0	0	498	True	2	9039	True
Ecoli	fsaA	ybiY	130	True	386.0	430.8	540	0	0	111	0	0	386	727	False	0		False
Ecoli	iaaA	moeA	203	True	56.0	73.7	491	0	0	59	56	0	0	509	False	0		False
Ecoli	bssR	rimO	212	True	41.0	41.0	485	0	0	0	0	0	0	485	False	0		False
Ecoli	dacC	gstB	246	True	90.0	187.7	457	0	0	144	0	0	90	540	False	0		False
Ecoli	mdfA	ybjG	284	True	325.0	355.3	426	0	0	84	0	0	325	614	False	0		False
Ecoli	rcdA	ybjJ	83	True	593.0	896.0	581	0	232	755	0	0	593	963	False	0		False
Ecoli	ybjL	ybjM	269	True	544.0	555.9	435	0	0	66	0	0	544	738	False	0		False
Ecoli	grxA	ybjC	159	True	119.0	119.0	518	0	0	0	0	0	119	558	False	0		False
Ecoli	ybjP	ybjQ	125	True	142.0	288.7	535	0	0	205	0	0	142	655	True	7	2647	False
Ecoli	aqpZ	ybjD	425	True	530.0	530.0	59	0	0	0	0	0	530	538	False	0		False
Ecoli	macA	ybjX	114	True	95.0	95.0	539	0	0	0	0	0	95	565	False	0		False
Ecoli	cspD	yljB	149	False											False	0		False
Ecoli	ycaC	ycaD	313	True	702.0	702.0	389	0	0	0	0	0	702	810	False	0		False
Ecoli	ycaK	ycaN	99	True	41.0	133.0	545	0	0	133	0	0	0	588	False	0		False
Ecoli	ycaO	ycaP	129	True	390.0	390.0	533	0	0	0	0	0	390	703	False	0		False
Ecoli	cmoM	elyC	135	True	41.0	41.0	587	0	0	0	0	0	0	587	False	0		False
Ecoli	pepN	pncB	265	True	580.9	581.8	441	0	0	43	74	0	566	756	False	0		False
Ecoli	elfA	ssuE	355	True	41.0	41.0	345	0	0	0	0	0	0	345	False	0		False
Ecoli	rlmL	ycbX	243	True	49.0	76.8	496	0	0	69	0	0	49	515	False	0		False
Ecoli	matP	ycbZ	185	True	210.0	214.1	538	0	0	46	0	0	210	621	False	0		False
Ecoli	sulA	sxy	218	True	41.0	55.0	480	0	0	55	0	0	0	488	False	0		False
Ecoli	helD	yccF	122	True	507.0	507.0	551	0	0	0	0	0	507	769	False	0		False
Ecoli	csgI	yccU	172	True	41.0	104.0	511	0	0	104	0	0	0	543	False	0		False
Ecoli	rlmI	yccX	94	True	332.0	332.0	578	0	0	0	0	0	332	706	False	0		False
Ecoli	hyaA	serT	426	False											False	0		False
Ecoli	gfcA	insA4	88	True	41.0	41.0	549	0	0	0	0	0	0	549	False	0		False
Ecoli	cspG	cspH	285	True	109.0	737.1	418	0	0	717	0	0	109	840	False	0		False
Ecoli	torS	torT	82	True	983.8	985.4	551	0	684	135	655	0	955	997	True	3	54420	True
Ecoli	torC	torR	129	True	817.0	817.0	533	0	375	0	0	0	817	941	False	0		False
Ecoli	cbpA	yccE	260	True	112.0	112.0	444	0	0	0	0	0	112	485	False	0		False
Ecoli	wrbA	ymdF	372	True	141.0	166.1	328	0	0	69	0	0	141	416	True	5	61274	True
Ecoli	rutA	rutR	230	True	46.0	52.0	470	0	350	47	0	0	46	645	False	0		False
Ecoli	putA	ymdG	237	False											False	0		False
Ecoli	insE4	ycdU	405	True	385.0	385.0	0	0	0	0	0	0	385	384	False	0		False
Ecoli	ghrA	serX	233	False											False	0		False
Ecoli	opgC	opgG	393	True	822.0	822.9	325	0	0	46	0	0	822	875	False	0		False
Ecoli	lpxL	trhO	224	True	117.0	117.0	475	0	0	0	0	0	117	517	False	0		False
Ecoli	mdtH	rimJ	235	True	41.0	41.0	466	0	191	0	0	0	0	550	False	0		False
Ecoli	flgA	flgB	154	True	859.0	997.4	579	0	410	982	0	0	859	999	False	0		False
Ecoli	rne	yceQ	134	True	285.0	285.0	531	0	0	0	0	0	285	650	False	0		False
Ecoli	fhuE	hinT	333	True	41.0	41.0	367	0	0	0	0	0	0	367	False	0		False
Ecoli	bhsA	comR	240	True	870.0	885.7	464	0	0	157	0	0	870	936	False	0		False
Ecoli	lolC	ycfT	261	True	47.0	47.0	466	0	0	0	0	0	47	469	False	0		False
Ecoli	pepT	potA	249	True	43.0	43.0	464	0	0	0	0	0	43	465	False	0		False
Ecoli	icd	rluE	171	True	41.0	41.0	571	0	0	0	0	0	0	571	False	0		False
Ecoli	lit	ymfE	457	True	41.0	743.0	0	0	0	743	0	0	0	743	False	0		False
Ecoli	ymfH	ymfI	116	False											False	0		False
Ecoli	ymfK	ymfT	90	True	644.0	758.0	556	0	0	348	0	0	644	888	False	0		False
Ecoli	bluF	ycgZ	313	True	623.0	626.5	389	0	0	50	0	0	623	762	False	0		False
Ecoli	ymgI	ymgJ	100	True	41.0	41.0	545	0	0	0	0	0	0	545	False	0		False
Ecoli	hlyE	umuD	372	True	210.0	214.1	328	0	0	46	0	0	210	449	False	0		False
Ecoli	fadR	nhaB	220	True	149.0	171.2	542	0	0	66	0	0	149	604	False	0		False
Ecoli	dadA	ycgB	329	True	186.0	212.3	371	0	0	72	0	0	186	484	False	0		False
Ecoli	emtA	ldcA	99	True	326.0	370.3	545	0	0	104	0	0	326	701	False	0		False
Ecoli	ycgR	ymgE	200	True	41.0	41.0	516	0	0	0	0	0	0	516	False	0		False
Ecoli	dhaK	dhaR	227	True	998.1	998.3	473	0	0	131	997	0	398	999	False	0		False
Ecoli	pth	ychH	277	True	208.0	208.0	427	0	0	0	0	0	208	526	False	0		False
Ecoli	hemA	lolB	213	True	396.0	406.1	546	0	0	57	0	0	396	719	False	0		False
Ecoli	ldrA	rdlA	47	False											False	0		False
Ecoli	ldrB	rdlB	47	False											False	0		False
Ecoli	ldrC	rdlC	47	False											False	0		False
Ecoli	chaA	chaB	269	True	816.0	816.0	435	0	0	0	0	0	816	891	False	0		False
Ecoli	ychN	ychO	184	True	41.0	41.0	504	0	0	0	0	0	0	504	False	0		False
Ecoli	narK	narX	338	True	816.0	831.9	377	0	360	124	0	0	816	927	False	0		False
Ecoli	rssA	ychJ	112	True	41.0	69.0	540	0	0	69	0	0	0	553	False	0		False
Ecoli	adhE	ychT	392	False											False	0		False
Ecoli	clsA	yciY	142	True	41.0	41.0	527	0	0	0	0	0	0	527	False	0		False
Ecoli	tonB	yciI	223	True	203.0	227.9	491	0	0	71	0	0	203	591	True	1	14102	True
Ecoli	ompW	yciC	356	True	41.0	41.0	347	0	0	0	0	0	0	347	False	0		False
Ecoli	rnm	trpL	137	True	459.0	459.0	529	0	0	0	0	0	459	734	False	0		False
Ecoli	sohB	yciK	219	True	730.0	738.7	479	0	159	72	0	0	730	875	False	0		False
Ecoli	topA	yciN	379	True	106.0	106.0	432	0	0	0	0	0	106	471	False	0		False
Ecoli	pgpB	ribA	169	True	41.0	51.0	571	0	0	51	0	0	0	575	False	0		False
Ecoli	yciZ	ymiD	37	False											False	0		False
Ecoli	pdeR	ymiB	53	True	41.0	41.0	559	0	0	0	0	0	0	559	False	0		False
Ecoli	puuA	puuD	211	True	893.0	983.7	516	0	645	854	0	0	893	996	False	0		False
Ecoli	pspA	pspF	166	True	996.8	996.8	527	0	541	66	949	0	939	999	False	0		False
Ecoli	ycjW	ycjX	155	True	41.0	50.0	521	0	0	50	0	0	0	525	False	0		False
Ecoli	tpx	ycjG	118	True	41.0	45.0	538	0	0	45	0	0	0	540	False	0		False
Ecoli	pgrR	ycjY	137	True	807.0	929.4	529	0	458	649	0	0	807	980	False	0		False
Ecoli	insH4	ynaI	189	True	41.0	41.0	0	0	0	0	0	0	0	0	False	0		False
Ecoli	abgA	abgR	175	True	807.0	827.9	509	0	184	145	0	0	807	925	False	0		False
Ecoli	mcaS	smrA	227	False											False	0		False
Ecoli	dgcM	ynaN	193	False											False	0		False
Ecoli	kilS	sieB	168	False											False	0		False
Ecoli	racR	ydaS	123	True	904.1	921.2	557	0	0	212	107	0	897	963	False	0		False
Ecoli	insH5	stfR	322	True	41.0	46.0	379	0	0	46	0	0	0	382	False	0		False
Ecoli	micC	ompN	227	False											False	0		False
Ecoli	ydbJ	ydbK	273	True	41.0	41.0	443	0	0	0	0	0	0	443	False	0		False
Ecoli	ldhA	ydbH	207	True	41.0	46.0	505	0	0	46	0	0	0	508	False	0		False
Ecoli	feaB	feaR	235	True	919.0	926.7	466	0	0	132	0	0	919	959	False	0		False
Ecoli	paaA	paaZ	284	True	904.0	974.7	489	0	774	747	0	0	904	996	False	0		False
Ecoli	insC2	insI2	208	True	786.0	786.0	42	0	0	0	0	0	786	786	False	0		False
Ecoli	azoR	hrpA	200	True	41.0	41.0	493	0	0	0	0	0	0	493	False	0		False
Ecoli	rydC	ydcA	170	False											False	0		False
Ecoli	ydcI	ydcJ	216	True	387.0	413.2	482	0	0	82	0	0	387	683	False	0		False
Ecoli	tehA	ydcK	123	True	41.0	41.0	536	0	0	0	0	0	0	536	False	0		False
Ecoli	sutR	ydcO	91	True	457.0	457.0	602	0	237	0	0	0	457	820	False	0		False
Ecoli	hicA	yncJ	221	True	41.0	41.0	478	0	0	0	0	0	0	478	False	0		False
Ecoli	ortT	yncL	194	True	507.0	507.0	497	0	0	0	0	0	507	741	False	0		False
Ecoli	curA	mnaT	180	True	41.0	41.0	506	0	0	0	0	0	0	506	False	0		False
Ecoli	pqqU	yncE	241	True	646.0	648.2	461	0	518	47	0	0	646	900	False	0		False
Ecoli	ansP	yncG	266	True	41.0	41.0	438	0	0	0	0	0	0	438	False	0		False
Ecoli	nhoA	yddH	172	True	196.3	225.6	521	0	0	76	110	0	134	613	False	0		False
Ecoli	fdnG	yddG	231	True	41.0	46.0	470	0	0	46	0	0	0	472	False	0		False
Ecoli	bdm	osmC	344	True	147.0	299.1	356	0	0	212	0	0	147	529	False	0		False
Ecoli	yddA	yneP	202	False											False	0		False
Ecoli	lsrA	lsrR	248	True	904.0	973.7	462	0	0	737	0	0	904	985	False	0		False
Ecoli	ptrR	sad	100	True	144.0	144.0	545	0	0	0	0	0	144	593	False	0		False
Ecoli	marC	marR	211	True	106.0	107.9	485	0	0	43	0	0	106	521	False	0		False
Ecoli	eamA	ydeE	194	True	289.0	447.7	532	0	0	255	0	0	289	731	False	0		False
Ecoli	ydeI	ydeJ	275	True	496.0	842.9	429	0	0	701	0	0	496	906	False	0		False
Ecoli	dcp	ydfG	136	True	41.0	153.0	530	0	0	153	0	0	0	584	False	0		False
Ecoli	nohA	ynfO	388	True	750.4	753.5	0	0	0	53	110	0	731	753	False	0		False
Ecoli	essQ	ynfU	219	False											False	0		False
Ecoli	cspB	cspF	300	True	117.0	684.2	403	0	0	657	0	0	117	803	False	0		False
Ecoli	relB	ydfV	24	True	386.0	402.0	567	0	0	66	0	0	386	730	False	0		False
Ecoli	dicA	dicC	83	True	901.0	901.0	550	0	0	0	0	0	901	953	False	0		False
Ecoli	ynfA	ynfB	134	True	605.0	619.0	531	0	0	75	0	0	605	813	False	0		False
Ecoli	ynfC	ynfD	107	True	41.0	93.0	542	0	0	93	0	0	0	567	False	0		False
Ecoli	ynfL	ynfM	106	True	41.0	55.0	542	0	184	55	0	0	0	616	False	0		False
Ecoli	mdtU	tqsA	203	False											False	0		False
Ecoli	rstA	ydgC	128	True	41.0	51.0	533	0	0	51	0	0	0	538	False	0		False
Ecoli	fumA	manA	198	True	142.0	142.0	530	0	0	0	0	0	142	579	False	0		False
Ecoli	malI	malX	174	True	362.0	383.3	510	0	0	73	0	0	362	685	False	0		False
Ecoli	blr	ydgJ	242	True	453.0	453.0	475	0	0	0	0	0	453	700	False	0		False
Ecoli	anmK	slyB	273	True	90.0	115.6	431	0	0	68	0	0	90	475	False	0		False
Ecoli	slyA	ydhI	200	True	405.0	555.8	525	0	0	284	0	0	405	780	False	0		False
Ecoli	nemR	ydhL	102	True	286.0	296.4	544	0	0	55	0	0	286	665	False	0		False
Ecoli	grxD	mepH	333	True	154.0	178.7	367	0	0	69	0	0	154	458	False	0		False
Ecoli	cydH	purR	298	True	107.0	107.0	405	0	0	0	0	0	107	446	False	0		False
Ecoli	punC	punR	112	True	786.0	786.0	551	0	335	0	0	0	786	930	False	0		False
Ecoli	mdtK	ribC	214	True	153.0	191.0	520	0	0	84	0	0	153	595	False	0		False
Ecoli	valV	ydhQ	307	False											False	0		False
Ecoli	fumD	ynhH	354	False											False	0		False
Ecoli	ydiJ	ydiK	388	True	41.0	41.0	323	0	0	0	0	0	0	322	False	0		False
Ecoli	ydiP	ydiQ	315	True	41.0	52.0	386	0	0	52	0	0	0	393	False	0		False
Ecoli	ppsA	ppsR	332	True	474.0	853.6	444	0	734	733	0	0	474	976	False	0		False
Ecoli	pfkB	ydiY	286	True	41.0	41.0	417	0	0	0	0	0	0	417	False	0		False
Ecoli	hxpB	yniB	146	True	41.0	41.0	525	0	0	0	0	0	0	525	False	0		False
Ecoli	cedA	katE	203	True	74.0	74.0	522	0	0	0	0	0	74	539	False	0		False
Ecoli	nadE	osmE	201	True	104.0	116.1	493	0	0	54	0	0	104	532	False	0		False
Ecoli	astC	xthA	445	True	41.0	41.0	0	0	0	0	0	0	0	0	False	0		False
Ecoli	nudG	ynjF	86	True	41.0	41.0	597	0	0	0	0	0	0	598	False	0		False
Ecoli	gdhA	ynjH	235	True	41.0	43.0	480	0	0	43	0	0	0	482	False	0		False
Ecoli	sppA	ydjA	160	True	277.0	277.0	541	0	0	0	0	0	277	653	False	0		False
Ecoli	gapA	msrB	341	True	198.9	209.7	390	0	0	54	81	0	164	497	False	0		False
Ecoli	mipA	yeaG	435	True	41.0	41.0	0	0	0	0	0	0	0	0	False	0		False
Ecoli	yeaL	yoaI	169	True	41.0	50.0	513	0	0	50	0	0	0	518	False	0		False
Ecoli	nimR	nimT	96	True	809.0	822.5	546	0	239	109	0	0	809	933	False	0		False
Ecoli	dgcP	yoaF	182	True	41.0	41.0	505	0	0	0	0	0	0	505	False	0		False
Ecoli	dmlA	dmlR	102	True	389.0	389.0	544	0	0	0	0	0	389	709	False	0		False
Ecoli	yoaA	yoaB	131	True	389.0	389.0	532	0	0	0	0	0	389	702	False	0		False
Ecoli	pabB	yoaH	73	True	41.0	41.0	559	0	0	0	0	0	0	558	False	0		False
Ecoli	manX	yoaL	316	False											False	0		False
Ecoli	mgrB	yobH	158	True	387.0	387.0	519	0	0	0	0	0	387	692	False	0		False
Ecoli	kdgR	yebQ	176	True	41.0	41.0	509	0	0	0	0	0	0	509	False	0		False
Ecoli	letA	msrC	129	True	41.0	95.0	561	0	0	95	0	0	0	585	False	0		False
Ecoli	pphA	ryeA	96	False											False	0		False
Ecoli	holE	yobA	138	True	41.0	117.0	551	0	0	117	0	0	0	587	False	0		False
Ecoli	purT	yebG	133	True	76.0	76.0	531	0	0	0	0	0	76	548	False	0		False
Ecoli	yebK	zwf	337	True	569.0	569.0	386	0	153	0	0	0	569	756	False	0		False
Ecoli	znuA	znuC	78	True	998.7	999.9	606	0	772	888	0	900	988	999	False	0		False
Ecoli	yebB	yobI	70	True	41.0	41.0	554	0	0	0	0	0	0	554	False	0		False
Ecoli	aspS	yecD	309	True	120.0	126.4	413	0	0	48	0	0	120	465	False	0		False
Ecoli	argS	yecM	215	True	67.0	71.9	544	0	0	46	0	0	67	559	False	0		False
Ecoli	yecT	yecV	90	False											False	0		False
Ecoli	azuC	yecR	262	True	41.0	41.0	442	0	0	0	0	0	0	442	True	1	1574	True
Ecoli	tyrP	yecH	190	True	41.0	41.0	500	0	0	0	0	0	0	500	False	0		False
Ecoli	uvrY	yecU	295	False											False	0		False
Ecoli	sdiA	sdsN	88	False											False	0		False
Ecoli	fliC	fliD	265	True	955.0	998.3	507	0	772	963	0	0	955	999	False	0		False
Ecoli	yedD	yedE	186	True	41.0	54.0	503	0	0	54	0	0	0	509	False	0		False
Ecoli	fliE	fliF	214	True	956.8	999.1	546	0	623	980	455	0	924	999	False	0		False
Ecoli	dsrB	yodD	162	True	474.0	515.1	575	0	0	116	0	0	474	785	False	0		False
Ecoli	dsrA	yedP	197	False											False	0		False
Ecoli	yedA	yedI	172	True	41.0	46.0	511	0	0	46	0	0	0	514	False	0		False
Ecoli	drpB	rseX	227	False											False	0		False
Ecoli	hiuH	hprR	132	True	526.0	542.8	532	0	0	75	0	0	526	776	False	0		False
Ecoli	mtfA	serU	93	False											False	0		False
Ecoli	asnU	yeeO	4	False											False	0		False
Ecoli	asnV	nac	326	False											False	0		False
Ecoli	dacD	sbcB	208	True	81.0	94.4	488	0	0	55	0	0	81	516	True	5	58935	True
Ecoli	hisL	yefM	282	True	275.0	277.3	422	0	0	44	0	0	275	564	False	0		False
Ecoli	dgcE	udk	317	True	41.0	50.0	384	0	0	50	0	0	0	390	False	0		False
Ecoli	alkA	yegD	133	True	41.0	46.0	531	0	0	46	0	0	0	534	False	0		False
Ecoli	yegI	yegJ	199	True	892.0	927.8	494	0	0	359	0	0	892	961	False	0		False
Ecoli	sibA	yegL	182	False											False	0		False
Ecoli	ibsA	sibB	237	False											False	0		False
Ecoli	ibsB	mdtA	278	True	47.0	47.0	426	0	0	0	0	0	47	429	False	0		False
Ecoli	yegR	yegS	405	True	453.0	467.3	0	0	0	66	0	0	453	467	False	0		False
Ecoli	fbaB	yegT	256	True	163.0	211.0	447	0	0	96	0	0	163	545	False	0		False
Ecoli	rcnA	rcnR	120	True	978.0	978.2	565	0	433	48	0	0	978	994	False	0		False
Ecoli	metG	mrp	131	True	497.6	570.4	607	0	166	180	77	0	478	846	False	0		False
Ecoli	btsS	mlrA	221	True	210.0	210.0	478	0	0	0	0	0	210	570	True	7	50243	True
Ecoli	bglX	dld	195	True	322.0	322.0	497	0	0	0	0	0	322	644	False	0		False
Ecoli	yohC	yohD	169	True	781.0	814.6	513	0	0	188	0	0	781	905	False	0		False
Ecoli	dusC	yohJ	238	True	41.0	41.0	502	0	0	0	0	0	0	502	True	8	6300	False
Ecoli	folE	yeiG	257	True	41.0	69.0	469	0	0	69	0	0	0	484	False	0		False
Ecoli	yeiE	yeiH	98	True	41.0	66.0	548	0	589	66	0	0	0	811	False	0		False
Ecoli	rihB	yeiL	168	True	325.0	334.2	514	0	0	54	0	0	325	662	False	0		False
Ecoli	fruB	setB	367	True	209.0	210.6	348	0	0	43	0	0	209	463	False	0		False
Ecoli	yeiP	yeiW	154	True	95.0	110.1	545	0	0	57	0	0	95	578	False	0		False
Ecoli	radD	rsuA	148	True	147.0	171.0	582	0	0	68	0	0	147	638	False	0		False
Ecoli	yejK	yejL	181	True	323.0	348.4	566	0	531	77	0	0	323	855	False	0		False
Ecoli	insH8	narP	454	True	41.0	41.0	0	0	0	0	0	0	0	0	False	0		False
Ecoli	napF	yojO	108	False											False	0		False
Ecoli	micF	ompC	334	False											False	0		False
Ecoli	atoS	rcsC	166	True	195.5	195.5	524	0	138	0	107	0	136	641	False	0		False
Ecoli	gyrA	ubiG	146	True	294.0	336.0	582	0	0	98	0	0	294	711	False	0		False
Ecoli	nrdA	ypaB	127	False											False	0		False
Ecoli	glpA	glpT	272	True	736.0	956.2	442	0	336	841	0	0	736	982	False	0		False
Ecoli	nudI	yfaZ	278	True	390.0	396.4	426	0	0	51	0	0	390	638	False	0		False
Ecoli	ais	arnB	289	True	326.0	375.2	395	0	0	111	0	0	326	606	False	0		False
Ecoli	elaA	rbn	64	True	197.0	221.3	556	0	0	70	0	0	197	640	False	0		False
Ecoli	yfbK	yfbL	137	True	606.0	616.3	529	0	0	66	0	0	606	811	False	0		False
Ecoli	yfbN	yfbO	208	True	894.0	937.3	488	0	0	433	0	0	894	966	False	0		False
Ecoli	ackA	yfbV	337	True	269.0	291.9	401	0	0	71	0	0	269	557	False	0		False
Ecoli	yfcF	yfcG	135	True	603.0	705.7	544	0	0	289	0	0	603	860	False	0		False
Ecoli	flk	pdxB	98	True	204.0	223.1	545	0	0	64	0	0	204	632	True	2	36445	True
Ecoli	fabB	mnmC	158	True	42.0	69.0	596	0	0	68	0	0	42	608	False	0		False
Ecoli	prmB	smrB	165	True	41.0	41.0	544	0	0	0	0	0	0	544	False	0		False
Ecoli	fadL	yfcZ	371	True	144.0	144.0	329	0	0	0	0	0	144	401	False	0		False
Ecoli	mlaA	yfdC	293	True	386.0	402.0	410	0	0	66	0	0	386	632	False	0		False
Ecoli	yfdO	yfdP	357	True	41.0	41.0	0	0	0	0	0	0	0	0	False	0		False
Ecoli	dsdC	dsdX	217	True	41.0	132.0	481	0	0	132	0	0	0	530	False	0		False
Ecoli	emrK	evgL	389	False											False	0		False
Ecoli	yfdX	ypdI	295	True	544.0	683.3	408	0	0	334	0	0	544	804	False	0		False
Ecoli	lpxP	yfdY	352	True	41.0	41.0	348	0	0	0	0	0	0	348	False	0		False
Ecoli	alaC	pyrS	375	True	41.0	41.0	325	0	0	0	0	0	0	325	False	0		False
Ecoli	glk	yfeO	203	True	391.0	391.0	491	0	0	0	0	0	391	677	False	0		False
Ecoli	nupC	ypeD	265	False											False	0		False
Ecoli	alaW	yfeC	235	False											False	0		False
Ecoli	gltX	valU	258	False											False	0		False
Ecoli	xapA	yfeN	248	True	41.0	259.0	455	0	0	259	0	0	0	579	False	0		False
Ecoli	yfeH	yfeR	89	True	141.0	157.1	556	0	0	59	0	0	141	610	False	0		False
Ecoli	cysZ	zipA	229	True	41.0	41.0	535	0	195	0	0	0	0	610	False	0		False
Ecoli	pdxK	yfeK	104	True	41.0	41.0	543	0	0	0	0	0	0	543	False	0		False
Ecoli	murQ	murR	163	True	894.0	908.9	534	0	660	176	0	0	894	984	False	0		False
Ecoli	amiA	ypeA	213	True	41.0	72.0	484	0	0	72	0	0	0	501	False	0		False
Ecoli	eutB	intZ	178	True	286.0	286.0	508	0	0	0	0	0	286	633	False	0		False
Ecoli	maeB	talA	288	True	346.0	591.5	415	0	0	401	0	0	346	751	False	0		False
Ecoli	aegA	narQ	205	True	41.0	54.0	490	0	0	54	0	0	0	497	False	0		False
Ecoli	yffB	ypfM	380	True	541.0	541.0	321	0	0	0	0	0	541	675	False	0		False
Ecoli	dapA	gcvR	145	True	41.0	370.0	583	0	0	370	0	0	0	726	False	0		False
Ecoli	bepA	yfgO	212	True	162.0	171.6	547	0	0	52	0	0	162	609	False	0		False
Ecoli	purM	upp	324	True	126.0	220.8	452	0	0	145	0	0	126	555	False	0		False
Ecoli	pdeF	yfgG	351	True	624.0	627.5	393	0	0	50	0	0	624	764	False	0		False
Ecoli	guaB	xseA	161	True	90.0	131.8	551	0	0	85	0	0	90	594	False	0		False
Ecoli	sseA	yfhM	206	True	41.0	70.0	489	0	0	70	0	0	0	505	False	0		False
Ecoli	ryfA	timR	399	False											False	0		False
Ecoli	suhB	trmJ	118	True	41.0	53.0	565	0	158	53	0	0	0	622	False	0		False
Ecoli	yphG	yphH	117	True	811.0	813.0	548	0	274	51	0	0	811	933	False	0		False
Ecoli	glyA	hmp	327	True	529.9	531.8	375	0	0	45	133	0	480	694	False	0		False
Ecoli	mltF	purL	257	True	351.0	351.0	547	0	0	0	0	0	351	693	False	0		False
Ecoli	pgpC	yfhH	208	True	326.0	335.1	494	0	0	54	0	0	326	649	False	0		False
Ecoli	ohsC	shoB	322	False											False	0		False
Ecoli	nadB	rseD	255	False											False	0		False
Ecoli	srmB	yfiC	131	True	49.0	56.9	545	0	0	49	0	0	49	553	False	0		False
Ecoli	eamB	yfiE	102	True	41.0	43.0	544	0	200	43	0	0	0	620	False	0		False
Ecoli	grcA	ung	304	True	41.0	73.0	441	0	0	73	0	0	0	460	False	0		False
Ecoli	trxC	yfiF	206	True	41.0	41.0	499	0	0	0	0	0	0	499	False	0		False
Ecoli	kgtP	yfiS	178	False											False	0		False
Ecoli	bamD	rluD	134	True	41.0	128.0	588	0	0	128	0	0	0	625	False	0		False
Ecoli	aroF	yfiL	209	True	41.0	80.0	487	0	0	80	0	0	0	508	False	0		False
Ecoli	ffh	ypjD	166	True	90.0	140.3	574	0	0	94	0	0	90	617	False	0		False
Ecoli	grpE	nadK	122	True	41.0	51.0	592	0	201	51	0	0	0	664	False	0		False
Ecoli	ratA	smpB	131	True	41.0	150.0	589	0	0	150	0	0	0	635	False	0		False
Ecoli	alpA	yfjH	43	True	41.0	112.0	562	0	0	112	0	0	0	594	False	0		False
Ecoli	rnlA	yfjM	141	True	41.0	110.0	527	0	0	110	0	0	0	561	False	0		False
Ecoli	ygaV	yqaE	182	True	41.0	109.0	505	0	0	109	0	0	0	540	False	0		False
Ecoli	ygaC	ygaM	151	True	41.0	75.0	523	0	0	75	0	0	0	539	False	0		False
Ecoli	luxS	micA	68	True	41.0	41.0	0	0	0	0	0	0	0	0	False	0		False
Ecoli	mltB	srlA	255	True	41.0	41.0	448	0	0	0	0	0	0	448	False	0		False
Ecoli	norR	norV	186	True	902.0	903.4	564	0	167	55	0	0	902	962	False	0		False
Ecoli	ascF	ascG	259	True	900.0	900.0	444	0	0	0	0	0	900	942	False	0		False
Ecoli	hycA	hypA	211	True	622.0	768.6	510	0	0	413	0	0	622	882	False	0		False
Ecoli	mutS	ygbA	286	True	41.0	41.0	417	0	0	0	0	0	0	417	False	0		False
Ecoli	ygbI	ygbJ	195	True	905.0	905.0	497	0	0	0	0	0	905	950	False	0		False
Ecoli	cysD	iap	251	True	41.0	70.0	452	0	0	70	0	0	0	469	False	0		False
Ecoli	cas3	sokX	133	False											False	0		False
Ecoli	cysJ	queD	315	True	84.0	107.9	406	0	0	66	0	0	84	448	False	0		False
Ecoli	ygcW	yqcE	318	True	41.0	180.0	383	0	0	180	0	0	0	473	False	0		False
Ecoli	queE	yqcG	138	True	321.0	321.0	529	0	0	0	0	0	321	666	False	0		False
Ecoli	barA	rlmD	56	True	41.0	73.0	656	0	0	73	0	0	0	667	False	0		False
Ecoli	queF	syd	67	True	41.0	148.0	636	0	0	148	0	0	0	677	False	0		False
Ecoli	gcvA	gcvB	128	False											False	0		False
Ecoli	csdA	ygdI	191	True	41.0	54.0	499	0	0	54	0	0	0	506	False	0		False
Ecoli	metZ	mltA	208	False											False	0		False
Ecoli	amiC	argA	231	True	41.0	55.0	492	0	0	55	0	0	0	499	False	0		False
Ecoli	mutH	ygdT	185	False											False	0		False
Ecoli	galR	omrB	213	False											False	0		False
Ecoli	lysA	lysR	121	True	320.0	322.1	536	0	320	44	0	0	320	767	False	0		False
Ecoli	yqeF	yqeG	254	True	41.0	52.0	449	0	0	52	0	0	0	456	False	0		False
Ecoli	actS	xdhA	453	True	41.0	41.0	0	0	0	0	0	0	0	0	False	0		False
Ecoli	ygeV	ygeW	475	True	41.0	68.0	0	0	177	68	0	0	0	200	False	0		False
Ecoli	mocA	yqeC	102	True	521.0	640.9	554	0	615	281	0	0	521	933	False	0		False
Ecoli	uacT	ygfT	435	True	41.0	41.0	0	0	0	0	0	0	0	0	False	0		False
Ecoli	idi	yqfH	54	False											False	0		False
Ecoli	fldB	xerD	111	True	106.0	113.5	561	0	0	49	0	0	106	594	False	0		False
Ecoli	sdhE	ygfZ	242	True	41.0	135.0	525	0	209	135	0	0	0	647	False	0		False
Ecoli	bglA	yqfB	38	True	41.0	55.0	563	0	0	55	0	0	0	570	False	0		False
Ecoli	gcvT	yqfI	290	False											False	0		False
Ecoli	ygfB	zapA	167	True	104.0	339.4	573	0	0	293	0	0	104	706	False	0		False
Ecoli	argP	rpiA	427	True	41.0	41.0	0	0	0	0	0	0	0	0	False	0		False
Ecoli	loiP	tktA	277	True	41.0	41.0	438	0	0	0	0	0	0	438	False	0		False
Ecoli	metK	yqgD	55	False											False	0		False
Ecoli	yggR	yggS	17	True	41.0	41.0	620	0	0	0	0	0	0	620	False	0		False
Ecoli	mutY	trmB	160	True	84.0	127.0	576	0	0	86	0	0	84	614	False	0		False
Ecoli	yqgA	yqgH	152	False											False	0		False
Ecoli	glcC	glcD	250	True	786.0	810.8	457	0	172	152	0	0	786	907	False	0		False
Ecoli	yghS	yghT	173	True	182.0	333.0	511	0	0	218	0	0	182	659	True	2	949	True
Ecoli	gss	yghU	204	True	382.0	389.1	491	0	0	52	0	0	382	675	False	0		False
Ecoli	gpr	yqhI	156	False											False	0		False
Ecoli	yghA	yqhA	190	True	41.0	41.0	500	0	0	0	0	0	0	500	False	0		False
Ecoli	exbB	metC	251	True	118.0	122.6	455	0	152	46	0	0	118	559	False	0		False
Ecoli	yqhC	yqhD	136	True	891.0	895.2	530	0	0	78	0	0	891	948	False	0		False
Ecoli	qseB	ygiW	151	True	453.0	491.2	532	0	0	108	0	0	453	752	False	0		False
Ecoli	mdaB	ygiZ	318	True	41.0	41.0	383	0	0	0	0	0	0	383	False	0		False
Ecoli	nudF	tolC	204	True	98.7	98.7	521	0	224	0	94	0	46	635	False	0		False
Ecoli	ygiD	zupT	115	True	41.0	76.0	527	0	168	76	0	0	0	605	False	0		False
Ecoli	ribB	ubiK	373	True	52.0	65.8	346	0	0	55	0	0	52	363	False	0		False
Ecoli	glgS	yqiJ	268	True	327.0	327.0	436	0	0	0	0	0	327	604	False	0		False
Ecoli	ygiF	ygiM	241	True	41.0	41.0	526	0	0	0	0	0	0	526	True	1	2083	True
Ecoli	folB	plsY	104	True	41.0	72.0	598	0	0	72	0	0	0	611	False	0		False
Ecoli	ttdA	ttdR	206	True	801.0	801.0	500	0	0	0	0	0	801	896	False	0		False
Ecoli	rpsU	tsaD	237	True	77.0	168.4	530	0	0	136	0	0	77	592	False	0		False
Ecoli	ileX	mug	124	False											False	0		False
Ecoli	nfeF	nfeR	287	True	814.0	831.6	487	767	311	132	0	0	814	984	False	0		False
Ecoli	aer	patA	417	True	267.0	267.0	88	0	0	0	0	0	267	302	False	0		False
Ecoli	ebgR	ygjH	218	True	95.0	95.0	480	0	231	0	95	0	0	607	False	0		False
Ecoli	rlmG	ygjP	84	True	41.0	53.0	552	0	250	53	0	0	0	654	False	0		False
Ecoli	exuT	uxaC	482	True	902.0	911.7	59	0	210	136	0	0	902	928	False	0		False
Ecoli	yhaJ	yhaK	104	True	911.8	911.8	543	0	190	0	224	0	891	964	False	0		False
Ecoli	tdcA	tdcR	314	True	941.0	942.9	387	0	0	72	0	0	941	963	False	0		False
Ecoli	garD	garP	374	True	41.0	687.0	339	21	446	687	0	0	0	875	False	0		False
Ecoli	agaR	kbaZ	248	True	806.0	819.1	466	120	207	106	0	0	806	923	False	0		False
Ecoli	lpoA	rsmI	64	True	41.0	72.0	609	0	0	72	0	0	0	622	False	0		False
Ecoli	yhbO	yraR	127	True	41.0	206.0	534	0	0	206	0	0	0	614	False	0		False
Ecoli	yhbP	yhbQ	50	True	41.0	93.0	571	0	0	93	0	0	0	594	False	0		False
Ecoli	ubiT	ubiU	208	True	823.0	856.2	511	0	769	221	0	0	823	982	False	0		False
Ecoli	pnp	sraG	14	False											False	0		False
Ecoli	argG	metY	347	False											False	0		False
Ecoli	rlmE	yhbY	125	True	387.0	479.0	591	0	0	185	0	0	387	778	False	0		False
Ecoli	dacB	greA	247	True	68.0	68.0	484	0	0	0	0	0	68	499	False	0		False
Ecoli	ispB	rplU	258	True	71.0	160.1	512	0	0	133	0	0	71	573	False	0		False
Ecoli	mlaF	yrbG	209	True	269.0	321.6	549	0	0	110	0	0	269	681	False	0		False
Ecoli	arcZ	elbB	117	False											False	0		False
Ecoli	insH10	yhcF	243	True	41.0	41.0	0	0	0	0	0	0	0	0	False	0		False
Ecoli	dcuD	nanR	379	True	41.0	41.0	322	0	0	0	0	0	0	322	False	0		False
Ecoli	yhcB	zapE	193	True	206.0	249.1	559	0	0	93	0	0	206	654	False	0		False
Ecoli	argR	mdh	434	True	295.0	305.3	158	0	466	55	0	0	295	660	False	0		False
Ecoli	aaeR	aaeX	182	True	544.0	558.7	505	0	0	72	0	0	544	772	False	0		False
Ecoli	csrD	yhdH	151	True	41.0	41.0	523	0	0	0	0	0	0	523	False	0		False
Ecoli	acrE	envR	398	True	41.0	95.0	349	0	0	95	0	0	0	386	False	0		False
Ecoli	rrsD	yrdA	473	False											False	0		False
Ecoli	def	smf	129	True	68.0	68.0	589	0	0	0	0	0	68	601	False	0		False
Ecoli	gspA	gspC	179	True	829.0	884.5	532	0	252	352	0	0	829	956	False	0		False
Ecoli	fkpA	slyX	220	True	237.0	245.0	510	0	0	51	0	0	237	614	False	0		False
Ecoli	kefG	yheS	127	True	41.0	66.0	567	0	0	66	0	0	0	578	False	0		False
Ecoli	ppiA	tsgA	270	True	41.0	41.0	434	0	0	0	0	0	0	434	False	0		False
Ecoli	hofM	mrcA	119	True	94.0	102.5	593	0	0	50	0	0	94	619	False	0		False
Ecoli	igaA	nudE	319	True	406.0	439.4	382	0	0	95	0	0	406	639	False	0		False
Ecoli	pck	yhgE	378	True	41.0	41.0	323	0	0	0	0	0	0	323	False	0		False
Ecoli	bioH	yhgH	37	True	390.0	437.7	616	0	0	116	0	0	390	775	False	0		False
Ecoli	rtcB	rtcR	188	True	912.0	918.2	561	0	765	109	0	0	912	990	False	0		False
Ecoli	glpD	glpE	189	True	231.0	235.8	514	0	0	47	0	0	231	612	False	0		False
Ecoli	asd	yhgN	192	True	41.0	41.0	527	0	0	0	0	0	0	526	False	0		False
Ecoli	ryhB	yhhY	121	False											False	0		False
Ecoli	ggt	yhhA	119	True	41.0	66.0	537	0	0	66	0	0	0	549	False	0		False
Ecoli	livK	panZ	423	True	41.0	276.0	90	0	0	276	0	0	0	312	False	0		False
Ecoli	ftsY	rsmD	149	True	225.0	272.7	582	0	457	100	0	0	225	820	False	0		False
Ecoli	yhhM	yhhN	140	True	41.0	52.0	532	0	0	52	0	0	0	538	False	0		False
Ecoli	tusA	yhhQ	220	True	41.0	140.0	479	0	0	140	0	0	0	532	False	0		False
Ecoli	yhhS	yhhT	131	True	41.0	49.0	541	0	0	49	0	0	0	545	False	0		False
Ecoli	pitA	yhiN	231	True	41.0	83.0	533	0	0	83	0	0	0	553	False	0		False
Ecoli	uspA	uspB	390	True	891.0	900.0	361	0	0	120	0	0	891	933	False	0		False
Ecoli	dtpB	yriB	165	False											False	0		False
Ecoli	prlC	rlmJ	202	True	41.0	41.0	522	0	0	0	0	0	0	522	False	0		False
Ecoli	agrA	dinQ	274	False											False	0		False
Ecoli	hdeA	hdeD	254	True	872.0	994.7	449	0	0	960	0	0	872	996	False	0		False
Ecoli	arrS	gadE	311	False											False	0		False
Ecoli	gadW	gadY	245	False											False	0		False
Ecoli	ccp	treF	403	True	311.0	311.0	0	0	0	0	0	0	311	311	False	0		False
Ecoli	kdgK	pdeH	231	True	41.0	41.0	470	0	0	0	0	0	0	470	False	0		False
Ecoli	bcsE	yhjR	272	True	969.5	972.4	444	0	0	132	811	0	845	983	False	0		False
Ecoli	ldrD	rdlD	48	False											False	0		False
Ecoli	tag	yhjY	157	True	41.0	289.0	554	0	0	289	0	0	0	668	False	0		False
Ecoli	bisC	yiaD	152	True	41.0	41.0	522	0	0	0	0	0	0	522	False	0		False
Ecoli	yiaF	yiaG	433	True	41.0	41.0	0	0	0	0	0	0	0	0	False	0		False
Ecoli	hokA	insJ	79	True	41.0	41.0	552	0	0	0	0	0	0	552	False	0		False
Ecoli	wecH	ysaB	174	True	41.0	70.0	510	0	0	70	0	0	0	525	False	0		False
Ecoli	xylA	xylF	365	True	906.0	920.1	415	0	573	185	0	0	906	978	False	0		False
Ecoli	baxL	malS	293	False											False	0		False
Ecoli	plaR	yiaK	200	True	808.0	814.6	496	0	0	74	0	0	808	902	False	0		False
Ecoli	yiaT	yiaU	123	True	624.0	636.5	536	0	226	73	0	0	624	858	False	0		False
Ecoli	rhsA	yibF	227	True	41.0	41.0	473	0	0	0	0	0	0	473	False	0		False
Ecoli	yibL	yibT	284	True	41.0	41.0	419	0	0	0	0	0	0	419	False	0		False
Ecoli	gpmM	yibN	244	True	41.0	91.0	490	0	0	91	0	0	0	517	False	0		False
Ecoli	htrL	rfaD	303	True	322.0	345.3	399	0	0	74	0	0	322	590	False	0		False
Ecoli	rirA	waaA	301	False											False	0		False
Ecoli	dfp	yicR	171	True	41.0	41.0	530	0	0	0	0	0	0	530	False	0		False
Ecoli	rph	yicC	126	False											False	0		False
Ecoli	gmk	ligB	257	True	149.0	149.0	477	0	157	0	0	0	149	592	False	0		False
Ecoli	gltS	xanP	279	True	209.0	219.7	451	0	0	54	0	0	209	553	False	0		False
Ecoli	selC	yicJ	292	False											False	0		False
Ecoli	nlpA	yicS	221	True	41.0	41.0	478	0	0	0	0	0	0	478	False	0		False
Ecoli	adeD	adeQ	174	True	451.0	451.0	528	0	0	0	0	0	451	730	False	0		False
Ecoli	istR	tisB	295	False											False	0		False
Ecoli	emrD	ysdE	81	False											False	0		False
Ecoli	yidH	yidI	107	True	41.0	54.0	542	0	0	54	0	0	0	548	False	0		False
Ecoli	yidK	yidL	166	True	41.0	107.0	525	0	251	107	0	0	0	654	False	0		False
Ecoli	glvC	yidP	295	False											False	0		False
Ecoli	ibpA	yidQ	305	True	234.0	234.0	397	0	0	0	0	0	234	518	False	0		False
Ecoli	cbrA	yidR	67	True	41.0	41.0	555	0	0	0	0	0	0	555	False	0		False
Ecoli	dgoR	yidX	277	True	41.0	41.0	427	0	0	0	0	0	0	427	False	0		False
Ecoli	dnaA	ysdD	296	False											False	0		False
Ecoli	adeP	yieH	164	True	41.0	237.0	516	0	0	237	0	0	0	615	False	0		False
Ecoli	asnA	asnC	151	True	503.0	551.7	537	0	229	135	0	0	503	826	False	0		False
Ecoli	kup	ravA	222	True	327.0	354.4	477	0	0	80	0	0	327	648	False	0		False
Ecoli	rrsC	yieP	480	False											False	0		False
Ecoli	hdfR	maoP	118	True	595.0	595.0	538	0	197	0	0	0	595	836	False	0		False
Ecoli	ilvL	yifB	352	True	789.0	791.0	348	0	0	50	0	0	789	857	False	0		False
Ecoli	ilvC	ilvY	149	True	893.0	894.6	524	0	468	55	0	0	893	970	False	0		False
Ecoli	rhlB	trxA	130	True	78.0	141.5	545	0	0	107	0	0	78	593	False	0		False
Ecoli	aslA	glmZ	424	False											False	0		False
Ecoli	cyaA	hemC	386	True	41.0	72.0	399	0	0	72	0	0	0	418	False	0		False
Ecoli	yigE	ysgD	161	False											False	0		False
Ecoli	pldA	yigI	164	True	41.0	41.0	516	0	213	0	0	0	0	603	False	0		False
Ecoli	pldB	rhtB	110	True	41.0	43.0	541	0	0	43	0	0	0	542	False	0		False
Ecoli	metE	metR	236	True	897.0	932.3	514	0	442	370	0	0	897	980	False	0		False
Ecoli	udp	ysgA	261	True	197.7	218.6	443	0	0	66	98	0	147	546	False	0		False
Ecoli	rfaH	ubiD	166	True	126.0	139.7	515	0	0	56	0	0	126	565	False	0		False
Ecoli	fadB	pepQ	189	True	110.7	119.1	501	0	0	50	70	0	83	541	False	0		False
Ecoli	mobA	yihD	69	True	41.0	50.0	558	0	0	50	0	0	0	562	False	0		False
Ecoli	polA	yihG	363	True	141.2	141.2	383	0	0	0	89	0	96	447	False	0		False
Ecoli	csrC	yihA	270	False											False	0		False
Ecoli	bipA	glnA	372	True	147.0	342.7	368	0	0	261	0	0	147	567	False	0		False
Ecoli	yihU	yihV	167	True	898.0	915.0	514	0	0	201	0	0	898	956	False	0		False
Ecoli	fdhD	fdoG	193	True	758.0	803.4	516	0	336	221	0	0	758	931	False	0		False
Ecoli	rhaB	rhaS	287	True	740.0	770.6	419	0	253	154	0	0	740	891	False	0		False
Ecoli	rhaT	sodA	284	True	275.0	275.0	420	0	0	0	0	0	275	562	False	0		False
Ecoli	cpxP	cpxR	149	True	904.0	904.0	524	0	0	0	0	0	904	952	False	0		False
Ecoli	yiiQ	yiiR	100	True	41.0	41.0	576	0	0	0	0	0	0	576	False	0		False
Ecoli	glpF	zapB	424	True	65.0	65.0	63	0	173	0	0	0	65	212	False	0		False
Ecoli	priA	rpmE	202	True	41.0	41.0	553	0	0	0	0	0	0	553	False	0		False
Ecoli	metB	metJ	276	True	891.0	970.9	467	0	0	744	0	0	891	983	False	0		False
Ecoli	frwC	ptsA	308	True	308.0	516.5	492	0	308	330	0	0	308	815	False	0		False
Ecoli	argC	argE	153	True	795.0	972.0	580	0	160	869	94	0	783	989	False	0		False
Ecoli	oxyR	oxyS	95	False											False	0		False
Ecoli	fabR	sthA	276	True	41.0	77.0	383	0	0	77	0	0	0	406	True	8	2958	False
Ecoli	btuB	trmA	368	True	117.0	125.3	338	0	0	50	0	0	117	396	False	0		False
Ecoli	coaA	thrU	361	False											False	0		False
Ecoli	nudC	rsd	94	True	325.0	373.6	601	0	0	110	0	0	325	739	False	0		False
Ecoli	zraP	zraS	237	True	800.0	806.0	465	0	752	70	0	0	800	972	False	0		False
Ecoli	metA	yjaB	156	True	41.0	41.0	520	0	0	0	0	0	0	520	False	0		False
Ecoli	iclR	metH	199	True	41.0	51.0	524	0	0	51	0	0	0	529	False	0		False
Ecoli	pepE	rluF	211	True	41.0	41.0	485	0	0	0	0	0	0	485	True	20	45202	True
Ecoli	psiE	yjbT	269	True	41.0	41.0	435	0	0	0	0	0	0	435	False	0		False
Ecoli	malE	malK	364	True	1000.0	1000.0	375	0	573	936	999	900	963	999	False	0		False
Ecoli	dgkA	plsB	170	True	759.0	759.0	543	0	0	0	0	0	759	885	False	0		False
Ecoli	yjbL	zur	317	True	41.0	45.0	384	0	0	45	0	0	0	387	False	0		False
Ecoli	dnaB	qorA	82	True	41.0	41.0	560	0	0	0	0	0	0	560	True	1	7340	False
Ecoli	aphA	yjbS	401	True	41.0	41.0	0	0	0	0	0	0	0	0	False	0		False
Ecoli	ssb	uvrA	253	True	635.0	657.5	517	0	0	100	0	0	635	827	False	0		False
Ecoli	pdeC	yjcB	429	True	41.0	41.0	0	0	0	0	0	0	0	0	False	0		False
Ecoli	soxR	soxS	85	True	975.2	979.2	550	0	0	197	48	0	975	990	False	0		False
Ecoli	ghxP	ryjA	412	False											False	0		False
Ecoli	acs	ytcB	239	False											False	0		False
Ecoli	alsR	rpiB	358	True	730.0	922.9	342	0	0	726	0	0	730	947	False	0		False
Ecoli	rdcA	yjdM	400	True	41.0	41.0	0	0	0	0	0	0	0	0	False	0		False
Ecoli	melA	melR	282	True	297.0	359.3	422	0	579	126	0	0	297	830	False	0		False
Ecoli	dcuS	yjdI	180	True	41.0	180.0	506	0	0	180	0	0	0	578	False	0		False
Ecoli	aspA	fxsA	336	True	41.0	46.0	409	0	0	46	0	0	0	412	False	0		False
Ecoli	groS	yjeH	275	True	95.3	124.5	468	0	0	72	62	0	75	514	False	0		False
Ecoli	efp	epmB	41	True	909.0	911.6	589	0	675	68	0	0	909	987	False	0		False
Ecoli	epmA	frdA	324	True	41.0	41.0	394	0	0	0	0	0	0	394	False	0		False
Ecoli	orn	rsgA	94	True	445.0	499.4	601	0	0	135	0	0	445	792	False	0		False
Ecoli	bsmA	yjfP	181	True	41.0	46.0	506	0	0	46	0	0	0	508	False	0		False
Ecoli	ulaA	ulaG	354	True	982.1	984.1	425	369	775	150	0	900	828	998	False	0		False
Ecoli	rpsF	yjfY	326	True	41.0	41.0	375	0	0	0	0	0	0	375	False	0		False
Ecoli	fklB	ytfB	217	True	41.0	41.0	497	0	0	0	0	0	0	497	False	0		False
Ecoli	qorB	ytfH	88	True	41.0	104.0	603	0	765	104	0	0	0	909	False	0		False
Ecoli	cpdB	cysQ	189	True	380.0	380.0	511	0	0	0	0	0	380	683	False	0		False
Ecoli	ytfJ	ytfK	324	True	315.0	380.7	452	0	0	133	0	0	315	646	False	0		False
Ecoli	msrA	tamA	205	True	41.0	41.0	552	0	0	0	0	0	0	552	False	0		False
Ecoli	ppa	ytfQ	309	True	41.0	54.0	393	0	0	54	0	0	0	401	False	0		False
Ecoli	fbp	mpl	175	True	41.0	98.0	568	0	0	98	0	0	0	594	False	0		False
Ecoli	tldE	yjgA	93	True	41.0	89.0	601	0	0	89	0	0	0	621	False	0		False
Ecoli	mgtL	treR	184	True	41.0	41.0	504	0	0	0	0	0	0	504	False	0		False
Ecoli	bdcA	bdcR	70	True	645.0	689.4	554	0	529	161	0	0	645	929	False	0		False
Ecoli	argI	rraB	161	True	41.0	84.0	528	0	0	84	0	0	0	549	False	0		False
Ecoli	yjgM	yjgN	192	True	41.0	41.0	499	0	0	0	0	0	0	499	False	0		False
Ecoli	pepA	ytgB	91	False											False	0		False
Ecoli	idnD	idnK	216	True	881.0	956.3	488	0	0	648	0	0	881	976	False	0		False
Ecoli	ahr	leuX	195	False											False	0		False
Ecoli	fecI	ykiE	136	False											False	0		False
Ecoli	gntP	uxuA	339	True	398.0	600.8	361	0	0	364	0	0	398	734	False	0		False
Ecoli	yjiC	ytiC	253	False											False	0		False
Ecoli	kptA	yjiH	249	True	893.0	894.1	454	0	0	51	0	0	893	939	False	0		False
Ecoli	yjiR	yjiS	176	True	41.0	54.0	525	0	0	54	0	0	0	531	False	0		False
Ecoli	hsdR	mrr	187	True	811.0	878.0	562	0	405	381	0	0	811	965	False	0		False
Ecoli	btsT	tsr	377	True	49.0	49.0	324	0	0	0	0	0	49	329	True	13	16355	False
Ecoli	lgoD	lgoR	138	True	808.0	808.6	529	0	370	44	0	0	808	938	False	0		False
Ecoli	fhuF	yjjZ	140	True	145.0	360.8	528	0	0	283	0	0	145	685	False	0		False
Ecoli	holD	rsmC	102	True	118.0	359.0	553	0	0	303	0	0	118	701	False	0		False
Ecoli	deoC	yjjI	257	True	41.0	54.0	449	0	0	54	0	0	0	457	False	0		False
Ecoli	serB	ytjB	105	True	386.0	402.0	598	0	0	66	0	0	386	749	False	0		False
Ecoli	ettA	slt	210	True	41.0	41.0	498	0	0	0	0	0	0	498	False	0		False
Ecoli	yjjX	ytjC	51	True	385.0	423.5	569	0	0	101	0	0	385	741	False	0		False
Ecoli	creA	rob	210	True	275.0	283.3	486	0	0	52	0	0	275	616	False	0		False
Ecoli	arcA	yjjY	95	True	41.0	190.0	546	0	0	190	0	0	0	617	False	0		False
Mtuberculosis	Rv0008c	ppiA	156	True	41.0	41.0	770	0	0	0	0	0	0	770	False	0		False
Mtuberculosis	Rv0011c	Rv0012	93	True	41.0	54.0	782	0	0	54	0	0	0	784	False	0		False
Mtuberculosis	fhaA	leuT	199	False											False	0		False
Mtuberculosis	Rv0023	whiB5	152	True	41.0	50.0	771	0	0	50	0	0	0	773	False	0		False
Mtuberculosis	Rv0037c	Rv0038	101	True	41.0	53.0	762	0	0	53	0	0	0	765	False	0		False
Mtuberculosis	leuS	mtc28	196	True	41.0	47.0	730	0	0	47	0	0	0	731	False	0		False
Mtuberculosis	Rv0048c	Rv0049	133	True	41.0	47.0	584	0	0	47	0	0	0	587	False	0		False
Mtuberculosis	Rv0061c	celA1	201	True	41.0	41.0	520	0	0	0	0	0	0	520	False	0		False
Mtuberculosis	Rv0067c	Rv0068	102	True	41.0	44.0	595	0	156	44	0	0	0	645	False	0		False
Mtuberculosis	Rv0077c	Rv0078	61	True	870.0	871.9	749	0	632	55	0	0	870	987	False	0		False
Mtuberculosis	Rv0078B	Rv0079	199	True	41.0	41.0	528	0	0	0	0	0	0	528	False	0		False
Mtuberculosis	PPE1	Rv0095c	108	True	251.0	257.2	557	0	0	49	0	0	251	657	False	0		False
Mtuberculosis	Rv0104	ctpB	143	True	524.0	529.5	537	0	0	52	0	0	524	772	False	0		False
Mtuberculosis	Rv0106	rpmB1	109	True	386.0	411.0	594	0	153	80	0	0	386	779	False	0		False
Mtuberculosis	PE_PGRS1	Rv0108c	277	True	41.0	41.0	446	0	0	0	0	0	0	445	False	0		False
Mtuberculosis	ldtA	oxyS	177	True	41.0	52.0	748	0	0	52	0	0	0	750	False	0		False
Mtuberculosis	fadD7	oxcA	172	True	60.0	464.8	720	212	216	454	0	0	60	895	False	0		False
Mtuberculosis	Rv0121c	Rv0122	148	True	41.0	44.0	532	0	0	44	0	0	0	533	False	0		False
Mtuberculosis	fbpC	htdZ	246	True	41.0	86.0	486	0	0	86	0	0	0	510	False	0		False
Mtuberculosis	Rv0133	fgd2	86	True	41.0	72.0	557	0	0	72	0	0	0	571	False	0		False
Mtuberculosis	Rv0135c	cyp138	116	True	41.0	70.0	778	0	390	70	0	0	0	863	False	0		False
Mtuberculosis	Rv0138	msrA	62	True	41.0	47.0	779	0	0	47	0	0	0	780	False	0		False
Mtuberculosis	Rv0141c	Rv0142	29	True	41.0	47.0	615	0	0	47	0	0	0	618	False	0		False
Mtuberculosis	Rv0143c	Rv0144	101	True	41.0	50.0	555	0	0	50	0	0	0	560	False	0		False
Mtuberculosis	fadE2	pntAa	423	True	41.0	47.0	505	0	0	47	0	0	0	508	False	0		False
Mtuberculosis	Rv0157A	Rv0158	161	True	41.0	41.0	558	0	0	0	0	0	0	558	False	0		False
Mtuberculosis	PE4	Rv0161	167	True	41.0	41.0	559	0	0	0	0	0	0	559	False	0		False
Mtuberculosis	fadD5	mce1R	177	True	513.0	604.9	524	0	0	222	0	0	513	803	False	0		False
Mtuberculosis	Rv0187	mymT	153	True	41.0	41.0	649	0	0	0	0	0	0	648	False	0		False
Mtuberculosis	Rv0190	ilvD	147	True	41.0	46.0	772	0	0	46	0	0	0	773	False	0		False
Mtuberculosis	Rv0193c	Rv0194	306	True	653.0	929.1	396	0	0	804	0	0	653	955	False	0		False
Mtuberculosis	Rv0199	zmp1	42	True	178.3	183.5	759	0	0	47	136	0	88	795	False	0		False
Mtuberculosis	Rv0203	mmpL11	221	True	756.0	758.3	507	0	0	50	0	0	756	875	False	0		False
Mtuberculosis	Rv0204c	Rv0205	169	True	883.0	886.7	767	0	0	71	0	0	883	972	False	0		False
Mtuberculosis	Rv0208c	Rv0209	131	True	41.0	47.0	775	0	0	47	0	0	0	776	False	0		False
Mtuberculosis	Rv0213c	fadD4	113	True	41.0	97.0	571	0	0	97	0	0	0	595	False	0		False
Mtuberculosis	Rv0218	lipW	92	True	41.0	54.0	636	0	0	54	0	0	0	641	False	0		False
Mtuberculosis	Rv0224c	Rv0225	35	True	41.0	47.0	615	0	745	47	0	0	0	898	False	0		False
Mtuberculosis	Rv0227c	Rv0228	215	True	56.0	61.9	582	0	409	47	0	0	56	748	False	0		False
Mtuberculosis	fadE4	php	94	True	208.0	236.1	737	0	0	75	0	0	208	790	False	0		False
Mtuberculosis	Rv0236A	lpqI	114	True	41.0	54.0	778	0	0	54	0	0	0	781	False	0		False
Mtuberculosis	fabG4	fadA2	141	True	174.2	882.0	773	0	740	863	142	0	77	992	False	0		False
Mtuberculosis	Rv0245	fadE5	371	True	77.0	140.5	409	0	0	107	0	0	77	470	False	0		False
Mtuberculosis	hsp	nirB	213	True	41.0	41.0	501	0	0	0	0	0	0	501	False	0		False
Mtuberculosis	PPE2	Rv0257	151	True	41.0	44.0	524	0	0	44	0	0	0	526	False	0		False
Mtuberculosis	narU	oplA	176	True	41.0	44.0	531	0	0	44	0	0	0	532	False	0		False
Mtuberculosis	Rv0269c	fadD2	35	True	41.0	50.0	578	0	0	50	0	0	0	582	False	0		False
Mtuberculosis	Rv0273c	Rv0274	96	True	41.0	47.0	773	0	575	47	0	0	0	900	False	0		False
Mtuberculosis	Rv0275c	Rv0276	89	True	803.0	805.9	599	0	629	55	0	0	803	968	False	0		False
Mtuberculosis	PE_PGRS4	PPE3	290	True	41.0	41.0	413	0	0	0	0	0	0	413	False	0		False
Mtuberculosis	Rv0293c	tam	106	True	41.0	44.0	777	0	0	44	0	0	0	778	False	0		False
Mtuberculosis	PE_PGRS5	Rv0296c	178	True	41.0	41.0	524	0	0	0	0	0	0	524	False	0		False
Mtuberculosis	PPE6	Rv0306	202	True	41.0	47.0	495	0	0	47	0	0	0	498	False	0		False
Mtuberculosis	Rv0307c	Rv0308	57	True	41.0	50.0	787	0	0	50	0	0	0	788	False	0		False
Mtuberculosis	Rv0310c	Rv0311	23	True	41.0	44.0	645	0	718	44	0	0	0	896	False	0		False
Mtuberculosis	Rv0314c	Rv0315	60	True	41.0	47.0	755	0	0	47	0	0	0	757	False	0		False
Mtuberculosis	Rv0318c	pcp	48	True	41.0	47.0	561	0	0	47	0	0	0	563	False	0		False
Mtuberculosis	Rv0323c	Rv0324	100	True	41.0	54.0	596	0	0	54	0	0	0	601	False	0		False
Mtuberculosis	Rv0328	cyp135A1	65	True	41.0	55.0	606	0	0	55	0	0	0	612	False	0		False
Mtuberculosis	Rv0330c	Rv0331	113	True	75.0	90.4	597	0	0	57	0	0	75	617	False	0		False
Mtuberculosis	PE6	Rv0336	141	True	41.0	41.0	527	0	0	0	0	0	0	527	False	0		False
Mtuberculosis	Rv0339c	Rv0340	185	True	75.0	90.4	762	0	0	57	0	0	75	774	False	0		False
Mtuberculosis	Rv0345	lpqJ	108	True	41.0	42.0	594	0	0	42	0	0	0	594	False	0		False
Mtuberculosis	Rv0347	ansP2	338	True	630.0	631.5	363	0	0	45	0	0	630	755	False	0		False
Mtuberculosis	Rv0358	purA	90	True	660.0	663.9	782	0	0	52	0	0	660	923	False	0		False
Mtuberculosis	Rv0360c	Rv0361	82	True	41.0	41.0	726	0	0	0	0	0	0	726	False	0		False
Mtuberculosis	Rv0364	fba	95	True	41.0	55.0	781	0	0	55	0	0	0	784	False	0		False
Mtuberculosis	Rv0376c	Rv0377	48	True	41.0	55.0	788	0	194	55	0	0	0	824	False	0		False
Mtuberculosis	Rv0385	clpB	132	True	41.0	55.0	615	0	0	55	0	0	0	620	False	0		False
Mtuberculosis	Rv0393	ndhA	141	True	41.0	41.0	535	0	0	0	0	0	0	536	False	0		False
Mtuberculosis	Rv0394c	Rv0395	98	True	41.0	47.0	596	0	0	47	0	0	0	598	False	0		False
Mtuberculosis	Rv0401	fadE7	35	True	41.0	41.0	789	0	0	0	0	0	0	789	False	0		False
Mtuberculosis	fadD30	mmpS1	320	True	41.0	270.0	383	0	0	270	0	0	0	530	False	0		False
Mtuberculosis	Rv0406c	fgd1	77	True	43.0	55.0	784	0	0	53	0	0	43	787	False	0		False
Mtuberculosis	Rv0412c	mutT3	93	True	41.0	55.0	635	0	0	55	0	0	0	640	False	0		False
Mtuberculosis	thiE	thiO	129	True	155.0	221.1	776	0	412	116	0	0	155	888	False	0		False
Mtuberculosis	Rv0430	def	336	True	41.0	53.0	698	0	0	53	0	0	0	701	False	0		False
Mtuberculosis	Rv0439c	groEL2	293	True	270.7	277.5	430	0	0	50	144	152	76	571	False	0		False
Mtuberculosis	PPE10	Rv0443	181	True	41.0	41.0	553	0	0	0	0	0	0	553	False	0		False
Mtuberculosis	Rv0452	mmpS4	231	True	652.0	652.0	508	0	0	0	0	0	652	821	False	0		False
Mtuberculosis	Rv0457c	Rv0458	67	True	122.3	122.3	763	0	0	0	90	0	75	783	False	0		False
Mtuberculosis	Rv0465c	Rv0466	151	True	41.0	41.0	551	0	0	0	0	0	0	551	False	0		False
Mtuberculosis	Rv0472c	Rv0473	136	True	41.0	63.0	660	0	0	63	0	0	0	667	False	0		False
Mtuberculosis	Rv0481c	murB	26	True	41.0	52.0	790	0	0	52	0	0	0	792	False	0		False
Mtuberculosis	Rv0484c	Rv0485	182	True	41.0	89.0	763	0	0	89	0	0	0	775	False	0		False
Mtuberculosis	Rv0493c	Rv0494	4	True	41.0	44.0	622	0	549	44	0	0	0	823	False	0		False
Mtuberculosis	Rv0495c	Rv0496	79	True	41.0	52.0	639	0	0	52	0	0	0	643	False	0		False
Mtuberculosis	mmpS2	serB1	173	True	41.0	46.0	511	0	0	46	0	0	0	513	False	0		False
Mtuberculosis	Rv0516c	Rv0517	210	True	41.0	101.0	494	0	0	101	0	0	0	526	False	0		False
Mtuberculosis	Rv0523c	hemL	113	True	41.0	45.0	593	0	0	45	0	0	0	594	False	0		False
Mtuberculosis	Rv0530A	Rv0531	46	True	41.0	104.0	645	0	0	104	0	0	0	668	False	0		False
Mtuberculosis	Rv0535	menA	16	True	41.0	47.0	791	0	0	47	0	0	0	792	False	0		False
Mtuberculosis	Rv0537c	Rv0538	308	True	41.0	50.0	552	0	0	50	0	0	0	556	False	0		False
Mtuberculosis	Rv0552	fadD8	77	True	41.0	79.0	784	0	0	79	0	0	0	792	False	0		False
Mtuberculosis	Rv0561c	grcC1	15	True	198.7	252.2	620	0	196	105	150	0	96	751	False	0		False
Mtuberculosis	Rv0566c	tyrT	69	False											False	0		False
Mtuberculosis	Rv0575c	Rv0576	102	True	41.0	61.0	552	0	0	61	0	0	0	561	False	0		False
Mtuberculosis	PE_PGRS7	Rv0579	321	True	41.0	41.0	382	0	0	0	0	0	0	382	False	0		False
Mtuberculosis	Rv0580c	vapB26	93	True	41.0	46.0	599	0	0	46	0	0	0	601	False	0		False
Mtuberculosis	Rv0584	lpqN	153	True	41.0	46.0	771	0	0	46	0	0	0	771	False	0		False
Mtuberculosis	Rv0585c	mce2R	137	True	86.0	86.0	545	0	0	0	0	0	86	566	False	0		False
Mtuberculosis	Rv0603	tcrA	56	True	41.0	860.0	559	0	0	860	0	0	0	935	False	0		False
Mtuberculosis	Rv0611c	Rv0612	141	True	41.0	47.0	579	0	0	47	0	0	0	582	False	0		False
Mtuberculosis	Rv0625c	vapB5	131	True	41.0	47.0	579	0	0	47	0	0	0	582	False	0		False
Mtuberculosis	Rv0634A	Rv0634c	79	True	41.0	54.0	576	0	0	54	0	0	0	582	False	0		False
Mtuberculosis	Rv0647c	Rv0648	101	True	41.0	100.0	558	0	0	100	0	0	0	586	False	0		False
Mtuberculosis	Rv0653c	Rv0654	70	True	41.0	41.0	785	0	0	0	0	0	0	785	False	0		False
Mtuberculosis	atsD	vapB7	113	True	41.0	44.0	540	0	0	44	0	0	0	541	False	0		False
Mtuberculosis	Rv0669c	end	194	True	41.0	80.0	558	0	0	80	0	0	0	577	False	0		False
Mtuberculosis	Rv0678	mmpS5	84	True	870.0	939.4	601	0	0	553	0	0	870	974	False	0		False
Mtuberculosis	Rv0680c	Rv0681	304	True	41.0	65.0	713	0	0	65	0	0	0	720	False	0		False
Mtuberculosis	Rv0691A	Rv0691c	90	True	41.0	41.0	573	0	0	0	0	0	0	573	False	0		False
Mtuberculosis	serA2	xylB	30	True	76.0	204.1	790	0	467	174	0	0	76	903	False	0		False
Mtuberculosis	Rv0731c	secY	160	True	41.0	44.0	572	0	0	44	0	0	0	573	False	0		False
Mtuberculosis	Rv0744c	Rv0745	207	True	41.0	63.0	490	0	0	63	0	0	0	502	False	0		False
Mtuberculosis	Rv0749A	Rv0750	158	True	41.0	64.0	528	0	0	64	0	0	0	539	False	0		False
Mtuberculosis	PE_PGRS11	mmsA	205	True	76.0	76.0	524	0	0	0	0	0	76	541	False	0		False
Mtuberculosis	Rv0756c	phoP	141	True	77.0	82.8	773	0	0	47	0	0	77	783	False	0		False
Mtuberculosis	Rv0767c	aldA	201	True	63.0	91.3	698	0	196	70	0	0	63	760	False	0		False
Mtuberculosis	Rv0774c	Rv0775	55	True	41.0	41.0	633	0	0	0	0	0	0	632	False	0		False
Mtuberculosis	Rv0776c	purB	244	True	41.0	44.0	468	0	0	44	0	0	0	470	False	0		False
Mtuberculosis	Rv0779c	purC	50	True	41.0	44.0	615	0	0	44	0	0	0	616	False	0		False
Mtuberculosis	Rv0784	emrB	197	True	41.0	49.0	759	0	0	49	0	0	0	761	False	0		False
Mtuberculosis	Rv0792c	Rv0793	72	True	809.0	816.2	610	0	297	77	0	0	809	945	False	0		False
Mtuberculosis	Rv0799c	pepC	44	True	41.0	55.0	788	0	0	55	0	0	0	791	False	0		False
Mtuberculosis	Rv0802c	purL	191	True	41.0	41.0	725	0	0	0	0	0	0	725	False	0		False
Mtuberculosis	Rv0807	cpsY	304	True	41.0	47.0	416	0	0	47	0	0	0	420	False	0		False
Mtuberculosis	Rv0811c	Rv0812	82	True	41.0	44.0	783	0	0	44	0	0	0	783	False	0		False
Mtuberculosis	Rv0817c	Rv0818	129	True	41.0	41.0	624	0	0	0	0	0	0	623	False	0		False
Mtuberculosis	Rv0825c	Rv0826	80	True	41.0	41.0	783	0	629	0	0	0	0	916	False	0		False
Mtuberculosis	Rv0828c	Rv0830	356	True	41.0	44.0	699	0	0	44	0	0	0	700	False	0		False
Mtuberculosis	gluT	lysT	123	False											False	0		False
Mtuberculosis	PE_PGRS14	lpqQ	467	True	41.0	41.0	0	0	0	0	0	0	0	0	False	0		False
Mtuberculosis	Rv0841	pip	275	True	41.0	83.0	429	0	0	83	0	0	0	454	False	0		False
Mtuberculosis	Rv0845	narL	83	True	693.7	767.8	783	0	767	273	273	0	596	987	False	0		False
Mtuberculosis	Rv0846c	lpqS	148	True	870.0	916.0	772	0	0	380	0	0	870	980	False	0		False
Mtuberculosis	Rv0851c	Rv0852	288	True	41.0	233.0	550	0	0	233	0	0	0	640	False	0		False
Mtuberculosis	Rv0854	pdc	64	True	41.0	56.0	618	0	0	56	0	0	0	624	False	0		False
Mtuberculosis	Rv0859	dapC	156	True	57.0	80.6	699	0	0	65	0	0	57	711	False	0		False
Mtuberculosis	Rv0870c	cspB	164	True	41.0	50.0	768	0	0	50	0	0	0	770	False	0		False
Mtuberculosis	PE_PGRS15	fadE10	260	True	41.0	41.0	461	0	0	0	0	0	0	461	False	0		False
Mtuberculosis	Rv0876c	Rv0877	137	True	41.0	50.0	774	0	0	50	0	0	0	776	False	0		False
Mtuberculosis	Rv0879c	Rv0880	177	True	41.0	47.0	765	0	0	47	0	0	0	766	False	0		False
Mtuberculosis	Rv0885	serC	207	True	807.0	808.2	756	0	0	47	0	0	807	951	False	0		False
Mtuberculosis	Rv0891c	Rv0892	397	True	41.0	47.0	306	0	0	47	0	0	0	311	False	0		False
Mtuberculosis	Rv0893c	Rv0894	228	True	41.0	47.0	472	0	0	47	0	0	0	475	False	0		False
Mtuberculosis	Rv0898c	arfA	107	True	41.0	44.0	779	0	0	44	0	0	0	780	False	0		False
Mtuberculosis	accD3	echA6	26	True	137.0	198.2	790	0	0	109	0	0	137	824	False	0		False
Mtuberculosis	PE7	betP	443	True	41.0	41.0	0	0	0	0	0	0	0	0	False	0		False
Mtuberculosis	Rv0920c	Rv0921	287	True	41.0	44.0	440	0	0	44	0	0	0	442	False	0		False
Mtuberculosis	Rv0927c	pstS3	271	True	663.0	667.9	464	0	0	55	0	0	663	814	False	0		False
Mtuberculosis	pstB	pstS2	215	True	872.4	953.4	513	0	291	650	0	800	388	982	False	0		False
Mtuberculosis	ligD	mku	115	True	956.0	977.1	628	0	774	501	0	0	956	997	False	0		False
Mtuberculosis	Rv0941c	Rv0942	42	True	41.0	44.0	571	0	0	44	0	0	0	572	False	0		False
Mtuberculosis	Rv0943c	Rv0944	28	True	808.0	809.2	618	0	0	47	0	0	808	924	False	0		False
Mtuberculosis	Rv0948c	uvrD1	296	True	41.0	44.0	718	0	0	44	0	0	0	719	False	0		False
Mtuberculosis	Rv0950c	sucC	309	True	322.0	435.1	467	0	0	201	0	0	322	686	False	0		False
Mtuberculosis	Rv0953c	Rv0954	164	True	41.0	41.0	768	0	0	0	0	0	0	767	False	0		False
Mtuberculosis	Rv0966c	csoR	139	True	41.0	49.0	574	0	0	49	0	0	0	578	False	0		False
Mtuberculosis	PE_PGRS16	Rv0976c	197	True	41.0	41.0	502	0	0	0	0	0	0	502	False	0		False
Mtuberculosis	Rv0979c	rpmF	21	True	810.0	810.0	590	0	0	0	0	0	810	919	False	0		False
Mtuberculosis	PE_PGRS18	mprA	370	True	121.0	121.0	333	0	0	0	0	0	121	388	False	0		False
Mtuberculosis	Rv0986	mscL	322	True	131.0	141.0	396	0	0	52	0	0	131	459	False	0		False
Mtuberculosis	Rv0992c	galU	100	True	90.0	90.9	781	0	0	42	0	0	90	792	False	0		False
Mtuberculosis	Rv1000c	arcA	36	True	41.0	47.0	677	0	0	47	0	0	0	679	False	0		False
Mtuberculosis	Rv1002c	Rv1003	82	True	41.0	55.0	783	0	0	55	0	0	0	786	False	0		False
Mtuberculosis	Rv1005c	Rv1006	115	True	251.0	254.9	725	0	0	46	0	0	251	786	False	0		False
Mtuberculosis	metS	tatD	85	True	143.0	431.6	783	723	215	364	143	0	0	969	False	0		False
Mtuberculosis	Rv1019	glnT	167	False											False	0		False
Mtuberculosis	kdpD	kdpF	233	True	653.0	655.2	485	0	0	47	0	0	653	815	False	0		False
Mtuberculosis	Rv1043c	Rv1044	246	True	41.0	44.0	460	0	0	44	0	0	0	462	False	0		False
Mtuberculosis	Rv1048c	Rv1049	232	True	202.0	223.6	469	0	0	67	0	0	202	570	False	0		False
Mtuberculosis	Rv1065	lpqV	111	True	41.0	49.0	568	0	0	49	0	0	0	572	False	0		False
Mtuberculosis	Rv1072	echA9	186	True	41.0	47.0	519	0	0	47	0	0	0	522	False	0		False
Mtuberculosis	Rv1075c	lipU	396	True	80.0	299.7	614	0	0	270	0	0	80	718	False	0		False
Mtuberculosis	Rv1081c	mca	101	True	41.0	42.0	780	0	0	42	0	0	0	780	False	0		False
Mtuberculosis	Rv1085c	Rv1086	110	True	41.0	41.0	596	0	0	0	0	0	0	595	False	0		False
Mtuberculosis	MTS0858	glyA1	86	False											False	0		False
Mtuberculosis	Rv1109c	lytB2	89	True	41.0	55.0	782	0	0	55	0	0	0	785	False	0		False
Mtuberculosis	Rv1111c	Rv1112	62	True	41.0	44.0	786	0	0	44	0	0	0	786	False	0		False
Mtuberculosis	Rv1120c	zwf1	202	True	41.0	50.0	552	0	0	50	0	0	0	557	False	0		False
Mtuberculosis	bpoB	ephC	74	True	41.0	53.0	553	0	265	53	0	0	0	662	False	0		False
Mtuberculosis	Rv1129c	prpD	20	True	928.0	956.1	621	0	519	415	0	0	928	991	False	0		False
Mtuberculosis	Rv1139c	Rv1140	361	True	41.0	47.0	360	0	0	47	0	0	0	363	False	0		False
Mtuberculosis	echA10	mcr	103	True	155.0	164.7	780	0	0	52	0	123	76	808	False	0		False
Mtuberculosis	Rv1148c	Rv1149	144	True	41.0	44.0	526	0	0	44	0	0	0	528	False	0		False
Mtuberculosis	Rv1151c	Rv1152	37	True	41.0	651.0	789	0	0	651	0	0	0	923	False	0		False
Mtuberculosis	Rv1158c	pimE	129	True	41.0	59.0	776	0	266	59	0	0	0	831	False	0		False
Mtuberculosis	Rv1159A	mutT2	26	True	41.0	41.0	622	0	160	0	0	0	0	669	False	0		False
Mtuberculosis	lipX	mshB	179	True	321.0	321.0	523	0	0	0	0	0	321	662	False	0		False
Mtuberculosis	PE12	fbiC	249	True	41.0	41.0	740	0	0	0	0	0	0	740	False	0		False
Mtuberculosis	Rv1176c	fdxC	212	True	41.0	44.0	731	0	0	44	0	0	0	731	False	0		False
Mtuberculosis	Rv1179c	pks3	425	True	550.0	564.1	0	0	0	71	0	0	550	564	False	0		False
Mtuberculosis	Rv1186c	rocA	84	True	290.0	293.0	783	0	195	45	0	0	290	865	False	0		False
Mtuberculosis	PE13	Rv1194c	489	True	41.0	41.0	0	0	0	0	0	0	0	0	False	0		False
Mtuberculosis	Rv1199c	Rv1200	336	True	41.0	41.0	0	0	0	0	0	0	0	0	False	0		False
Mtuberculosis	dapD	dapE	90	True	965.0	965.5	782	0	509	54	0	0	965	996	False	0		False
Mtuberculosis	Rv1204c	Rv1205	94	True	41.0	45.0	547	0	0	45	0	0	0	549	False	0		False
Mtuberculosis	glgA	glgC	174	True	996.4	996.4	765	0	465	53	0	900	965	999	False	0		False
Mtuberculosis	Rv1220c	sigE	262	True	41.0	41.0	551	0	0	0	0	0	0	550	False	0		False
Mtuberculosis	Rv1227c	lpqX	94	True	41.0	47.0	547	0	0	47	0	0	0	549	False	0		False
Mtuberculosis	Rv1233c	Rv1234	149	True	41.0	51.0	533	0	0	51	0	0	0	538	False	0		False
Mtuberculosis	corA	mdh	170	True	41.0	109.0	765	0	0	109	0	0	0	782	False	0		False
Mtuberculosis	PE_PGRS23	lpqZ	179	True	41.0	41.0	507	0	0	0	0	0	0	507	False	0		False
Mtuberculosis	Rv1249c	Rv1250	196	True	41.0	51.0	513	0	0	51	0	0	0	518	False	0		False
Mtuberculosis	deaD	lprE	65	True	400.6	402.4	675	0	0	44	153	280	96	797	False	0		False
Mtuberculosis	Rv1262c	amiB2	58	True	41.0	41.0	614	0	156	0	0	0	0	660	False	0		False
Mtuberculosis	Rv1265	mcr11	35	False											False	0		False
Mtuberculosis	Rv1273c	lprB	146	True	41.0	56.0	772	0	0	56	0	0	0	775	False	0		False
Mtuberculosis	Rv1276c	Rv1277	249	True	44.0	50.0	740	0	0	47	0	0	44	742	False	0		False
Mtuberculosis	canA	oppB	206	True	41.0	41.0	756	0	0	0	0	0	0	756	False	0		False
Mtuberculosis	Rv1290A	Rv1290c	10	True	41.0	47.0	579	0	0	47	0	0	0	582	False	0		False
Mtuberculosis	argS	argV	113	False											False	0		False
Mtuberculosis	Rv1314c	murA	68	True	41.0	46.0	785	0	0	46	0	0	0	786	False	0		False
Mtuberculosis	Rv1320c	Rv1321	61	True	41.0	41.0	598	0	0	0	0	0	0	598	False	0		False
Mtuberculosis	Rv1322A	fadA4	90	True	77.0	136.7	782	0	0	103	0	0	77	804	False	0		False
Mtuberculosis	glgE	glgP	138	True	942.4	960.2	772	0	0	337	137	0	936	990	False	0		False
Mtuberculosis	Rv1331	pncB1	101	True	76.0	81.8	780	0	0	47	0	0	76	789	False	0		False
Mtuberculosis	lprD	mbtL	44	True	41.0	55.0	562	0	0	55	0	0	0	568	False	0		False
Mtuberculosis	leuW	mbtK	122	False											False	0		False
Mtuberculosis	Rv1357c	Rv1358	395	True	98.0	815.6	330	0	0	804	0	0	98	871	False	0		False
Mtuberculosis	Rv1366	rsfA	220	True	630.0	631.9	496	0	156	46	0	0	630	829	False	0		False
Mtuberculosis	Rv1367c	lprF	374	True	41.0	47.0	338	0	0	47	0	0	0	342	False	0		False
Mtuberculosis	Rv1395	cyp132	77	True	433.0	439.5	764	0	0	52	0	0	433	862	False	0		False
Mtuberculosis	Rv1401	lipI	133	True	41.0	63.0	711	0	0	63	0	0	0	718	False	0		False
Mtuberculosis	Rv1403c	Rv1404	168	True	773.0	776.3	574	0	0	55	0	0	773	900	False	0		False
Mtuberculosis	Rv1405c	fmt	196	True	41.0	47.0	757	0	0	47	0	0	0	758	False	0		False
Mtuberculosis	lprG	ribC	84	True	41.0	54.0	783	0	0	54	0	0	0	786	False	0		False
Mtuberculosis	Rv1424c	Rv1425	3	True	41.0	50.0	585	0	0	50	0	0	0	589	False	0		False
Mtuberculosis	Rv1428c	Rv1429	118	True	41.0	50.0	587	0	190	50	0	0	0	654	False	0		False
Mtuberculosis	Rv1435c	gap	356	True	155.0	162.9	365	0	0	50	0	0	155	445	False	0		False
Mtuberculosis	Rv1439c	secG	450	True	41.0	41.0	0	0	0	0	0	0	0	0	False	0		False
Mtuberculosis	PE_PGRS26	bisC	106	True	41.0	41.0	593	0	0	0	0	0	0	593	False	0		False
Mtuberculosis	PE_PGRS27	Rv1451	401	True	41.0	41.0	0	0	0	0	0	0	0	0	False	0		False
Mtuberculosis	PE_PGRS28	Rv1453	151	True	41.0	41.0	523	0	174	0	0	0	0	589	False	0		False
Mtuberculosis	Rv1455	qor	19	True	440.0	443.5	791	0	0	47	0	0	440	878	False	0		False
Mtuberculosis	Rv1459c	Rv1460	47	True	41.0	45.0	779	0	0	45	0	0	0	780	False	0		False
Mtuberculosis	PE_PGRS29	ctpD	241	True	548.0	548.0	490	0	0	0	0	0	548	759	False	0		False
Mtuberculosis	Rv1476	acn	157	True	41.0	95.0	613	0	0	95	0	0	0	635	False	0		False
Mtuberculosis	Rv1482c	fabG1	140	True	630.0	631.5	587	0	0	45	0	0	630	841	False	0		False
Mtuberculosis	Rv1486c	Rv1487	57	True	479.0	486.6	644	0	159	55	0	0	479	833	False	0		False
Mtuberculosis	Rv1491c	mutA	190	True	41.0	41.0	761	0	0	0	0	0	0	761	False	0		False
Mtuberculosis	Rv1498A	Rv1499	60	True	41.0	47.0	565	0	0	47	0	0	0	568	False	0		False
Mtuberculosis	Rv1516c	Rv1517	331	True	41.0	44.0	389	0	0	44	0	0	0	392	False	0		False
Mtuberculosis	Rv1523	mmpL12	40	True	624.0	631.1	567	0	0	59	0	0	624	833	False	0		False
Mtuberculosis	fadD24	papA4	51	True	231.8	324.7	569	0	0	157	201	0	78	696	False	0		False
Mtuberculosis	Rv1532c	Rv1533	59	True	41.0	55.0	609	0	0	55	0	0	0	614	False	0		False
Mtuberculosis	ansA	lspA	51	True	134.0	138.5	788	0	0	46	0	0	134	809	False	0		False
Mtuberculosis	Rv1543	glbN	227	True	430.0	433.6	490	0	0	47	0	0	430	699	False	0		False
Mtuberculosis	PPE21	fadD11	382	True	41.0	50.0	524	0	0	50	0	0	0	528	False	0		False
Mtuberculosis	Rv1567c	bioA	247	True	41.0	41.0	719	0	0	0	0	0	0	718	False	0		False
Mtuberculosis	Rv1588c	bioB	447	True	41.0	41.0	0	0	0	0	0	0	0	0	False	0		False
Mtuberculosis	Rv1593c	nadA	48	True	96.0	138.4	788	0	443	86	0	0	96	889	False	0		False
Mtuberculosis	Rv1598c	hisD	99	True	41.0	49.0	631	0	0	49	0	0	0	634	False	0		False
Mtuberculosis	bcpB	trpE	140	True	41.0	41.0	773	0	0	0	0	0	0	773	False	0		False
Mtuberculosis	Rv1626	leuV	91	False											False	0		False
Mtuberculosis	Rv1628c	polA	103	True	41.0	44.0	780	0	0	44	0	0	0	780	False	0		False
Mtuberculosis	Rv1632c	uvrB	244	True	41.0	47.0	563	0	0	47	0	0	0	566	False	0		False
Mtuberculosis	Rv1635c	TB15.3	208	True	41.0	45.0	617	0	0	45	0	0	0	618	False	0		False
Mtuberculosis	Rv1637c	uvrA	48	True	76.0	81.8	788	0	0	47	0	0	76	796	False	0		False
Mtuberculosis	infC	lysX	237	True	468.0	567.9	487	0	0	221	0	0	468	768	False	0		False
Mtuberculosis	PE17	Rv1645c	309	True	41.0	41.0	434	0	0	0	0	0	0	434	False	0		False
Mtuberculosis	PE_PGRS30	argC	193	True	41.0	41.0	501	0	0	0	0	0	0	501	False	0		False
Mtuberculosis	Rv1676	cmr	71	True	172.0	199.6	558	0	184	73	0	0	172	686	False	0		False
Mtuberculosis	Rv1687c	mpg	58	True	41.0	50.0	787	0	0	50	0	0	0	788	False	0		False
Mtuberculosis	G2	lprJ	336	False											False	0		False
Mtuberculosis	Rv1706A	Rv1707	232	True	41.0	51.0	498	0	0	51	0	0	0	503	False	0		False
Mtuberculosis	Rv1722	vapB12	217	True	41.0	47.0	512	0	0	47	0	0	0	515	False	0		False
Mtuberculosis	Rv1725c	Rv1726	100	True	44.0	167.6	596	0	214	165	0	0	44	712	False	0		False
Mtuberculosis	Rv1730c	gabD2	431	True	41.0	41.0	0	0	0	0	0	0	0	0	False	0		False
Mtuberculosis	MTS1338	Rv1733c	179	False											False	0		False
Mtuberculosis	Rv1738	narK2	286	True	436.0	869.4	449	0	0	778	0	0	436	925	False	0		False
Mtuberculosis	Rv1739c	vapB34	67	True	41.0	46.0	563	0	0	46	0	0	0	566	False	0		False
Mtuberculosis	idi	pknF	146	True	431.0	436.9	541	0	0	51	0	0	431	730	False	0		False
Mtuberculosis	Rv1751	fadD1	53	True	62.0	87.4	559	0	0	67	0	0	62	581	False	0		False
Mtuberculosis	Rv1773c	Rv1774	65	True	41.0	76.0	602	0	0	76	0	0	0	616	False	0		False
Mtuberculosis	Rv1776c	cyp144	100	True	254.0	261.0	781	0	246	50	0	0	254	867	False	0		False
Mtuberculosis	Rv1779c	Rv1780	219	True	41.0	41.0	495	0	0	0	0	0	0	496	False	0		False
Mtuberculosis	eccB5	malQ	263	True	207.0	216.9	511	0	0	53	0	0	207	600	False	0		False
Mtuberculosis	Rv1786	cyp143	199	True	569.0	571.2	707	0	153	46	0	0	569	884	False	0		False
Mtuberculosis	PE20	Rv1805c	37	True	517.0	517.0	588	0	0	0	0	0	517	792	False	0		False
Mtuberculosis	Rv1813c	erg3	408	True	41.0	41.0	0	0	0	0	0	0	0	0	False	0		False
Mtuberculosis	bacA	ilvG	70	True	61.0	65.9	785	0	0	46	0	0	61	790	False	0		False
Mtuberculosis	Rv1833c	lipZ	40	True	41.0	55.0	575	0	238	55	0	0	0	667	False	0		False
Mtuberculosis	Rv1847	blaI	277	True	41.0	46.0	509	0	0	46	0	0	0	511	False	0		False
Mtuberculosis	Rv1856c	modA	161	True	46.0	59.9	573	0	0	55	0	0	46	582	False	0		False
Mtuberculosis	Rv1865c	Rv1866	173	True	42.0	56.0	511	0	0	55	0	0	42	518	False	0		False
Mtuberculosis	Rv1873	lldD2	22	True	41.0	41.0	790	0	0	0	0	0	0	790	False	0		False
Mtuberculosis	Rv1887	fbpB	390	True	107.0	160.1	334	0	0	98	0	0	107	416	False	0		False
Mtuberculosis	Rv1897c	Rv1898	57	True	41.0	41.0	787	0	0	0	0	0	0	786	False	0		False
Mtuberculosis	cinA	lipJ	28	True	41.0	61.0	686	0	0	61	0	0	0	692	False	0		False
Mtuberculosis	Rv1903	nanT	89	True	41.0	61.0	612	0	0	61	0	0	0	620	False	0		False
Mtuberculosis	Rv1913	fadB5	99	True	42.0	56.0	654	0	0	55	0	0	42	659	False	0		False
Mtuberculosis	Rv1914c	aceAa	134	True	41.0	41.0	552	0	0	0	0	0	0	552	False	0		False
Mtuberculosis	Rv1919c	Rv1920	97	True	41.0	50.0	773	0	0	50	0	0	0	775	False	0		False
Mtuberculosis	Rv1922	lppF	271	True	41.0	55.0	436	0	0	55	0	0	0	444	False	0		False
Mtuberculosis	Rv1924c	fadD31	156	True	41.0	50.0	647	0	0	50	0	0	0	650	False	0		False
Mtuberculosis	Rv1927	mpt63	236	True	41.0	41.0	533	0	0	0	0	0	0	533	False	0		False
Mtuberculosis	Rv1931c	tpx	132	True	41.0	41.0	636	0	0	0	0	0	0	636	False	0		False
Mtuberculosis	Rv1936	echA13	224	True	253.0	790.5	492	0	207	731	0	0	253	908	False	0		False
Mtuberculosis	Rv1944c	Rv1945	54	True	83.0	88.7	588	0	0	47	0	0	83	608	False	0		False
Mtuberculosis	Rv1947	lppG	63	True	41.0	52.0	566	0	0	52	0	0	0	570	False	0		False
Mtuberculosis	Rv1951c	vapB14	239	True	41.0	47.0	463	0	0	47	0	0	0	466	False	0		False
Mtuberculosis	PE_PGRS35	vapB36	142	True	41.0	41.0	535	0	0	0	0	0	0	535	False	0		False
Mtuberculosis	RV1984a	cfp21	114	False											False	0		False
Mtuberculosis	Rv1985c	Rv1986	108	True	727.0	729.6	595	0	774	50	0	0	727	973	False	0		False
Mtuberculosis	Rv1995	cmtR	156	True	443.0	455.8	528	0	0	63	0	0	443	732	False	0		False
Mtuberculosis	Rv1999c	Rv2000	70	True	41.0	44.0	554	0	0	44	0	0	0	556	False	0		False
Mtuberculosis	Rv2005c	otsB1	118	True	41.0	772.0	553	0	0	772	0	0	0	893	False	0		False
Mtuberculosis	Rv2008c	vapB15	87	True	41.0	41.0	600	0	0	0	0	0	0	600	False	0		False
Mtuberculosis	Rv2011c	Rv2012	40	True	41.0	67.0	587	0	0	67	0	0	0	598	False	0		False
Mtuberculosis	Rv2015c	Rv2016	353	True	41.0	50.0	348	0	0	50	0	0	0	354	False	0		False
Mtuberculosis	acg	hspX	196	True	548.0	934.0	531	0	0	860	0	0	548	967	False	0		False
Mtuberculosis	Rv2033c	Rv2034	211	True	164.0	168.4	546	0	0	46	0	0	164	606	False	0		False
Mtuberculosis	lipT	lppI	48	True	41.0	55.0	674	0	0	55	0	0	0	678	False	0		False
Mtuberculosis	Rv2049c	Rv2050	303	True	41.0	47.0	667	0	0	47	0	0	0	669	False	0		False
Mtuberculosis	Rv2054	fxsA	75	True	41.0	56.0	784	0	0	56	0	0	0	787	False	0		False
Mtuberculosis	Rv2059	rpmB2	112	True	862.0	971.1	565	0	0	799	0	0	862	986	False	0		False
Mtuberculosis	cobN	mazE7	77	True	41.0	44.0	552	0	0	44	0	0	0	554	False	0		False
Mtuberculosis	blaC	sigC	134	True	65.0	86.4	589	0	175	63	0	0	65	663	False	0		False
Mtuberculosis	Rv2073c	Rv2074	29	True	41.0	104.0	790	0	0	104	0	0	0	803	False	0		False
Mtuberculosis	Rv2077A	Rv2078	464	True	41.0	651.0	0	0	0	651	0	0	0	651	False	0		False
Mtuberculosis	Rv2081c	Rv2082	203	True	41.0	55.0	491	0	0	55	0	0	0	499	False	0		False
Mtuberculosis	Rv2090	pepE	48	True	85.0	132.7	788	0	0	91	0	0	85	807	False	0		False
Mtuberculosis	Rv2113	dop	60	True	41.0	50.0	581	0	0	50	0	0	0	586	False	0		False
Mtuberculosis	lppK	mpa	280	True	152.0	191.8	726	0	0	86	152	0	0	769	False	0		False
Mtuberculosis	Rv2118c	Rv2119	73	True	41.0	44.0	785	0	0	44	0	0	0	785	False	0		False
Mtuberculosis	PPE37	hisE	126	True	417.0	420.0	550	0	0	46	0	0	417	727	False	0		False
Mtuberculosis	Rv2125	metH	225	True	543.0	549.2	750	0	0	54	0	0	543	882	False	0		False
Mtuberculosis	Rv2132	cysQ	90	True	41.0	41.0	572	0	0	0	0	0	0	572	False	0		False
Mtuberculosis	Rv2137c	lppL	14	True	41.0	41.0	591	0	0	0	0	0	0	591	False	0		False
Mtuberculosis	Rv2141c	leuU	264	False											False	0		False
Mtuberculosis	Rv2143	parD2	254	True	41.0	41.0	467	0	0	0	0	0	0	467	False	0		False
Mtuberculosis	Rv2169c	Rv2170	265	True	41.0	46.0	733	0	192	46	0	0	0	776	False	0		False
Mtuberculosis	Rv2172c	idsA2	310	True	177.4	181.7	706	0	0	46	135	0	88	749	False	0		False
Mtuberculosis	Rv2175c	pknL	54	True	808.0	809.2	787	0	0	47	0	0	808	957	False	0		False
Mtuberculosis	Rv2180c	Rv2181	87	True	41.0	53.0	783	0	0	53	0	0	0	785	False	0		False
Mtuberculosis	Rv2186c	fadD15	165	True	41.0	46.0	605	0	0	46	0	0	0	607	False	0		False
Mtuberculosis	ctaE	trpD	157	True	408.0	414.2	770	0	0	51	0	0	408	859	False	0		False
Mtuberculosis	asnB	ctaC	245	True	41.0	46.0	742	0	0	46	0	0	0	743	False	0		False
Mtuberculosis	Rv2203	adoK	203	True	41.0	44.0	757	0	0	44	0	0	0	758	False	0		False
Mtuberculosis	Rv2205c	Rv2206	158	True	41.0	45.0	769	0	0	45	0	0	0	770	False	0		False
Mtuberculosis	Rv2212	gcvT	8	True	41.0	50.0	792	0	0	50	0	0	0	794	False	0		False
Mtuberculosis	dlaT	ephD	263	True	111.6	163.5	524	0	0	97	77	0	77	585	False	0		False
Mtuberculosis	Rv2219A	glnA1	198	True	221.0	229.1	759	0	0	51	153	0	118	806	False	0		False
Mtuberculosis	Rv2224d	panB	295	False											False	0		False
Mtuberculosis	Rv2227	rnpB	179	False											False	0		False
Mtuberculosis	Rv2237	cobD	113	True	41.0	44.0	778	0	0	44	0	0	0	779	False	0		False
Mtuberculosis	Rv2240c	aceE	258	True	41.0	54.0	736	0	0	54	0	0	0	740	False	0		False
Mtuberculosis	Rv2250c	Rv2251	210	True	41.0	89.0	600	0	480	89	0	0	0	794	False	0		False
Mtuberculosis	Rv2258c	mscR	347	True	41.0	85.0	692	0	0	85	0	0	0	706	False	0		False
Mtuberculosis	Rv2264c	Rv2265	349	True	53.0	58.9	354	0	0	47	0	0	53	365	False	0		False
Mtuberculosis	Rv2269c	lppN	76	True	41.0	68.0	561	0	0	68	0	0	0	573	False	0		False
Mtuberculosis	Rv2282c	Rv2283	64	True	41.0	68.0	556	0	0	68	0	0	0	569	False	0		False
Mtuberculosis	Rv2286c	yjcE	133	True	41.0	55.0	559	0	0	55	0	0	0	565	False	0		False
Mtuberculosis	Rv2293c	Rv2294	294	True	84.0	132.7	428	0	0	92	0	0	84	483	False	0		False
Mtuberculosis	Rv2300c	cut2	6	True	41.0	45.0	571	0	0	45	0	0	0	572	False	0		False
Mtuberculosis	Rv2307D	Rv2308	208	True	41.0	64.0	521	0	0	64	0	0	0	532	False	0		False
Mtuberculosis	Rv2315c	uspA	33	True	41.0	47.0	790	0	0	47	0	0	0	790	False	0		False
Mtuberculosis	Rv2323c	Rv2324	64	True	813.0	814.2	618	0	267	47	0	0	813	943	False	0		False
Mtuberculosis	Rv2326c	Rv2327	40	True	41.0	88.0	789	0	0	88	0	0	0	799	False	0		False
Mtuberculosis	Rv2331	lppP	74	True	41.0	47.0	604	0	0	47	0	0	0	606	False	0		False
Mtuberculosis	cysK1	stp	474	True	257.0	267.8	43	0	0	55	0	0	257	269	False	0		False
Mtuberculosis	asnT	lppQ	117	False											False	0		False
Mtuberculosis	Rv2345	dgt	68	True	41.0	51.0	785	0	0	51	0	0	0	787	False	0		False
Mtuberculosis	glyS	smtB	181	True	41.0	42.0	565	0	0	42	0	0	0	565	False	0		False
Mtuberculosis	amiA2	recO	61	True	148.0	150.7	786	0	0	44	0	0	148	810	False	0		False
Mtuberculosis	PE_PGRS40	Rv2370c	194	True	41.0	41.0	532	0	0	0	0	0	0	533	False	0		False
Mtuberculosis	Rv2375	hrcA	171	True	41.0	41.0	766	0	0	0	0	0	0	766	False	0		False
Mtuberculosis	mbtA	mbtB	98	True	925.0	999.9	784	0	316	999	699	0	761	999	False	0		False
Mtuberculosis	Rv2386a	mbtI	452	False											False	0		False
Mtuberculosis	Rv2390c	sirA	412	True	41.0	41.0	0	0	0	0	0	0	0	0	False	0		False
Mtuberculosis	Rv2401	subI	13	True	41.0	52.0	578	0	0	52	0	0	0	583	False	0		False
Mtuberculosis	Rv2401A	Rv2402	283	True	41.0	47.0	711	0	0	47	0	0	0	713	False	0		False
Mtuberculosis	Rv2405	lepA	20	True	41.0	46.0	651	0	0	46	0	0	0	653	False	0		False
Mtuberculosis	Rv2406c	Rv2407	259	True	41.0	41.0	548	0	0	0	0	0	0	548	False	0		False
Mtuberculosis	Rv2411c	rpsT	109	True	41.0	47.0	630	0	0	47	0	0	0	632	False	0		False
Mtuberculosis	Rv2422	nadD	274	True	630.0	630.0	449	0	0	0	0	0	630	787	False	0		False
Mtuberculosis	Rv2435c	rbsK	480	True	44.0	58.0	151	0	0	55	0	0	44	166	False	0		False
Mtuberculosis	dctA	rplU	347	True	41.0	47.0	389	0	0	47	0	0	0	392	False	0		False
Mtuberculosis	Rv2451	rpfE	81	True	41.0	50.0	559	0	0	50	0	0	0	564	False	0		False
Mtuberculosis	clpX	mmuM	290	True	41.0	42.0	721	0	0	42	0	0	0	721	False	0		False
Mtuberculosis	glyV	proU	136	False											False	0		False
Mtuberculosis	Rv2466c	pepN	101	True	41.0	55.0	633	0	0	55	0	0	0	638	False	0		False
Mtuberculosis	Rv2469c	glbO	142	True	41.0	45.0	773	0	0	45	0	0	0	774	False	0		False
Mtuberculosis	argW	lipQ	187	False											False	0		False
Mtuberculosis	Rv2490a	Rv2491	135	False											False	0		False
Mtuberculosis	Rv2506	fadD35	115	True	650.0	651.8	556	0	0	46	0	0	650	839	False	0		False
Mtuberculosis	Rv2508c	Rv2509	84	True	41.0	45.0	783	0	0	45	0	0	0	784	False	0		False
Mtuberculosis	Rv2510c	orn	67	True	41.0	44.0	632	0	0	44	0	0	0	633	False	0		False
Mtuberculosis	Rv2512a	Rv2512c	150	False											False	0		False
Mtuberculosis	ldtB	lysU	158	False											False	0		False
Mtuberculosis	Rv2520c	bcp	68	True	41.0	53.0	781	0	0	53	0	0	0	783	False	0		False
Mtuberculosis	Rv2529	mrr	203	True	572.0	578.2	491	0	0	55	0	0	572	776	False	0		False
Mtuberculosis	Rv2536	pepQ	33	True	41.0	70.0	790	0	0	70	0	0	0	795	False	0		False
Mtuberculosis	Rv2541	aroF	14	True	41.0	55.0	569	0	0	55	0	0	0	575	False	0		False
Mtuberculosis	Rv2556c	Rv2557	106	True	41.0	46.0	594	0	0	46	0	0	0	596	False	0		False
Mtuberculosis	Rv2559c	Rv2560	145	True	41.0	46.0	773	0	0	46	0	0	0	773	False	0		False
Mtuberculosis	Rv2569c	Rv2570	103	True	41.0	44.0	655	0	0	44	0	0	0	656	False	0		False
Mtuberculosis	Rv2573	aspS	239	True	41.0	44.0	745	0	0	44	0	0	0	745	False	0		False
Mtuberculosis	Rv2576c	Rv2577	227	True	41.0	41.0	536	0	0	0	0	0	0	536	False	0		False
Mtuberculosis	Rv2578c	dhaA	107	True	41.0	54.0	593	0	0	54	0	0	0	598	False	0		False
Mtuberculosis	Rv2581c	ppiB	50	True	41.0	58.0	644	0	0	58	0	0	0	651	False	0		False
Mtuberculosis	gabT	yajC	166	True	858.0	858.7	768	0	0	46	0	0	858	965	False	0		False
Mtuberculosis	ruvC	vapB40	108	True	41.0	47.0	552	0	0	47	0	0	0	554	False	0		False
Mtuberculosis	pdxH	snzP	127	True	974.7	974.8	550	0	0	47	0	900	757	988	False	0		False
Mtuberculosis	Rv2614A	thrS	108	True	41.0	42.0	550	0	0	42	0	0	0	550	False	0		False
Mtuberculosis	PE_PGRS45	Rv2616	344	True	41.0	41.0	370	0	0	0	0	0	0	370	False	0		False
Mtuberculosis	Rv2617c	Rv2618	146	True	41.0	55.0	581	0	706	55	0	0	0	873	False	0		False
Mtuberculosis	Rv2621c	Rv2622	77	True	656.0	666.4	553	0	216	70	0	0	656	873	False	0		False
Mtuberculosis	Rv2627c	Rv2628	309	True	41.0	731.0	393	0	0	731	0	0	0	829	False	0		False
Mtuberculosis	PE_PGRS46	Rv2635	28	True	41.0	41.0	575	0	0	0	0	0	0	575	False	0		False
Mtuberculosis	Rv2640c	cadI	101	True	348.0	359.6	665	0	453	58	0	0	348	872	False	0		False
Mtuberculosis	glyT	valT	184	False											False	0		False
Mtuberculosis	echA15	hemE	52	True	41.0	64.0	788	0	0	64	0	0	0	792	False	0		False
Mtuberculosis	Rv2683	dxs1	143	True	41.0	41.0	645	0	0	0	0	0	0	644	False	0		False
Mtuberculosis	Rv2690c	ceoB	134	True	88.0	101.3	775	0	633	55	0	0	88	919	False	0		False
Mtuberculosis	Rv2694c	Rv2695	148	True	41.0	46.0	616	0	0	46	0	0	0	618	False	0		False
Mtuberculosis	Rv2698	dut	25	True	41.0	55.0	790	0	0	55	0	0	0	793	False	0		False
Mtuberculosis	Rv2699c	Rv2700	237	True	41.0	41.0	746	0	0	0	0	0	0	745	False	0		False
Mtuberculosis	ppgK	suhB	122	True	41.0	47.0	626	0	0	47	0	0	0	628	False	0		False
Mtuberculosis	Rv2706c	Rv2707	115	True	41.0	51.0	539	0	0	51	0	0	0	544	False	0		False
Mtuberculosis	Rv2708c	Rv2709	42	True	41.0	47.0	788	0	180	47	0	0	0	820	False	0		False
Mtuberculosis	Rv2712c	sthA	112	True	41.0	46.0	778	0	0	46	0	0	0	779	False	0		False
Mtuberculosis	Rv2719c	lexA	250	True	408.0	514.8	723	0	0	214	0	0	408	859	False	0		False
Mtuberculosis	Rv2721c	Rv2722	15	True	41.0	51.0	619	0	0	51	0	0	0	623	False	0		False
Mtuberculosis	Rv2729c	Rv2730	66	True	41.0	41.0	606	0	0	0	0	0	0	606	False	0		False
Mtuberculosis	Rv2733c	Rv2734	296	True	41.0	41.0	426	0	0	0	0	0	0	425	False	0		False
Mtuberculosis	Rv2739c	ephG	43	True	41.0	46.0	788	0	0	46	0	0	0	789	False	0		False
Mtuberculosis	argA	pgsA3	30	True	41.0	238.0	649	0	0	238	0	0	0	721	False	0		False
Mtuberculosis	Rv2765	thyA	164	True	435.0	436.2	532	0	0	43	0	0	435	725	False	0		False
Mtuberculosis	Rv2774c	Rv2775	152	True	41.0	41.0	522	0	0	0	0	0	0	522	False	0		False
Mtuberculosis	Rv2779c	ald	65	True	589.0	591.6	618	0	0	47	0	0	589	837	False	0		False
Mtuberculosis	Rv2787	ribF	210	True	41.0	41.0	488	0	0	0	0	0	0	488	False	0		False
Mtuberculosis	Rv2798c	Rv2799	130	True	41.0	54.0	653	0	0	54	0	0	0	658	False	0		False
Mtuberculosis	echA16	vapB22	46	True	546.0	547.9	647	0	0	45	0	0	546	833	False	0		False
Mtuberculosis	Rv2842c	Rv2843	194	True	41.0	46.0	760	0	0	46	0	0	0	761	False	0		False
Mtuberculosis	PE_PGRS48	mqo	206	True	41.0	41.0	506	0	0	0	0	0	0	506	False	0		False
Mtuberculosis	Rv2862c	vapB23	103	True	41.0	41.0	543	0	0	0	0	0	0	543	False	0		False
Mtuberculosis	Rv2864c	relF	271	True	41.0	50.0	464	0	0	50	0	0	0	468	False	0		False
Mtuberculosis	dxr	vapB43	126	True	41.0	44.0	550	0	0	44	0	0	0	552	False	0		False
Mtuberculosis	Rv2884	pyrH	234	True	177.7	182.0	484	0	0	46	153	0	69	560	False	0		False
Mtuberculosis	Rv2891	rpsB	283	True	82.0	82.0	724	0	0	0	0	0	82	736	False	0		False
Mtuberculosis	PPE45	Rv2893	399	True	41.0	47.0	305	0	0	47	0	0	0	309	False	0		False
Mtuberculosis	lppW	rplS	374	True	41.0	47.0	405	0	0	47	0	0	0	409	False	0		False
Mtuberculosis	Rv2910c	dacB2	68	True	41.0	42.0	579	0	0	42	0	0	0	580	False	0		False
Mtuberculosis	Rv2917	ffh	77	True	41.0	67.0	553	0	0	67	0	0	0	566	False	0		False
Mtuberculosis	Rv2927c	tesA	238	True	41.0	47.0	494	0	0	47	0	0	0	496	False	0		False
Mtuberculosis	Rv2951c	Rv2952	192	True	705.4	718.6	597	0	0	84	0	500	435	881	False	0		False
Mtuberculosis	Rv2955c	Rv2956	122	True	821.7	822.6	544	0	462	46	0	500	658	952	False	0		False
Mtuberculosis	Rv2960c	Rv2961	81	True	870.0	870.0	559	0	0	0	0	0	870	940	False	0		False
Mtuberculosis	Rv2962c	Rv2963	113	True	41.0	78.0	554	0	0	78	0	0	0	571	False	0		False
Mtuberculosis	Rv2970A	lipN	230	True	58.0	121.8	748	0	0	106	0	0	58	769	False	0		False
Mtuberculosis	Rv2975a	Rv2975c	241	False											False	0		False
Mtuberculosis	Rv2979c	Rv2980	211	True	41.0	41.0	502	0	0	0	0	0	0	503	False	0		False
Mtuberculosis	Rv2983	gpdA2	118	True	41.0	59.0	628	0	0	59	0	0	0	634	False	0		False
Mtuberculosis	Rv2989	leuC	71	True	499.0	926.9	785	0	0	860	0	0	499	983	False	0		False
Mtuberculosis	Rv2990c	Rv2991	262	True	41.0	49.0	472	0	0	49	0	0	0	476	False	0		False
Mtuberculosis	Rv2993c	Rv2994	275	True	41.0	164.0	728	0	0	164	0	0	0	763	False	0		False
Mtuberculosis	Rv2997	serA1	29	True	45.0	60.9	586	0	0	57	0	0	45	595	False	0		False
Mtuberculosis	cfp6	ilvB1	361	True	41.0	46.0	686	0	0	46	0	0	0	687	False	0		False
Mtuberculosis	Rv3005c	lppZ	176	True	41.0	55.0	557	0	0	55	0	0	0	563	False	0		False
Mtuberculosis	Rv3007c	Rv3008	193	True	41.0	76.0	514	0	0	76	0	0	0	532	False	0		False
Mtuberculosis	Rv3013	gatC	84	True	41.0	46.0	637	0	0	46	0	0	0	639	False	0		False
Mtuberculosis	Rv3015c	lpqA	93	True	41.0	45.0	782	0	0	45	0	0	0	782	False	0		False
Mtuberculosis	Rv3030	fixA	230	True	41.0	50.0	748	0	0	50	0	0	0	750	False	0		False
Mtuberculosis	Rv3034c	Rv3035	457	True	41.0	46.0	229	0	0	46	0	0	0	233	False	0		False
Mtuberculosis	ctaD	fecB	214	True	41.0	68.0	575	0	0	68	0	0	0	587	False	0		False
Mtuberculosis	Rv3054c	Rv3055	91	True	64.0	77.7	736	0	352	55	0	0	64	828	False	0		False
Mtuberculosis	Rv3058c	cyp136	115	True	43.0	56.0	751	0	0	54	0	0	43	755	False	0		False
Mtuberculosis	fadE22	ligB	156	True	41.0	47.0	770	0	0	47	0	0	0	771	False	0		False
Mtuberculosis	Rv3064c	mmr	136	True	41.0	79.0	577	0	0	79	0	0	0	593	False	0		False
Mtuberculosis	Rv3069	pgmA	69	True	41.0	49.0	785	0	0	49	0	0	0	787	False	0		False
Mtuberculosis	Rv3073c	Rv3074	93	True	41.0	44.0	598	0	0	44	0	0	0	599	False	0		False
Mtuberculosis	Rv3075c	Rv3076	98	True	41.0	41.0	602	0	0	0	0	0	0	602	False	0		False
Mtuberculosis	Rv3081	pknK	51	True	41.0	44.0	610	0	217	44	0	0	0	683	False	0		False
Mtuberculosis	Rv3083	virS	77	True	807.0	807.0	602	0	178	0	0	0	807	931	False	0		False
Mtuberculosis	Rv3094c	Rv3095	81	True	870.0	931.4	783	0	0	494	0	0	870	984	False	0		False
Mtuberculosis	fprA	prfB	102	True	41.0	44.0	780	0	0	44	0	0	0	781	False	0		False
Mtuberculosis	Rv3108	agpS	98	True	41.0	45.0	545	0	0	45	0	0	0	547	False	0		False
Mtuberculosis	Rv3126c	Rv3127	24	True	511.0	515.6	617	0	0	50	0	0	511	806	False	0		False
Mtuberculosis	Rv3131	tgs1	184	True	626.0	946.6	506	0	310	863	0	0	626	980	False	0		False
Mtuberculosis	Rv3136A	Rv3137	115	True	41.0	41.0	778	0	0	0	0	0	0	778	False	0		False
Mtuberculosis	Rv3142c	Rv3143	107	True	41.0	47.0	568	0	0	47	0	0	0	570	False	0		False
Mtuberculosis	PPE52	nuoA	364	True	41.0	68.0	416	0	0	68	0	0	0	432	False	0		False
Mtuberculosis	Rv3167c	Rv3168	44	True	803.0	804.2	743	0	153	47	0	0	803	953	False	0		False
Mtuberculosis	Rv3173c	Rv3174	92	True	41.0	54.0	598	0	206	54	0	0	0	672	False	0		False
Mtuberculosis	Rv3177	mesT	146	True	41.0	68.0	540	0	0	68	0	0	0	553	False	0		False
Mtuberculosis	Rv3181c	Rv3182	230	True	545.0	546.4	474	0	0	44	0	0	545	751	False	0		False
Mtuberculosis	Rv3190A	Rv3190c	167	True	41.0	41.0	564	0	0	0	0	0	0	564	False	0		False
Mtuberculosis	Rv3192	metU	119	False											False	0		False
Mtuberculosis	Rv3194c	Rv3195	77	True	41.0	41.0	784	0	279	0	0	0	0	837	False	0		False
Mtuberculosis	Rv3196A	Rv3197	127	True	41.0	47.0	543	0	0	47	0	0	0	546	False	0		False
Mtuberculosis	Rv3198A	uvrD2	123	True	75.0	78.9	587	0	0	45	0	0	75	603	False	0		False
Mtuberculosis	Rv3202a	Rv3202c	85	False											False	0		False
Mtuberculosis	Rv3207c	Rv3208	345	True	41.0	47.0	385	0	0	47	0	0	0	388	False	0		False
Mtuberculosis	Rv3209	TB9.4	324	True	41.0	46.0	704	0	0	46	0	0	0	705	False	0		False
Mtuberculosis	Rv3210c	rhlE	258	True	41.0	50.0	448	0	0	50	0	0	0	454	False	0		False
Mtuberculosis	Rv3213c	gpm2	153	True	41.0	55.0	744	0	0	55	0	0	0	748	False	0		False
Mtuberculosis	Rv3217c	Rv3218	232	True	41.0	41.0	748	0	0	0	0	0	0	747	False	0		False
Mtuberculosis	Rv3224	sigH	299	True	41.0	61.0	717	0	0	61	0	0	0	722	False	0		False
Mtuberculosis	Rv3226c	aroA	54	True	485.0	488.2	787	0	0	47	0	0	485	886	False	0		False
Mtuberculosis	Rv3235	tgs3	110	True	41.0	50.0	594	0	0	50	0	0	0	597	False	0		False
Mtuberculosis	Rv3253c	Rv3254	90	True	678.0	692.1	553	0	0	83	97	0	658	856	False	0		False
Mtuberculosis	Rv3258c	Rv3259	122	True	41.0	52.0	777	0	158	52	0	0	0	806	False	0		False
Mtuberculosis	fbiA	whiB2	401	True	461.0	467.7	544	0	0	53	0	0	461	746	False	0		False
Mtuberculosis	Rv3267	rmlD	75	True	693.0	697.2	784	0	0	54	0	0	693	931	False	0		False
Mtuberculosis	Rv3271c	Rv3272	100	True	41.0	47.0	781	0	0	47	0	0	0	782	False	0		False
Mtuberculosis	accD5	birA	49	True	761.5	772.0	788	0	232	83	0	622	395	959	False	0		False
Mtuberculosis	Rv3292	lrpA	30	True	41.0	272.0	790	0	0	272	0	0	0	840	False	0		False
Mtuberculosis	Rv3294c	Rv3295	70	True	41.0	51.0	605	0	0	51	0	0	0	610	False	0		False
Mtuberculosis	Rv3304	lpdA	202	True	805.0	808.7	757	0	0	59	0	0	805	951	False	0		False
Mtuberculosis	amiB1	deoD	64	True	55.0	67.8	786	0	0	54	0	0	55	791	False	0		False
Mtuberculosis	sapM	upp	104	True	41.0	41.0	780	0	0	0	0	0	0	780	False	0		False
Mtuberculosis	cdd	sdhC	236	True	41.0	70.0	746	0	0	70	0	0	0	753	False	0		False
Mtuberculosis	Rv3329	sigJ	59	True	41.0	47.0	787	0	0	47	0	0	0	788	False	0		False
Mtuberculosis	Rv3333c	Rv3334	474	True	41.0	41.0	0	0	0	0	0	0	0	0	False	0		False
Mtuberculosis	icd1	metC	282	True	41.0	43.0	441	0	0	43	0	0	0	441	False	0		False
Mtuberculosis	Rv3353c	Rv3354	114	True	41.0	49.0	589	0	0	49	0	0	0	592	False	0		False
Mtuberculosis	folD	relJ	123	True	41.0	41.0	589	0	0	0	0	0	0	588	False	0		False
Mtuberculosis	Rv3365c	spoU	235	True	41.0	47.0	526	0	0	47	0	0	0	529	False	0		False
Mtuberculosis	Rv3371	dnaE2	191	True	41.0	81.0	500	0	0	81	0	0	0	521	False	0		False
Mtuberculosis	Rv3386	vapB46	148	True	41.0	45.0	542	0	0	45	0	0	0	544	False	0		False
Mtuberculosis	htdY	lpqD	73	True	41.0	49.0	632	0	0	49	0	0	0	634	False	0		False
Mtuberculosis	cmaA1	iunH	23	True	41.0	55.0	567	0	0	55	0	0	0	573	False	0		False
Mtuberculosis	Rv3395A	Rv3395c	82	True	870.0	870.7	615	0	0	46	0	0	870	948	False	0		False
Mtuberculosis	Rv3399	idsA1	22	True	41.0	458.0	567	0	175	458	0	0	0	789	False	0		False
Mtuberculosis	Rv3405c	Rv3406	61	True	870.0	870.0	786	0	0	0	0	0	870	971	False	0		False
Mtuberculosis	Rv3412	guaB2	206	True	41.0	55.0	756	0	0	55	0	0	0	760	False	0		False
Mtuberculosis	Rv3415c	whiB3	370	True	41.0	41.0	499	0	0	0	0	0	0	499	False	0		False
Mtuberculosis	PPE57	Rv3424c	162	True	41.0	58.0	525	0	0	58	0	0	0	533	False	0		False
Mtuberculosis	Rv3437	glmS	21	True	41.0	47.0	618	0	0	47	0	0	0	621	False	0		False
Mtuberculosis	eccC4	eccD4	113	True	740.5	960.2	778	0	758	853	513	0	489	997	False	0		False
Mtuberculosis	cut3	eccB4	120	True	41.0	46.0	769	0	0	46	0	0	0	770	False	0		False
Mtuberculosis	Rv3463	infA	253	True	41.0	43.0	738	0	0	43	0	0	0	739	False	0		False
Mtuberculosis	Rv3471c	Rv3472	20	True	41.0	41.0	618	0	196	0	0	0	0	679	False	0		False
Mtuberculosis	PE31	kgtP	372	True	41.0	41.0	339	0	0	0	0	0	0	339	False	0		False
Mtuberculosis	Rv3483c	Rv3484	265	True	510.0	516.1	578	0	0	53	0	0	510	787	False	0		False
Mtuberculosis	Rv3485c	Rv3486	205	True	144.0	161.0	490	0	0	60	144	0	0	554	False	0		False
Mtuberculosis	fadE26	fdxD	214	True	41.0	70.0	500	0	0	70	0	0	0	515	False	0		False
Mtuberculosis	PE_PGRS55	Rv3510c	359	True	41.0	41.0	362	0	0	0	0	0	0	362	False	0		False
Mtuberculosis	PE_PGRS57	fadD18	45	True	442.0	442.0	570	0	0	0	0	0	442	750	False	0		False
Mtuberculosis	echA19	fadD19	73	True	853.4	880.6	607	0	293	219	143	0	836	964	False	0		False
Mtuberculosis	Rv3519	cyp142	28	True	99.0	111.2	790	0	0	54	0	0	99	805	False	0		False
Mtuberculosis	Rv3520c	Rv3521	152	True	928.0	928.2	771	0	254	44	0	0	928	986	False	0		False
Mtuberculosis	Rv3525c	kshA	114	True	41.0	47.0	778	0	0	47	0	0	0	780	False	0		False
Mtuberculosis	PPE61	Rv3531c	398	True	41.0	47.0	328	0	0	47	0	0	0	331	False	0		False
Mtuberculosis	hsaE	kstD	72	True	630.0	647.7	676	0	210	87	0	0	630	901	False	0		False
Mtuberculosis	cyp125	fadA5	111	True	828.0	838.2	597	0	0	98	0	0	828	932	False	0		False
Mtuberculosis	Rv3549c	echA20	54	True	781.4	965.6	787	0	422	849	152	215	698	995	False	0		False
Mtuberculosis	PPE64	Rv3557c	348	True	41.0	45.0	434	0	0	45	0	0	0	436	False	0		False
Mtuberculosis	fadD3	fadE30	47	True	668.0	939.4	588	0	202	825	0	0	668	978	False	0		False
Mtuberculosis	hsaA	kshB	146	True	563.0	584.0	772	0	472	87	0	0	563	945	False	0		False
Mtuberculosis	fadE34	kstR	271	True	317.0	324.8	730	0	503	52	0	0	317	901	False	0		False
Mtuberculosis	Rv3575c	lppH	189	True	87.0	88.0	562	0	0	42	0	0	87	583	False	0		False
Mtuberculosis	Rv3583c	lpqE	285	True	41.0	47.0	462	0	0	47	0	0	0	466	False	0		False
Mtuberculosis	Rv3591c	Rv3592	14	True	41.0	41.0	791	0	0	0	0	0	0	791	False	0		False
Mtuberculosis	PE32	lpqG	328	True	41.0	41.0	372	0	0	0	0	0	0	372	False	0		False
Mtuberculosis	Rv3627c	ppa	137	True	41.0	45.0	774	0	0	45	0	0	0	774	False	0		False
Mtuberculosis	Rv3629c	Rv3630	120	True	870.0	871.6	704	0	0	53	0	0	870	960	False	0		False
Mtuberculosis	Rv3635	galE1	22	True	41.0	65.0	790	0	0	65	0	0	0	796	False	0		False
Mtuberculosis	Rv3642c	Rv3643	394	True	41.0	44.0	309	0	0	44	0	0	0	311	False	0		False
Mtuberculosis	Rv3644c	Rv3645	85	True	41.0	55.0	566	0	0	55	0	0	0	572	False	0		False
Mtuberculosis	Rv3649	cspA	249	True	653.0	653.4	518	0	0	42	0	0	653	825	False	0		False
Mtuberculosis	B11	Rv3661	168	False											False	0		False
Mtuberculosis	Rv3668c	Rv3669	345	True	41.0	47.0	693	0	162	47	0	0	0	733	False	0		False
Mtuberculosis	Rv3675	nth	107	True	370.0	370.0	779	0	0	0	0	0	370	855	False	0		False
Mtuberculosis	Rv3678A	Rv3679	84	True	41.0	52.0	783	0	0	52	0	0	0	785	False	0		False
Mtuberculosis	ponA2	whiB4	361	True	251.0	257.2	433	0	0	49	0	0	251	560	False	0		False
Mtuberculosis	Rv3694c	Rv3695	91	True	41.0	361.0	782	0	774	361	0	0	0	965	False	0		False
Mtuberculosis	Rv3698	vapB48	29	True	41.0	41.0	589	0	0	0	0	0	0	589	False	0		False
Mtuberculosis	ask	leuA	256	True	135.0	406.5	614	0	0	342	0	0	135	761	False	0		False
Mtuberculosis	Rv3712	dnaQ	251	True	641.0	644.4	739	0	0	50	0	0	641	903	False	0		False
Mtuberculosis	Rv3716c	Rv3717	134	True	41.0	47.0	775	0	0	47	0	0	0	776	False	0		False
Mtuberculosis	Rv3718c	Rv3719	47	True	41.0	49.0	646	0	0	49	0	0	0	649	False	0		False
Mtuberculosis	C8	serV	63	False											False	0		False
Mtuberculosis	Rv3730c	ligC	37	True	318.0	326.5	789	895	773	53	0	0	318	996	False	0		False
Mtuberculosis	Rv3735	tgs2	198	True	41.0	55.0	508	0	0	55	0	0	0	515	False	0		False
Mtuberculosis	ctpJ	nmtR	66	True	532.0	630.1	580	0	348	242	0	0	532	889	False	0		False
Mtuberculosis	PE34	Rv3747	217	True	41.0	41.0	542	0	0	0	0	0	0	542	False	0		False
Mtuberculosis	Rv3753c	tyrA	199	True	41.0	46.0	758	0	0	46	0	0	0	759	False	0		False
Mtuberculosis	Rv3760	proX	164	True	41.0	55.0	768	0	0	55	0	0	0	771	False	0		False
Mtuberculosis	Rv3762c	lpqH	170	True	41.0	80.0	512	0	0	80	0	0	0	532	False	0		False
Mtuberculosis	Rv3767c	Rv3768	129	True	41.0	41.0	549	0	0	0	0	0	0	549	False	0		False
Mtuberculosis	hisC2	serT	77	False											False	0		False
Mtuberculosis	Rv3773c	echA21	23	True	41.0	50.0	790	0	0	50	0	0	0	792	False	0		False
Mtuberculosis	Rv3777	serU	26	False											False	0		False
Mtuberculosis	Rv3778c	Rv3779	89	True	41.0	41.0	615	0	0	0	0	0	0	615	False	0		False
Mtuberculosis	Rv3787c	Rv3788	243	True	41.0	47.0	488	0	0	47	0	0	0	492	False	0		False
Mtuberculosis	glf	pirG	263	True	237.0	248.1	472	0	0	55	0	0	237	585	False	0		False
Mtuberculosis	Rv3816c	Rv3817	75	True	41.0	41.0	784	0	0	0	0	0	0	784	False	0		False
Mtuberculosis	Rv3821	papA2	147	True	322.0	331.9	542	0	0	55	0	0	322	681	False	0		False
Mtuberculosis	fadD23	pks2	206	True	816.7	850.5	543	56	217	218	388	328	590	942	False	0		False
Mtuberculosis	Rv3830c	Rv3831	71	True	41.0	50.0	785	0	0	50	0	0	0	787	False	0		False
Mtuberculosis	Rv3832c	Rv3833	55	True	76.0	97.2	573	0	290	63	0	0	76	702	False	0		False
Mtuberculosis	Rv3835	serS	132	True	41.0	44.0	775	0	0	44	0	0	0	775	False	0		False
Mtuberculosis	Rv3839	pheA	95	True	41.0	55.0	781	0	0	55	0	0	0	784	False	0		False
Mtuberculosis	MTS2975	Rv3843c	476	False											False	0		False
Mtuberculosis	ethA	ethR	75	True	786.0	788.2	604	0	287	51	0	0	786	935	False	0		False
Mtuberculosis	Rv3863	whiB6	327	True	41.0	93.0	374	0	0	93	0	0	0	408	False	0		False
Mtuberculosis	mutT4	pcnA	375	True	41.0	70.0	679	0	0	70	0	0	0	689	False	0		False
Paeruginosa	PA0006	PA0007	331	True	759.0	759.0	369	0	0	0	0	0	759	841	False	0		False
Paeruginosa	glyQ	tag	104	True	41.0	74.0	611	0	0	74	0	0	0	624	False	0		False
Paeruginosa	PA0020	def	138	True	41.0	74.0	599	0	0	74	0	0	0	613	False	0		False
Paeruginosa	hemF	qor	190	True	41.0	42.0	533	0	0	42	0	0	0	534	False	0		False
Paeruginosa	PA0032	betC	112	True	41.0	41.0	579	0	165	0	0	0	0	634	False	0		False
Paeruginosa	trpB	trpI	103	True	768.0	769.2	611	0	0	46	0	0	768	906	False	0		False
Paeruginosa	PA0043	exoT	191	True	41.0	41.0	499	0	0	0	0	0	0	499	False	0		False
Paeruginosa	PA0056	PA0057	107	True	883.0	886.8	544	0	156	72	0	0	883	952	False	0		False
Paeruginosa	PA0062	PA0063	91	True	41.0	54.0	615	0	0	54	0	0	0	620	False	0		False
Paeruginosa	PA0066	prlC	77	True	41.0	69.0	619	0	189	69	0	0	0	687	False	0		False
Paeruginosa	PA0082	fha1	367	True	137.0	730.0	366	0	769	700	0	0	137	957	False	0		False
Paeruginosa	PA0094	PA0095	253	True	588.0	662.8	465	0	0	215	0	0	588	812	False	0		False
Paeruginosa	PA0103a	coxB	371	False											False	0		False
Paeruginosa	PA0109	PA0110	15	True	41.0	67.0	633	0	451	67	0	0	0	795	False	0		False
Paeruginosa	PA0115	PA0116	131	True	41.0	45.0	532	0	0	45	0	0	0	534	False	0		False
Paeruginosa	PA0126	PA0127	100	True	41.0	41.0	545	0	0	0	0	0	0	545	False	0		False
Paeruginosa	PA0132	PA0133	134	True	410.0	410.0	554	0	536	0	0	0	410	867	False	0		False
Paeruginosa	PA0134	PA0135	389	True	41.0	45.0	313	0	0	45	0	0	0	316	False	0		False
Paeruginosa	PA0141	PA0142	457	True	41.0	41.0	0	0	0	0	0	0	0	0	False	0		False
Paeruginosa	PA0145	PA0146	238	True	41.0	41.0	476	0	0	0	0	0	0	475	False	0		False
Paeruginosa	PA0163	PA0164	77	True	41.0	73.0	552	0	0	73	0	0	0	567	False	0		False
Paeruginosa	PA0181	PA0182	116	True	41.0	48.0	553	0	0	48	0	0	0	557	False	0		False
Paeruginosa	PA0185	PA0186	266	True	938.3	976.5	522	0	769	635	0	800	704	997	False	0		False
Paeruginosa	PA0189	PA0190	247	True	41.0	131.0	456	0	0	131	0	0	0	507	False	0		False
Paeruginosa	PA0191	PA0192	349	True	41.0	55.0	351	0	172	55	0	0	0	447	False	0		False
Paeruginosa	PA0200	PA0201	215	True	41.0	74.0	482	0	154	74	0	0	0	559	False	0		False
Paeruginosa	PA0206	PA0207	230	True	41.0	468.0	470	0	0	468	0	0	0	706	False	0		False
Paeruginosa	PA0218	PA0219	350	True	820.0	820.0	350	0	0	0	0	0	820	878	False	0		False
Paeruginosa	PA0224	PA0225	154	True	499.0	507.4	561	0	337	57	0	0	499	844	False	0		False
Paeruginosa	PA0236	pcaK	305	True	74.0	74.0	397	0	226	0	0	0	74	530	False	0		False
Paeruginosa	PA0248	pobA	177	True	241.0	241.0	582	0	582	0	0	0	241	855	False	0		False
Paeruginosa	PA0268	PA0269	126	True	41.0	41.0	563	0	307	0	0	0	0	684	False	0		False
Paeruginosa	PA0275	PA0276	75	True	41.0	41.0	620	0	269	0	0	0	0	710	False	0		False
Paeruginosa	PA0278	PA0279	93	True	41.0	59.0	615	0	196	59	0	0	0	683	False	0		False
Paeruginosa	PA0285	desA	171	True	41.0	41.0	525	0	0	0	0	0	0	525	False	0		False
Paeruginosa	spuA	spuI	278	True	286.0	710.4	451	0	416	611	0	0	286	898	False	0		False
Paeruginosa	PA0305	PA0306	110	True	41.0	84.0	541	0	0	84	0	0	0	561	False	0		False
Paeruginosa	PA0309	PA0310	48	True	41.0	41.0	626	0	0	0	0	0	0	626	False	0		False
Paeruginosa	PA0311	PA0312	265	True	41.0	41.0	486	0	0	0	0	0	0	485	False	0		False
Paeruginosa	PA0314	PA0315	292	True	41.0	57.0	411	0	0	57	0	0	0	421	False	0		False
Paeruginosa	PA0317	serA	203	True	82.0	143.3	567	0	192	105	0	0	82	675	False	0		False
Paeruginosa	PA0326	PA0327	327	True	41.0	41.0	374	0	0	0	0	0	0	374	False	0		False
Paeruginosa	ilvA1	rpiA	257	True	53.0	177.4	478	0	0	167	0	0	53	552	False	0		False
Paeruginosa	PA0335	ygdP	203	True	41.0	47.0	525	0	0	47	0	0	0	528	False	0		False
Paeruginosa	PA0339	PA0340	121	True	41.0	59.0	576	0	0	59	0	0	0	584	False	0		False
Paeruginosa	PA0345	PA0346	190	True	41.0	41.0	500	0	0	0	0	0	0	500	False	0		False
Paeruginosa	PA0348	glpQ	209	True	41.0	41.0	487	0	0	0	0	0	0	487	False	0		False
Paeruginosa	PA0356	pfpI	215	True	41.0	41.0	512	0	0	0	0	0	0	512	False	0		False
Paeruginosa	PA0366	PA0367	289	True	883.0	935.6	464	0	466	472	0	0	883	979	False	0		False
Paeruginosa	PA0372	ftsY	120	True	49.0	103.5	606	0	0	96	0	0	49	632	False	0		False
Paeruginosa	PA0378	PA0379	36	True	41.0	47.0	629	0	0	47	0	0	0	631	False	0		False
Paeruginosa	PA0394	pilT	214	True	48.0	100.6	561	0	0	94	0	0	48	588	False	0		False
Paeruginosa	PA0397	PA0398	153	True	41.0	41.0	522	0	0	0	0	0	0	522	False	0		False
Paeruginosa	gshB	pilG	254	True	126.0	132.4	532	0	0	48	0	0	126	576	False	0		False
Paeruginosa	PA0421	bioA	173	True	96.0	96.0	582	0	0	0	0	0	96	606	False	0		False
Paeruginosa	mexA	mexR	274	True	883.0	883.5	433	0	0	45	0	0	883	931	False	0		False
Paeruginosa	PA0433	sahH	288	True	41.0	41.0	415	0	0	0	0	0	0	415	False	0		False
Paeruginosa	PA0442	PA0443	392	True	41.0	41.0	311	0	0	0	0	0	0	311	False	0		False
Paeruginosa	PA0448	gcdH	220	True	115.0	120.5	524	0	0	47	0	0	115	563	False	0		False
Paeruginosa	PA0450	PA0451	379	True	41.0	41.0	322	0	0	0	0	0	0	322	False	0		False
Paeruginosa	PA0456	dbpA	347	True	250.4	252.0	367	0	0	43	202	63	78	506	False	0		False
Paeruginosa	PA0461	PA0462	142	True	41.0	48.0	603	0	0	48	0	0	0	606	False	0		False
Paeruginosa	PA0468	PA0469	85	True	41.0	56.0	550	0	0	56	0	0	0	557	False	0		False
Paeruginosa	PA0472	PA0473	168	True	41.0	42.0	514	0	0	42	0	0	0	514	False	0		False
Paeruginosa	PA0477	PA0478	87	True	41.0	78.0	550	0	0	78	0	0	0	567	False	0		False
Paeruginosa	PA0479	PA0480	103	True	41.0	68.0	543	0	185	68	0	0	0	623	False	0		False
Paeruginosa	PA0483	glcB	306	True	41.0	44.0	411	0	0	44	0	0	0	413	False	0		False
Paeruginosa	PA0491	PA0492	117	True	41.0	46.0	554	0	165	46	0	0	0	614	False	0		False
Paeruginosa	nirQ	nirS	215	True	860.0	948.0	495	0	483	644	0	0	860	985	False	0		False
Paeruginosa	dnr	rsmY	203	False											False	0		False
Paeruginosa	PA0528	PA0529	101	True	41.0	50.0	581	0	0	50	0	0	0	585	False	0		False
Paeruginosa	PA0532	PA0533	42	True	41.0	41.0	562	0	0	0	0	0	0	562	False	0		False
Paeruginosa	PA0539	dsbB	228	True	102.0	139.5	472	0	0	81	0	0	102	526	False	0		False
Paeruginosa	PA0542	PA0543	249	True	41.0	41.0	454	0	0	0	0	0	0	454	False	0		False
Paeruginosa	PA0544	PA0545	204	True	41.0	45.0	491	0	0	45	0	0	0	493	False	0		False
Paeruginosa	PA0547	tktA	246	True	100.0	115.0	539	0	0	57	0	0	100	574	False	0		False
Paeruginosa	PA0550	epd	214	True	41.0	93.0	483	0	0	93	0	0	0	511	False	0		False
Paeruginosa	PA0559	PA0560	112	True	41.0	41.0	540	0	0	0	0	0	0	540	False	0		False
Paeruginosa	PA0564	PA0565	117	True	43.0	43.0	551	0	0	0	0	0	43	552	False	0		False
Paeruginosa	PA0566	PA0567	187	True	41.0	135.0	502	0	0	135	0	0	0	551	False	0		False
Paeruginosa	gcp	rpsU	200	True	41.0	55.0	569	0	0	55	0	0	0	576	False	0		False
Paeruginosa	PA0581	folB	83	True	41.0	229.0	617	0	0	229	0	0	0	692	False	0		False
Paeruginosa	PA0596	ostA	126	True	41.0	41.0	603	0	462	0	0	0	0	777	False	0		False
Paeruginosa	PA0599	PA0600	151	True	41.0	52.0	537	0	336	52	0	0	0	683	False	0		False
Paeruginosa	prtR	ptrB	457	True	770.0	793.7	0	0	260	140	0	0	770	840	False	0		False
Paeruginosa	PA0653	vfr	271	True	41.0	52.0	518	0	0	52	0	0	0	523	False	0		False
Paeruginosa	PA0656	PA0657	78	True	99.2	140.5	619	0	0	85	80	0	61	658	False	0		False
Paeruginosa	PA0661	argC	290	True	41.0	41.0	501	0	0	0	0	0	0	501	False	0		False
Paeruginosa	PA0667	tyrZ	284	True	41.0	41.0	528	0	0	0	0	0	0	528	False	0		False
Paeruginosa	PA0671	hemO	305	True	41.0	41.0	397	0	181	0	0	0	0	485	False	0		False
Paeruginosa	PA0673	vreA	165	True	41.0	108.0	525	0	0	108	0	0	0	558	False	0		False
Paeruginosa	PA0678	PA0679	146	True	41.0	96.0	590	0	0	96	0	0	0	614	False	0		False
Paeruginosa	PA0680	PA0681	233	True	138.0	553.3	507	0	539	503	0	0	138	889	False	0		False
Paeruginosa	PA0708	PA0709	115	True	41.0	203.0	539	0	0	203	0	0	0	617	False	0		False
Paeruginosa	PA0712	PA0713	339	True	41.0	47.0	361	0	0	47	0	0	0	365	False	0		False
Paeruginosa	PA0736	PA0736a	232	False											False	0		False
Paeruginosa	PA0739	sdsA1	102	True	41.0	141.0	574	0	152	141	0	0	0	662	False	0		False
Paeruginosa	PA0756	opdH	210	True	41.0	41.0	563	0	0	0	0	0	0	563	False	0		False
Paeruginosa	PA0759	PA0760	272	True	41.0	47.0	517	0	0	47	0	0	0	520	False	0		False
Paeruginosa	algU	nadB	408	True	291.0	291.7	186	0	0	42	0	0	291	398	False	0		False
Paeruginosa	PA0779	pruR	190	True	189.0	189.0	500	0	0	0	0	0	189	577	False	0		False
Paeruginosa	PA0781	putA	463	True	527.0	527.0	0	0	0	0	0	0	527	527	False	0		False
Paeruginosa	PA0784	azoR1	126	True	41.0	41.0	534	0	0	0	0	0	0	534	False	0		False
Paeruginosa	PA0788	PA0788a	154	False											False	0		False
Paeruginosa	PA0790	PA0791	106	True	41.0	41.0	577	0	167	0	0	0	0	633	False	0		False
Paeruginosa	PA0797	pmtA	117	True	41.0	41.0	547	0	0	0	0	0	0	547	False	0		False
Paeruginosa	PA0799	PA0800	418	True	41.0	41.0	0	0	0	0	0	0	0	0	False	0		False
Paeruginosa	PA0814	PA0815	220	True	41.0	100.0	479	0	0	100	0	0	0	511	False	0		False
Paeruginosa	PA0816	PA0817	100	True	41.0	54.0	613	0	194	54	0	0	0	679	False	0		False
Paeruginosa	PA0818	PA0819	155	True	41.0	783.0	521	0	0	783	0	0	0	891	False	0		False
Paeruginosa	PA0827	PA0828	87	True	41.0	47.0	611	0	0	47	0	0	0	613	False	0		False
Paeruginosa	PA0830	oruR	124	True	492.0	492.0	560	0	559	0	0	0	492	893	False	0		False
Paeruginosa	PA0836.1	ackA	11	False											False	0		False
Paeruginosa	PA0855	PA0856	166	True	41.0	42.0	588	0	0	42	0	0	0	588	False	0		False
Paeruginosa	PA0864	hpd	321	True	41.0	41.0	380	0	0	0	0	0	0	380	False	0		False
Paeruginosa	phhA	phhR	283	True	775.0	781.6	470	0	161	69	0	0	775	894	False	0		False
Paeruginosa	PA0875	PA0876	219	True	41.0	41.0	479	0	214	0	0	0	0	573	False	0		False
Paeruginosa	PA0877	PA0878	116	True	881.0	881.5	607	0	327	45	0	0	881	965	False	0		False
Paeruginosa	PA0894	aruC	166	True	41.0	41.0	515	0	0	0	0	0	0	515	False	0		False
Paeruginosa	PA0906	PA0907	170	True	41.0	460.0	512	0	0	460	0	0	0	725	False	0		False
Paeruginosa	PA0912	mgtE	326	True	41.0	46.0	468	0	0	46	0	0	0	471	False	0		False
Paeruginosa	PA0916	kup	246	True	41.0	89.0	539	0	0	89	0	0	0	561	False	0		False
Paeruginosa	PA0920	PA0921	248	True	41.0	87.0	455	0	0	87	0	0	0	481	False	0		False
Paeruginosa	PA0922.1	dinB	146	False											False	0		False
Paeruginosa	PA0929	gacS	185	True	562.3	679.1	596	0	203	297	474	0	202	888	False	0		False
Paeruginosa	PA0937	lpxO2	232	True	41.0	56.0	481	0	0	56	0	0	0	489	False	0		False
Paeruginosa	PA0941	PA0942	115	True	58.0	104.2	607	0	156	88	0	0	58	677	False	0		False
Paeruginosa	PA0946	purM	213	True	41.0	50.0	561	0	0	50	0	0	0	565	False	0		False
Paeruginosa	PA0950	PA0951	124	True	61.0	87.4	604	0	0	68	0	0	61	623	False	0		False
Paeruginosa	PA0952	PA0953	344	True	41.0	41.0	453	0	0	0	0	0	0	452	False	0		False
Paeruginosa	PA0957	proS	107	True	41.0	41.0	604	0	0	0	0	0	0	603	False	0		False
Paeruginosa	PA0962	aspS	439	True	296.0	296.0	186	0	0	0	0	0	296	402	False	0		False
Paeruginosa	PA0982	PA0983	34	True	883.0	936.9	564	0	0	483	0	0	883	971	False	0		False
Paeruginosa	PA0986	pyoS5	375	True	41.0	41.0	325	0	0	0	0	0	0	325	False	0		False
Paeruginosa	PA1005	PA1006	162	True	41.0	47.0	590	0	0	47	0	0	0	592	False	0		False
Paeruginosa	PA1009	dapA	183	True	41.0	335.0	579	0	0	335	0	0	0	708	False	0		False
Paeruginosa	PA1026	PA1027	78	True	41.0	133.0	552	0	0	133	0	0	0	595	False	0		False
Paeruginosa	PA1035	PA1036	314	True	883.0	883.0	479	0	371	0	0	0	883	958	False	0		False
Paeruginosa	PA1040	PA1041	130	True	41.0	41.0	602	0	0	0	0	0	0	602	False	0		False
Paeruginosa	PA1044	PA1045	129	True	41.0	41.0	603	0	0	0	0	0	0	603	False	0		False
Paeruginosa	PA1052a	PA1053	187	False											False	0		False
Paeruginosa	PA1064	PA1065	19	True	41.0	48.0	632	0	0	48	0	0	0	635	False	0		False
Paeruginosa	PA1066	PA1067	48	True	41.0	41.0	626	0	0	0	0	0	0	626	False	0		False
Paeruginosa	PA1075	braC	298	True	41.0	41.0	494	0	0	0	0	0	0	494	False	0		False
Paeruginosa	PA1108	PA1109	89	True	41.0	69.0	548	0	0	69	0	0	0	562	False	0		False
Paeruginosa	PA1110	PA1111	112	True	41.0	41.0	540	0	0	0	0	0	0	540	False	0		False
Paeruginosa	PA1112b	PA1113	472	False											False	0		False
Paeruginosa	PA1115	PA1116	254	True	41.0	41.0	517	0	187	0	0	0	0	590	False	0		False
Paeruginosa	PA1123	dgt	230	True	41.0	52.0	470	0	0	52	0	0	0	477	False	0		False
Paeruginosa	PA1127	PA1128	134	True	41.0	41.0	531	0	0	0	0	0	0	531	False	0		False
Paeruginosa	PA1131	PA1132	312	True	41.0	41.0	390	0	0	0	0	0	0	390	False	0		False
Paeruginosa	PA1135	PA1136	171	True	41.0	48.0	512	0	0	48	0	0	0	515	False	0		False
Paeruginosa	PA1137	PA1138	145	True	41.0	52.0	526	0	0	52	0	0	0	531	False	0		False
Paeruginosa	PA1144	PA1145	493	True	41.0	41.0	0	0	0	0	0	0	0	0	False	0		False
Paeruginosa	PA1149	pys2	475	True	41.0	41.0	0	0	0	0	0	0	0	0	False	0		False
Paeruginosa	PA1164	ndvB	211	True	41.0	52.0	583	0	0	52	0	0	0	588	False	0		False
Paeruginosa	PA1166	PA1167	175	True	41.0	129.0	509	0	0	129	0	0	0	554	False	0		False
Paeruginosa	PA1170	PA1171	456	True	41.0	41.0	0	0	0	0	0	0	0	0	False	0		False
Paeruginosa	napE	oprH	221	True	41.0	50.0	510	0	0	50	0	0	0	514	False	0		False
Paeruginosa	PA1182	dctA	335	True	41.0	41.0	373	0	0	0	0	0	0	373	False	0		False
Paeruginosa	PA1184	PA1185	201	True	41.0	42.0	493	0	172	42	0	0	0	562	False	0		False
Paeruginosa	PA1191	PA1192	102	True	882.0	884.7	612	0	0	63	0	0	882	953	False	0		False
Paeruginosa	PA1195	PA1196	210	True	380.0	380.0	486	0	0	0	0	0	380	668	False	0		False
Paeruginosa	PA1201	PA1202	300	True	41.0	41.0	403	0	0	0	0	0	0	403	False	0		False
Paeruginosa	PA1223	PA1224	84	True	41.0	41.0	557	0	197	0	0	0	0	629	False	0		False
Paeruginosa	PA1225	PA1226	105	True	41.0	41.0	611	0	336	0	0	0	0	730	False	0		False
Paeruginosa	PA1229	PA1230	133	True	41.0	55.0	531	0	0	55	0	0	0	538	False	0		False
Paeruginosa	PA1234	PA1235	191	True	41.0	72.0	527	0	0	72	0	0	0	542	False	0		False
Paeruginosa	PA1240	PA1241	164	True	41.0	134.0	516	0	0	134	0	0	0	563	False	0		False
Paeruginosa	PA1251	PA1252	239	True	41.0	44.0	463	0	0	44	0	0	0	465	False	0		False
Paeruginosa	PA1262	PA1263	38	True	41.0	41.0	569	0	401	0	0	0	0	731	False	0		False
Paeruginosa	PA1264	PA1265	99	True	41.0	59.0	545	0	175	59	0	0	0	616	False	0		False
Paeruginosa	PA1269	PA1270	244	True	41.0	41.0	458	0	0	0	0	0	0	458	False	0		False
Paeruginosa	PA1282	PA1283	118	True	883.0	890.2	538	0	227	100	0	0	883	957	False	0		False
Paeruginosa	PA1284	PA1285	131	True	41.0	42.0	544	0	0	42	0	0	0	545	False	0		False
Paeruginosa	PA1290	PA1291	111	True	41.0	41.0	540	0	0	0	0	0	0	540	False	0		False
Paeruginosa	PA1293	rnd	140	True	41.0	41.0	598	0	0	0	0	0	0	598	False	0		False
Paeruginosa	PA1297	PA1298	67	True	153.0	367.6	593	0	458	284	0	0	153	848	False	0		False
Paeruginosa	PA1304	PA1305	148	True	41.0	41.0	595	0	0	0	0	0	0	595	False	0		False
Paeruginosa	PA1309	phnW	167	True	41.0	41.0	587	0	187	0	0	0	0	650	False	0		False
Paeruginosa	PA1312	PA1313	107	True	41.0	41.0	542	0	0	0	0	0	0	542	False	0		False
Paeruginosa	PA1315	PA1316	157	True	49.0	49.0	520	0	314	0	0	0	49	659	False	0		False
Paeruginosa	PA1328	PA1329	84	True	41.0	41.0	550	0	0	0	0	0	0	550	False	0		False
Paeruginosa	PA1342	PA1343	451	True	41.0	41.0	0	0	0	0	0	0	0	0	False	0		False
Paeruginosa	PA1347	PA1348	65	True	41.0	41.0	556	0	0	0	0	0	0	556	False	0		False
Paeruginosa	PA1354	PA1355	146	True	41.0	109.0	525	0	343	109	0	0	0	698	False	0		False
Paeruginosa	PA1361	PA1362	410	True	41.0	41.0	0	0	0	0	0	0	0	0	False	0		False
Paeruginosa	PA1368	PA1369	364	True	41.0	143.0	336	0	0	143	0	0	0	406	False	0		False
Paeruginosa	PA1374	fabF2	108	True	41.0	41.0	551	0	0	0	0	0	0	550	False	0		False
Paeruginosa	PA1377	aceK	135	True	41.0	72.0	530	0	0	72	0	0	0	545	False	0		False
Paeruginosa	PA1379	PA1380	91	True	41.0	320.0	548	0	239	320	0	0	0	745	False	0		False
Paeruginosa	PA1396	PA1397	145	True	900.9	901.7	541	0	237	49	159	0	887	962	False	0		False
Paeruginosa	PA1399	PA1400	204	True	41.0	59.0	501	0	0	59	0	0	0	510	False	0		False
Paeruginosa	PA1402	PA1403	92	True	41.0	41.0	598	0	742	0	0	0	0	892	False	0		False
Paeruginosa	PA1408	aphA	209	True	41.0	41.0	517	0	0	0	0	0	0	517	False	0		False
Paeruginosa	PA1412	PA1413	104	True	41.0	109.0	573	0	190	109	0	0	0	665	False	0		False
Paeruginosa	gbuA	gbuR	206	True	590.0	590.0	523	0	220	0	0	0	590	834	False	0		False
Paeruginosa	PA1424	bdlA	295	True	41.0	41.0	408	0	0	0	0	0	0	408	False	0		False
Paeruginosa	PA1424a	PA1425	196	False											False	0		False
Paeruginosa	PA1428	PA1428a	259	False											False	0		False
Paeruginosa	lasI	rsaL	131	True	883.0	963.6	532	0	0	702	0	0	883	982	False	0		False
Paeruginosa	PA1434	PA1435	180	True	41.0	41.0	506	0	0	0	0	0	0	506	False	0		False
Paeruginosa	PA1440	PA1441	187	True	41.0	41.0	502	0	0	0	0	0	0	502	False	0		False
Paeruginosa	PA1466	PA1467	108	True	41.0	87.0	549	0	0	87	0	0	0	570	False	0		False
Paeruginosa	PA1474	ccmA	285	True	41.0	41.0	505	0	0	0	0	0	0	506	False	0		False
Paeruginosa	PA1484	PA1485	200	True	41.0	66.0	493	0	155	66	0	0	0	565	False	0		False
Paeruginosa	PA1490	PA1491	346	True	41.0	58.0	354	0	0	58	0	0	0	365	False	0		False
Paeruginosa	PA1503	gcl	328	True	41.0	108.0	466	0	0	108	0	0	0	504	False	0		False
Paeruginosa	PA1504	moaA2	235	True	322.0	329.8	512	0	0	52	0	0	322	659	False	0		False
Paeruginosa	PA1517	PA1518	372	True	41.0	715.0	429	0	757	715	0	0	0	957	False	0		False
Paeruginosa	PA1519	PA1520	374	True	41.0	41.0	329	0	0	0	0	0	0	329	False	0		False
Paeruginosa	PA1526	alkB2	180	True	41.0	44.0	546	0	0	44	0	0	0	548	False	0		False
Paeruginosa	PA1531	dnaX	36	True	41.0	41.0	610	0	0	0	0	0	0	610	False	0		False
Paeruginosa	PA1538	PA1539	113	True	41.0	41.0	609	0	439	0	0	0	0	771	False	0		False
Paeruginosa	PA1545	anr	245	True	41.0	41.0	458	0	0	0	0	0	0	458	False	0		False
Paeruginosa	PA1558	ccoN2	187	True	95.0	95.0	543	0	0	0	0	0	95	568	False	0		False
Paeruginosa	PA1563	acnA	326	True	41.0	41.0	469	0	0	0	0	0	0	468	False	0		False
Paeruginosa	PA1569	PA1570	377	True	41.0	52.0	324	0	0	52	0	0	0	331	False	0		False
Paeruginosa	PA1571	PA1572	209	True	41.0	96.0	530	0	0	96	0	0	0	557	False	0		False
Paeruginosa	PA1575	PA1576	103	True	41.0	95.0	611	0	0	95	0	0	0	633	False	0		False
Paeruginosa	PA1577	PA1578	115	True	41.0	41.0	541	0	0	0	0	0	0	541	False	0		False
Paeruginosa	gltA	sdhC	348	True	526.0	812.7	449	0	200	621	0	0	526	910	False	0		False
Paeruginosa	PA1592	PA1593	172	True	41.0	41.0	511	0	0	0	0	0	0	511	False	0		False
Paeruginosa	PA1598	PA1599	80	True	41.0	91.0	551	0	0	91	0	0	0	575	False	0		False
Paeruginosa	PA1613	gpsA	150	True	41.0	42.0	594	0	0	42	0	0	0	595	False	0		False
Paeruginosa	PA1629	PA1630	241	True	41.0	41.0	461	0	0	0	0	0	0	461	False	0		False
Paeruginosa	PA1640	PA1641	114	True	41.0	41.0	608	0	0	0	0	0	0	608	False	0		False
Paeruginosa	PA1643a	PA1644	137	False											False	0		False
Paeruginosa	PA1645	PA1646	200	True	41.0	41.0	493	0	0	0	0	0	0	493	False	0		False
Paeruginosa	PA1648	PA1649	250	True	89.9	520.8	500	381	0	495	89	0	42	839	False	0		False
Paeruginosa	PA1651	PA1652	230	True	41.0	74.0	546	0	0	74	0	0	0	562	False	0		False
Paeruginosa	PA1653	PA1654	81	True	41.0	230.0	618	0	180	230	0	0	0	738	False	0		False
Paeruginosa	PA1672	PA1673	245	True	41.0	41.0	458	0	0	0	0	0	0	458	False	0		False
Paeruginosa	PA1677	PA1678	170	True	41.0	41.0	585	0	0	0	0	0	0	586	False	0		False
Paeruginosa	PA1680	aroC	107	True	41.0	41.0	580	0	0	0	0	0	0	580	False	0		False
Paeruginosa	alkA	speE	148	True	41.0	41.0	538	0	0	0	0	0	0	538	False	0		False
Paeruginosa	PA1697	popN	190	True	465.0	891.2	543	0	455	805	0	0	465	970	False	0		False
Paeruginosa	PA1728	mucR	352	True	41.0	41.0	348	0	0	0	0	0	0	348	False	0		False
Paeruginosa	PA1734	PA1735	112	True	41.0	41.0	570	0	0	0	0	0	0	570	False	0		False
Paeruginosa	PA1738	PA1739	151	True	41.0	41.0	523	0	0	0	0	0	0	523	False	0		False
Paeruginosa	PA1741	PA1742	244	True	41.0	75.0	458	0	168	75	0	0	0	547	False	0		False
Paeruginosa	PA1745	PA1746	220	True	41.0	45.0	479	0	0	45	0	0	0	481	False	0		False
Paeruginosa	PA1748	PA1749	183	True	41.0	48.0	514	0	158	48	0	0	0	576	False	0		False
Paeruginosa	PA1750	PA1751	317	True	41.0	68.0	476	0	0	68	0	0	0	491	False	0		False
Paeruginosa	cysH	thrH	134	True	96.6	109.8	601	0	0	55	90	0	48	629	False	0		False
Paeruginosa	PA1759	pabB	164	True	41.0	41.0	549	0	0	0	0	0	0	549	False	0		False
Paeruginosa	PA1769	ppsA	165	True	153.0	650.2	588	0	722	604	0	0	153	956	False	0		False
Paeruginosa	PA1788	acnB	381	True	41.0	41.0	422	0	0	0	0	0	0	422	False	0		False
Paeruginosa	PA1789	PA1790	170	True	41.0	41.0	585	0	0	0	0	0	0	586	False	0		False
Paeruginosa	glnS	ppiB	122	True	75.0	192.7	605	0	207	163	0	0	75	725	False	0		False
Paeruginosa	PA1796.1	folD	278	False											False	0		False
Paeruginosa	parR	tig	231	True	74.0	103.0	470	0	0	71	0	0	74	504	False	0		False
Paeruginosa	PA1813	PA1814	101	True	141.0	170.6	612	0	0	74	0	0	141	664	False	0		False
Paeruginosa	PA1817	ldcA	193	True	41.0	41.0	498	0	0	0	0	0	0	498	False	0		False
Paeruginosa	PA1821	nhaB	223	True	41.0	44.0	476	0	0	44	0	0	0	478	False	0		False
Paeruginosa	PA1824	PA1825	100	True	41.0	46.0	613	0	0	46	0	0	0	614	False	0		False
Paeruginosa	PA1826	PA1827	131	True	41.0	56.0	532	0	0	56	0	0	0	539	False	0		False
Paeruginosa	PA1831	PA1832	233	True	41.0	128.0	548	0	0	128	0	0	0	589	False	0		False
Paeruginosa	PA1835	PA1836	122	True	41.0	460.0	603	0	0	460	0	0	0	776	False	0		False
Paeruginosa	PA1839	PA1840	37	True	41.0	41.0	629	0	0	0	0	0	0	628	False	0		False
Paeruginosa	PA1845	cti	361	True	41.0	41.0	339	0	0	0	0	0	0	339	False	0		False
Paeruginosa	PA1850	PA1851	248	True	41.0	41.0	455	0	0	0	0	0	0	455	False	0		False
Paeruginosa	PA1852	PA1853	284	True	41.0	41.0	419	0	0	0	0	0	0	419	False	0		False
Paeruginosa	PA1859	PA1860	85	True	41.0	41.0	550	0	0	0	0	0	0	550	False	0		False
Paeruginosa	PA1864	PA1865	133	True	82.0	82.0	531	0	0	0	82	0	0	551	False	0		False
Paeruginosa	PA1873	PA1874	500	True	41.0	41.0	0	0	0	0	0	0	0	0	False	0		False
Paeruginosa	PA1881	PA1882	330	True	41.0	41.0	370	0	0	0	0	0	0	370	False	0		False
Paeruginosa	PA1884	PA1885	85	True	853.0	853.3	617	0	352	43	0	0	853	960	False	0		False
Paeruginosa	PA1888	PA1889	229	True	41.0	41.0	471	0	0	0	0	0	0	471	False	0		False
Paeruginosa	PA1921	PA1922	167	True	587.0	767.0	514	0	0	459	0	0	587	882	False	0		False
Paeruginosa	PA1929	PA1930	371	True	41.0	41.0	329	0	0	0	0	0	0	329	False	0		False
Paeruginosa	PA1943	PA1944	190	True	41.0	84.0	543	152	773	84	0	0	0	908	False	0		False
Paeruginosa	PA1958	bacA	283	True	41.0	42.0	507	0	0	42	0	0	0	508	False	0		False
Paeruginosa	PA1961	azoR2	148	True	41.0	41.0	565	0	157	0	0	0	0	617	False	0		False
Paeruginosa	PA1964	PA1965	327	True	769.0	769.0	374	0	0	0	0	0	769	849	False	0		False
Paeruginosa	PA1967	PA1968	159	True	41.0	41.0	518	0	0	0	0	0	0	518	False	0		False
Paeruginosa	exaA	exaB	311	True	890.0	984.3	443	0	774	863	0	0	890	997	False	0		False
Paeruginosa	dhcA	dhcR	131	True	809.0	809.0	602	0	0	0	0	0	809	920	False	0		False
Paeruginosa	PA2010	hmgA	160	True	779.0	827.2	559	0	0	250	0	0	779	920	False	0		False
Paeruginosa	PA2017	liuR	192	True	41.0	41.0	499	0	0	0	0	0	0	499	False	0		False
Paeruginosa	PA2019	PA2020	164	True	189.0	867.2	540	0	0	843	0	0	189	936	False	0		False
Paeruginosa	PA2021	PA2022	153	True	41.0	41.0	522	0	0	0	0	0	0	522	False	0		False
Paeruginosa	PA2024	gor	144	True	75.0	288.2	597	0	153	262	0	0	75	735	False	0		False
Paeruginosa	PA2027	PA2028	132	True	41.0	129.0	602	0	0	129	0	0	0	638	False	0		False
Paeruginosa	PA2031	PA2032	179	True	883.0	883.0	517	0	0	0	0	0	883	941	False	0		False
Paeruginosa	PA2049	PA2050	327	True	41.0	41.0	0	0	153	0	0	0	0	153	False	0		False
Paeruginosa	cynR	cynT	114	True	699.0	699.0	539	0	0	0	0	0	699	855	False	0		False
Paeruginosa	PA2055	PA2056	110	True	41.0	41.0	541	0	0	0	0	0	0	541	False	0		False
Paeruginosa	PA2070	fusA2	275	True	498.0	498.0	429	0	0	0	0	0	498	701	False	0		False
Paeruginosa	PA2082	kynB	132	True	411.0	430.0	535	0	0	72	0	0	411	723	False	0		False
Paeruginosa	PA2096	PA2097	146	True	41.0	46.0	551	0	279	46	0	0	0	664	False	0		False
Paeruginosa	PA2100	PA2101	132	True	42.0	229.8	560	0	168	229	0	0	42	693	False	0		False
Paeruginosa	PA2107	PA2108	170	True	41.0	148.0	512	0	0	148	0	0	0	567	False	0		False
Paeruginosa	PA2114	PA2115	254	True	41.0	59.0	449	0	0	59	0	0	0	460	False	0		False
Paeruginosa	PA2117	ada	191	True	41.0	56.0	499	0	0	56	0	0	0	507	False	0		False
Paeruginosa	PA2121	PA2122	125	True	41.0	109.0	535	0	0	109	0	0	0	568	False	0		False
Paeruginosa	PA2136	PA2137	101	True	41.0	45.0	544	0	0	45	0	0	0	546	False	0		False
Paeruginosa	PA2142a	PA2143	242	False											False	0		False
Paeruginosa	PA2145	PA2146	498	True	41.0	41.0	0	0	0	0	0	0	0	0	False	0		False
Paeruginosa	PA2165	PA2166	367	True	41.0	460.0	333	0	0	460	0	0	0	624	False	0		False
Paeruginosa	PA2176	PA2177	82	True	503.0	603.0	551	0	0	234	0	0	503	814	False	0		False
Paeruginosa	PA2180	PA2181	185	True	41.0	473.0	510	0	0	473	0	0	0	731	False	0		False
Paeruginosa	PA2184	katN	253	True	96.0	739.8	533	0	530	724	0	0	96	937	False	0		False
Paeruginosa	PA2188	PA2189	259	True	885.0	897.0	444	0	0	141	0	0	885	940	False	0		False
Paeruginosa	PA2192	exoY	228	True	112.0	112.0	472	0	0	0	0	0	112	511	False	0		False
Paeruginosa	PA2209	PA2210	182	True	41.0	56.0	532	0	0	56	0	0	0	539	False	0		False
Paeruginosa	PA2220	opdE	215	True	589.0	609.1	508	0	583	88	0	0	589	912	False	0		False
Paeruginosa	bkdA1	bkdR	309	True	768.0	769.9	402	0	0	49	0	0	768	856	False	0		False
Paeruginosa	PA2251	PA2252	168	True	41.0	41.0	544	0	0	0	0	0	0	544	False	0		False
Paeruginosa	PA2267	PA2268	86	True	41.0	41.0	573	0	0	0	0	0	0	574	False	0		False
Paeruginosa	PA2269	PA2270	146	True	41.0	41.0	574	0	248	0	0	0	0	666	False	0		False
Paeruginosa	PA2274	soxR	77	True	805.0	807.2	610	0	0	52	0	0	805	921	False	0		False
Paeruginosa	PA2275	PA2276	208	True	41.0	131.0	524	0	0	131	0	0	0	569	False	0		False
Paeruginosa	PA2281	PA2282	287	True	41.0	41.0	449	0	0	0	0	0	0	450	False	0		False
Paeruginosa	PA2310	PA2311	289	True	41.0	229.0	414	0	0	229	0	0	0	529	False	0		False
Paeruginosa	PA2315	PA2316	114	True	41.0	42.0	539	0	183	42	0	0	0	608	False	0		False
Paeruginosa	PA2321	gntR	194	True	219.0	644.1	560	0	266	563	124	0	145	875	False	0		False
Paeruginosa	PA2331	PA2332	104	True	41.0	50.0	582	0	337	50	0	0	0	714	False	0		False
Paeruginosa	PA2334	PA2335	149	True	883.0	883.6	524	0	199	46	0	0	883	951	False	0		False
Paeruginosa	PA2345	PA2346	418	True	41.0	41.0	0	0	0	0	0	0	0	0	False	0		False
Paeruginosa	PA2364	PA2365	208	True	699.0	829.9	531	0	448	458	0	0	699	952	False	0		False
Paeruginosa	PA2375	PA2376	276	True	41.0	41.0	428	0	0	0	0	0	0	428	False	0		False
Paeruginosa	PA2380	PA2381	294	True	41.0	51.0	409	0	0	51	0	0	0	415	False	0		False
Paeruginosa	fpvI	fpvR	163	True	936.2	984.3	557	0	771	764	100	0	932	998	False	0		False
Paeruginosa	PA2393	pvdP	215	True	152.0	743.6	505	0	0	710	0	0	152	867	False	0		False
Paeruginosa	pvdE	pvdF	377	True	883.0	982.8	384	0	217	859	0	0	883	990	False	0		False
Paeruginosa	PA2402	PA2403	318	True	41.0	340.0	387	0	0	340	0	0	0	578	False	0		False
Paeruginosa	PA2415	treA	358	True	41.0	147.0	342	0	0	147	0	0	0	414	False	0		False
Paeruginosa	PA2417	PA2418	100	True	80.0	80.0	570	0	285	0	80	0	0	692	False	0		False
Paeruginosa	PA2428	PA2429	261	True	41.0	72.0	443	0	0	72	0	0	0	461	False	0		False
Paeruginosa	PA2431	bexR	400	True	41.0	232.0	0	0	0	232	0	0	0	231	False	0		False
Paeruginosa	PA2447	PA2448	122	True	41.0	41.0	555	0	0	0	0	0	0	555	False	0		False
Paeruginosa	PA2469	gtdA	124	True	41.0	41.0	535	0	152	0	0	0	0	589	False	0		False
Paeruginosa	PA2478	PA2479	162	True	41.0	479.0	544	0	0	479	0	0	0	752	False	0		False
Paeruginosa	PA2484	PA2485	28	True	41.0	95.0	566	0	0	95	0	0	0	590	False	0		False
Paeruginosa	PA2487	PA2488	97	True	41.0	59.0	558	0	0	59	0	0	0	566	False	0		False
Paeruginosa	PA2491	mexT	99	True	417.0	908.8	613	0	0	850	0	0	417	963	False	0		False
Paeruginosa	PA2497	PA2498	127	True	41.0	41.0	534	0	0	0	0	0	0	534	False	0		False
Paeruginosa	PA2506	opdT	362	True	41.0	384.0	338	0	0	384	0	0	0	574	False	0		False
Paeruginosa	catB	catR	161	True	171.0	171.0	590	0	583	0	0	0	171	845	False	0		False
Paeruginosa	PA2511	antA	316	True	41.0	777.0	395	0	365	777	0	0	0	906	False	0		False
Paeruginosa	PA2528	PA2529	256	True	62.0	62.0	447	0	0	0	0	0	62	459	False	0		False
Paeruginosa	PA2534	PA2535	118	True	41.0	72.0	560	0	0	72	0	0	0	573	False	0		False
Paeruginosa	PA2544	xthA	144	True	41.0	41.0	597	0	0	0	0	0	0	597	False	0		False
Paeruginosa	PA2546	PA2547	90	True	41.0	41.0	548	0	0	0	0	0	0	548	False	0		False
Paeruginosa	PA2550	PA2551	173	True	41.0	462.0	532	0	0	462	0	0	0	737	False	0		False
Paeruginosa	PA2557	PA2558	220	True	41.0	41.0	479	0	0	0	0	0	0	479	False	0		False
Paeruginosa	PA2559	PA2559a	318	False											False	0		False
Paeruginosa	PA2560	PA2561	168	True	41.0	41.0	514	0	0	0	0	0	0	514	False	0		False
Paeruginosa	PA2562	PA2563	356	True	41.0	41.0	344	0	0	0	0	0	0	344	False	0		False
Paeruginosa	PA2571	PA2572	77	True	631.1	667.3	565	4	764	135	93	0	610	962	False	0		False
Paeruginosa	PA2575	alkB1	347	True	41.0	41.0	353	0	0	0	0	0	0	353	False	0		False
Paeruginosa	PA2576	PA2577	132	True	697.0	697.0	570	0	324	0	0	0	697	904	False	0		False
Paeruginosa	PA2580	PA2581	423	True	41.0	41.0	0	0	0	0	0	0	0	0	False	0		False
Paeruginosa	PA2591	PA2592	152	True	41.0	660.0	522	0	0	660	0	0	0	830	False	0		False
Paeruginosa	PA2601	PA2602	112	True	41.0	52.0	609	0	169	52	0	0	0	665	False	0		False
Paeruginosa	PA2603.1	PA2604	130	False											False	0		False
Paeruginosa	ftsK	trxB1	227	True	41.0	139.0	518	0	0	139	0	0	0	567	False	0		False
Paeruginosa	PA2621	cspD	225	True	305.0	636.2	442	0	0	498	0	0	305	788	False	0		False
Paeruginosa	icd	idh	358	True	977.5	978.2	441	0	0	73	0	900	784	987	False	0		False
Paeruginosa	PA2653	PA2654	258	True	41.0	41.0	445	0	155	0	0	0	0	511	False	0		False
Paeruginosa	PA2659	PA2660	214	True	55.0	55.0	541	0	0	0	0	0	55	548	False	0		False
Paeruginosa	PA2665	fhp	154	True	764.0	764.0	610	0	0	0	0	0	764	904	False	0		False
Paeruginosa	PA2679	PA2680	225	True	41.0	41.0	475	0	0	0	0	0	0	475	False	0		False
Paeruginosa	PA2691	PA2692	268	True	41.0	46.0	519	0	308	46	0	0	0	654	False	0		False
Paeruginosa	PA2708	cysK	120	True	41.0	41.0	606	0	0	0	0	0	0	606	False	0		False
Paeruginosa	PA2713	PA2714	353	True	41.0	41.0	347	0	0	0	0	0	0	347	False	0		False
Paeruginosa	PA2718	cpo	232	True	41.0	45.0	470	0	0	45	0	0	0	472	False	0		False
Paeruginosa	PA2720	PA2721	192	True	41.0	42.0	499	0	0	42	0	0	0	499	False	0		False
Paeruginosa	PA2745	PA2746	191	True	41.0	41.0	499	0	0	0	0	0	0	499	False	0		False
Paeruginosa	PA2748	endA	375	True	41.0	52.0	325	0	0	52	0	0	0	333	False	0		False
Paeruginosa	PA2752	PA2753	135	True	41.0	41.0	530	0	0	0	0	0	0	530	False	0		False
Paeruginosa	PA2754a	PA2755a	178	False											False	0		False
Paeruginosa	PA2757	PA2758	102	True	61.0	61.0	558	0	651	0	0	0	61	842	False	0		False
Paeruginosa	PA2759	PA2760	364	True	41.0	41.0	336	0	0	0	0	0	0	336	False	0		False
Paeruginosa	PA2763	PA2763a	269	False											False	0		False
Paeruginosa	PA2766	PA2767	87	True	41.0	42.0	549	0	0	42	0	0	0	550	False	0		False
Paeruginosa	PA2772	PA2772a	86	False											False	0		False
Paeruginosa	PA2775.1	PA2776	184	False											False	0		False
Paeruginosa	PA2779	PA2780	407	True	883.0	883.7	0	0	0	47	0	0	883	883	False	0		False
Paeruginosa	PA2788	PA2789	243	True	41.0	41.0	459	0	0	0	0	0	0	459	False	0		False
Paeruginosa	PA2798	PA2799	246	True	41.0	41.0	539	0	184	0	0	0	0	607	False	0		False
Paeruginosa	PA2800	PA2801	102	True	41.0	102.0	565	0	0	102	0	0	0	592	False	0		False
Paeruginosa	PA2802	PA2803	133	True	76.0	76.0	541	0	171	0	0	0	76	618	False	0		False
Paeruginosa	copR	ptrA	125	True	881.0	891.2	535	0	0	123	0	0	881	947	False	0		False
Paeruginosa	PA2814	PA2815	152	True	41.0	41.0	593	0	0	0	0	0	0	593	False	0		False
Paeruginosa	PA2819.3	PA2820	218	False											False	0		False
Paeruginosa	PA2823	PA2824	82	True	41.0	41.0	577	0	0	0	0	0	0	576	False	0		False
Paeruginosa	PA2827	PA2828	184	True	41.0	41.0	578	0	0	0	0	0	0	578	False	0		False
Paeruginosa	PA2833	PA2834	129	True	41.0	41.0	533	0	0	0	0	0	0	533	False	0		False
Paeruginosa	PA2840	PA2841	310	True	90.0	90.0	392	0	0	0	90	0	0	423	False	0		False
Paeruginosa	PA2842	PA2843	175	True	41.0	52.0	542	0	0	52	0	0	0	547	False	0		False
Paeruginosa	PA2845	PA2846	96	True	41.0	41.0	572	0	0	0	0	0	0	571	False	0		False
Paeruginosa	PA2847	PA2848	37	True	41.0	55.0	576	0	150	55	0	0	0	629	False	0		False
Paeruginosa	PA2852	PA2852.1	154	False											False	0		False
Paeruginosa	PA2857	tesA	10	True	41.0	44.0	634	0	583	44	0	0	0	841	False	0		False
Paeruginosa	PA2860	ligT	53	True	41.0	42.0	622	0	0	42	0	0	0	623	False	0		False
Paeruginosa	PA2865	mttC	246	True	41.0	64.0	539	0	0	64	0	0	0	549	False	0		False
Paeruginosa	PA2877	PA2878	45	True	41.0	52.0	561	0	0	52	0	0	0	567	False	0		False
Paeruginosa	PA2879	PA2880	46	True	61.0	61.0	574	0	513	0	0	0	61	788	False	0		False
Paeruginosa	PA2882	PA2883	422	True	41.0	41.0	0	0	0	0	0	0	0	0	False	0		False
Paeruginosa	atuA	atuR	280	True	883.0	889.1	510	0	373	91	0	0	883	962	False	0		False
Paeruginosa	PA2906	cobL	336	True	805.0	823.3	485	0	298	131	0	0	805	930	False	0		False
Paeruginosa	PA2917	PA2918	210	True	41.0	41.0	486	0	0	0	0	0	0	486	False	0		False
Paeruginosa	PA2921	PA2922	100	True	41.0	85.0	567	0	0	85	0	0	0	587	False	0		False
Paeruginosa	PA2929	PA2930	65	True	41.0	41.0	606	0	294	0	0	0	0	710	False	0		False
Paeruginosa	cifR	morB	125	True	881.0	930.5	561	0	0	440	0	0	881	968	False	0		False
Paeruginosa	PA2935	PA2936	109	True	41.0	41.0	541	0	0	0	0	0	0	541	False	0		False
Paeruginosa	PA2938	PA2939	500	True	41.0	41.0	0	0	0	0	0	0	0	0	False	0		False
Paeruginosa	PA2942	PA2942.1	100	False											False	0		False
Paeruginosa	PA2953	etfB	320	True	996.1	998.7	499	0	762	670	865	621	930	999	False	0		False
Paeruginosa	PA2957	PA2958	85	True	41.0	41.0	580	0	0	0	0	0	0	580	False	0		False
Paeruginosa	PA2971	PA2972	109	True	41.0	41.0	609	0	0	0	0	0	0	609	False	0		False
Paeruginosa	PA2984	PA2985	130	True	41.0	41.0	646	0	0	0	0	0	0	646	False	0		False
Paeruginosa	PA2988	PA2989	102	True	41.0	41.0	609	0	0	0	0	0	0	609	False	0		False
Paeruginosa	PA3001	mfd	220	True	136.0	148.6	557	0	0	55	0	0	136	606	False	0		False
Paeruginosa	lexA	psrA	231	True	430.0	430.0	550	0	0	0	0	0	430	732	False	0		False
Paeruginosa	PA3015	faoA	427	True	41.0	41.0	0	0	0	0	0	0	0	0	False	0		False
Paeruginosa	PA3016	PA3017	207	True	41.0	41.0	516	0	0	0	0	0	0	517	False	0		False
Paeruginosa	PA3019	PA3020	225	True	74.0	74.0	520	0	0	0	0	0	74	536	False	0		False
Paeruginosa	PA3026	PA3027	176	True	810.0	816.3	583	0	222	73	0	0	810	935	False	0		False
Paeruginosa	moaB2	mobA	66	True	171.0	214.2	594	0	392	91	0	0	171	789	False	0		False
Paeruginosa	PA3034	PA3035	165	True	563.0	563.0	526	0	284	0	0	0	563	839	False	0		False
Paeruginosa	PA3039	PA3040	295	True	41.0	41.0	423	0	0	0	0	0	0	423	False	0		False
Paeruginosa	PA3046	PA3047	310	True	41.0	41.0	483	0	0	0	0	0	0	483	False	0		False
Paeruginosa	PA3048	rmf	460	True	41.0	41.0	225	0	0	0	0	0	0	224	False	0		False
Paeruginosa	PA3056	PA3057	125	True	41.0	58.0	564	0	0	58	0	0	0	571	False	0		False
Paeruginosa	PA3069	PA3070	339	True	41.0	41.0	0	0	0	0	0	0	0	0	False	0		False
Paeruginosa	PA3088	PA3089	124	True	41.0	41.0	604	0	0	0	0	0	0	604	False	0		False
Paeruginosa	PA3093	fadH1	214	True	117.4	131.2	561	0	0	56	85	0	75	602	False	0		False
Paeruginosa	xcpP	xcpR	219	True	892.0	908.3	495	0	0	186	0	0	892	951	False	0		False
Paeruginosa	PA3122	leuC	162	True	41.0	258.0	590	0	0	258	0	0	0	682	False	0		False
Paeruginosa	PA3124	PA3125	111	True	41.0	96.0	540	0	0	96	0	0	0	567	False	0		False
Paeruginosa	PA3127	ibpA	157	True	52.0	76.7	528	0	0	66	0	0	52	545	False	0		False
Paeruginosa	PA3135	PA3136	69	True	41.0	47.0	585	0	0	47	0	0	0	587	False	0		False
Paeruginosa	PA3139	uvrB	187	True	41.0	45.0	577	0	0	45	0	0	0	579	False	0		False
Paeruginosa	PA3169	PA3170	109	True	100.0	282.1	580	0	434	235	0	0	100	814	False	0		False
Paeruginosa	PA3179	PA3180	147	True	45.0	45.0	547	0	0	0	0	0	45	549	False	0		False
Paeruginosa	PA3184	zwf	186	True	791.0	793.4	545	0	0	52	0	0	791	902	False	0		False
Paeruginosa	edd	gapA	129	True	654.6	960.0	603	0	0	889	90	0	636	983	False	0		False
Paeruginosa	PA3200	PA3201	215	True	41.0	48.0	560	0	0	48	0	0	0	563	False	0		False
Paeruginosa	PA3209	trkH	157	True	41.0	53.0	592	0	0	53	0	0	0	596	False	0		False
Paeruginosa	PA3215	PA3216	142	True	41.0	42.0	598	0	0	42	0	0	0	598	False	0		False
Paeruginosa	PA3219	PA3220	146	True	41.0	41.0	588	0	0	0	0	0	0	588	False	0		False
Paeruginosa	PA3224	PA3225	199	True	41.0	41.0	521	0	0	0	0	0	0	521	False	0		False
Paeruginosa	PA3236	PA3237	293	True	41.0	41.0	410	0	0	0	0	0	0	410	False	0		False
Paeruginosa	PA3242	minC	159	True	128.0	141.6	563	0	0	56	0	0	128	609	False	0		False
Paeruginosa	PA3249	PA3250	363	True	163.0	221.5	394	0	473	108	0	0	163	729	False	0		False
Paeruginosa	PA3256	prc	129	True	41.0	44.0	603	0	0	44	0	0	0	604	False	0		False
Paeruginosa	PA3260	PA3261	103	True	41.0	202.0	543	0	0	202	0	0	0	620	False	0		False
Paeruginosa	PA3262.2	PA3263	165	False											False	0		False
Paeruginosa	PA3270	PA3271	265	True	146.0	148.6	523	0	0	44	91	0	99	576	False	0		False
Paeruginosa	PA3273	PA3274	166	True	41.0	271.0	633	0	0	271	0	0	0	721	False	0		False
Paeruginosa	PA3288	PA3289	79	True	41.0	94.0	552	0	0	94	0	0	0	576	False	0		False
Paeruginosa	PA3295	phoA	204	True	41.0	41.0	491	0	0	0	0	0	0	491	False	0		False
Paeruginosa	PA3301	fadD2	246	True	56.0	69.8	467	0	164	55	0	0	56	549	False	0		False
Paeruginosa	PA3307	PA3308	235	True	41.0	41.0	546	0	0	0	0	0	0	546	False	0		False
Paeruginosa	PA3310	PA3311	155	True	41.0	41.0	521	0	0	0	0	0	0	521	False	0		False
Paeruginosa	PA3320	PA3321	88	True	41.0	41.0	549	0	0	0	0	0	0	549	False	0		False
Paeruginosa	PA3322	PA3323	425	True	41.0	41.0	62	0	626	0	0	0	0	634	False	0		False
Paeruginosa	PA3326	PA3327	480	True	530.1	736.9	0	0	0	463	84	0	508	736	False	0		False
Paeruginosa	PA3338	plpD	68	True	41.0	41.0	621	0	0	0	0	0	0	621	False	0		False
Paeruginosa	PA3349	PA3350	131	True	794.0	855.2	602	0	629	326	0	0	794	976	False	0		False
Paeruginosa	PA3356	dsdA	325	True	41.0	45.0	376	0	0	45	0	0	0	378	False	0		False
Paeruginosa	PA3360	lecB	467	True	41.0	41.0	0	0	0	0	0	0	0	0	False	0		False
Paeruginosa	PA3367	amiL	132	False											False	0		False
Paeruginosa	amrZ	phnC	360	True	121.0	121.0	376	0	0	0	0	0	121	427	False	0		False
Paeruginosa	PA3389	PA3390	60	True	590.0	668.2	623	0	320	224	0	0	590	907	False	0		False
Paeruginosa	PA3398	fpr	273	True	700.0	700.0	516	0	0	0	0	0	700	848	False	0		False
Paeruginosa	PA3403	PA3403a	174	False											False	0		False
Paeruginosa	PA3412	PA3413	209	True	41.0	41.0	487	0	0	0	0	0	0	487	False	0		False
Paeruginosa	PA3419	ldh	245	True	41.0	100.0	530	0	0	100	0	0	0	558	False	0		False
Paeruginosa	PA3422	PA3423	284	True	41.0	41.0	419	0	0	0	0	0	0	419	False	0		False
Paeruginosa	PA3432	PA3433	95	True	41.0	41.0	546	0	681	0	0	0	0	849	False	0		False
Paeruginosa	PA3435	PA3436	279	True	41.0	41.0	466	0	0	0	0	0	0	465	False	0		False
Paeruginosa	PA3450	PA3451	205	True	41.0	41.0	490	0	0	0	0	0	0	490	False	0		False
Paeruginosa	PA3455	PA3456	143	True	41.0	41.0	596	0	0	0	0	0	0	596	False	0		False
Paeruginosa	PA3458	PA3459	142	True	492.0	506.8	559	0	0	69	0	0	492	773	False	0		False
Paeruginosa	PA3464	PA3465	216	True	881.0	881.0	482	0	0	0	0	0	881	935	False	0		False
Paeruginosa	PA3466	PA3467	185	True	41.0	41.0	503	0	0	0	0	0	0	503	False	0		False
Paeruginosa	PA3471	PA3472	456	True	41.0	41.0	0	0	0	0	0	0	0	0	False	0		False
Paeruginosa	PA3481	metG	130	True	276.0	475.3	622	0	162	305	90	0	237	819	False	0		False
Paeruginosa	PA3523	gloA1	376	True	41.0	61.0	325	0	0	61	0	0	0	339	False	0		False
Paeruginosa	PA3526	pyrC	132	True	41.0	41.0	566	0	0	0	0	0	0	566	False	0		False
Paeruginosa	PA3529	PA3530	259	True	41.0	41.0	477	0	0	0	0	0	0	477	False	0		False
Paeruginosa	PA3534	PA3535	298	True	41.0	57.0	405	0	0	57	0	0	0	415	False	0		False
Paeruginosa	PA3536	argF	277	True	41.0	41.0	427	0	0	0	0	0	0	427	False	0		False
Paeruginosa	fruI	fruR	327	True	863.6	867.6	505	0	242	69	766	0	441	946	False	0		False
Paeruginosa	PA3565	PA3566	95	True	41.0	44.0	602	0	0	44	0	0	0	603	False	0		False
Paeruginosa	mmsA	mmsR	131	True	602.0	610.7	545	0	190	62	0	0	602	844	False	0		False
Paeruginosa	PA3573	nalD	364	True	44.0	76.9	336	0	172	74	0	0	44	448	False	0		False
Paeruginosa	PA3574a	PA3575	182	False											False	0		False
Paeruginosa	PA3580	glpF	264	True	134.0	525.9	488	0	0	475	0	0	134	746	False	0		False
Paeruginosa	PA3586	metR	298	True	41.0	41.0	494	0	0	0	0	0	0	494	False	0		False
Paeruginosa	PA3593	PA3594	113	True	41.0	47.0	540	0	0	47	0	0	0	542	False	0		False
Paeruginosa	PA3598	PA3599	127	True	41.0	125.0	548	0	396	125	0	0	0	740	False	0		False
Paeruginosa	PA3601	PA3602	243	True	41.0	51.0	498	0	0	51	0	0	0	504	False	0		False
Paeruginosa	PA3605	erdR	132	True	41.0	41.0	563	0	0	0	0	0	0	563	False	0		False
Paeruginosa	PA3606	potA	258	True	41.0	45.0	445	0	0	45	0	0	0	448	False	0		False
Paeruginosa	PA3613	PA3614	179	True	41.0	486.0	581	0	165	486	0	0	0	804	False	0		False
Paeruginosa	PA3618	PA3619	147	True	41.0	41.0	525	0	0	0	0	0	0	525	False	0		False
Paeruginosa	adhC	gfnR	131	True	48.0	48.0	545	0	187	0	0	0	48	617	False	0		False
Paeruginosa	map	rpsB	264	True	694.6	882.8	488	0	309	632	581	0	301	954	False	0		False
Paeruginosa	PA3660	PA3661	237	True	41.0	41.0	465	0	0	0	0	0	0	465	False	0		False
Paeruginosa	PA3663	PA3664	302	True	41.0	41.0	408	0	0	0	0	0	0	409	False	0		False
Paeruginosa	PA3672	plsB	283	True	41.0	41.0	470	0	0	0	0	0	0	470	False	0		False
Paeruginosa	PA3677	PA3678	95	True	41.0	126.0	614	0	261	126	0	0	0	729	False	0		False
Paeruginosa	PA3688	ppc	206	True	41.0	57.0	566	0	0	57	0	0	0	573	False	0		False
Paeruginosa	PA3689	PA3690	113	True	170.0	186.4	609	0	245	60	0	0	170	738	False	0		False
Paeruginosa	PA3710	PA3711	171	True	41.0	46.0	512	0	0	46	0	0	0	514	False	0		False
Paeruginosa	PA3712	spdH	321	True	41.0	41.0	380	0	0	0	0	0	0	380	False	0		False
Paeruginosa	PA3716	PA3717	210	True	41.0	74.0	486	0	0	74	0	0	0	504	False	0		False
Paeruginosa	PA3720	nalC	204	True	883.0	970.1	491	0	0	755	0	0	883	984	False	0		False
Paeruginosa	PA3732	PA3733	304	True	41.0	41.0	0	0	0	0	0	0	0	0	False	0		False
Paeruginosa	PA3733a	PA3734	40	False											False	0		False
Paeruginosa	PA3739	xerD	214	True	95.0	101.6	507	0	0	48	0	0	95	539	False	0		False
Paeruginosa	PA3747	ffh	300	True	41.0	100.0	493	0	0	100	0	0	0	523	False	0		False
Paeruginosa	PA3754	PA3755	140	True	887.0	904.8	598	0	157	192	0	0	887	965	False	0		False
Paeruginosa	PA3764	purL	400	True	514.0	514.0	224	0	0	0	0	0	514	606	False	0		False
Paeruginosa	PA3771	guaB	263	True	41.0	41.0	449	0	0	0	0	0	0	449	False	0		False
Paeruginosa	PA3775	PA3776	107	True	41.0	48.0	567	0	0	48	0	0	0	570	False	0		False
Paeruginosa	PA3782	PA3783	120	True	41.0	232.0	606	0	267	232	0	0	0	759	False	0		False
Paeruginosa	PA3786	PA3787	171	True	41.0	93.0	512	0	0	93	0	0	0	538	False	0		False
Paeruginosa	PA3791	leuA	371	True	41.0	58.0	329	0	0	58	0	0	0	341	False	0		False
Paeruginosa	PA3794	PA3795	180	True	41.0	41.0	506	0	0	0	0	0	0	506	False	0		False
Paeruginosa	PA3817	PA3818	151	True	41.0	145.0	594	0	170	145	0	0	0	686	False	0		False
Paeruginosa	PA3824.1	queA	101	False											False	0		False
Paeruginosa	PA3825	PA3826	129	True	41.0	51.0	533	0	0	51	0	0	0	538	False	0		False
Paeruginosa	PA3830	pepA	336	True	41.0	41.0	364	0	0	0	0	0	0	364	False	0		False
Paeruginosa	PA3842	exoS	187	True	41.0	861.0	502	0	0	861	0	0	0	927	False	0		False
Paeruginosa	PA3844	PA3845	123	True	41.0	99.0	536	0	171	99	0	0	0	623	False	0		False
Paeruginosa	PA3846	PA3847	103	True	41.0	41.0	543	0	0	0	0	0	0	543	False	0		False
Paeruginosa	PA3858	PA3859	296	True	41.0	41.0	422	0	0	0	0	0	0	422	False	0		False
Paeruginosa	PA3866	PA3867	329	True	41.0	52.0	371	0	0	52	0	0	0	379	False	0		False
Paeruginosa	narK1	narX	174	True	826.0	833.4	542	0	307	82	0	0	826	942	False	0		False
Paeruginosa	PA3888	nhaP	441	True	41.0	41.0	0	0	0	0	0	0	0	0	False	0		False
Paeruginosa	PA3894	PA3895	245	True	145.0	159.3	504	0	230	57	0	0	145	650	False	0		False
Paeruginosa	PA3897	PA3898	125	True	41.0	68.0	600	0	295	68	0	0	0	714	False	0		False
Paeruginosa	PA3902	prfC	220	True	41.0	41.0	479	0	0	0	0	0	0	479	False	0		False
Paeruginosa	PA3924	PA3925	181	True	95.3	273.6	534	0	0	230	79	0	58	647	False	0		False
Paeruginosa	PA3926	PA3927	101	True	41.0	41.0	544	0	0	0	0	0	0	544	False	0		False
Paeruginosa	PA3931	cioA	437	True	414.0	414.0	0	0	0	0	0	0	414	414	False	0		False
Paeruginosa	PA3939	PA3940	368	True	41.0	41.0	332	0	0	0	0	0	0	332	False	0		False
Paeruginosa	rocA1	rocR	281	True	896.3	898.9	439	0	0	65	112	0	888	940	False	0		False
Paeruginosa	PA3952	PA3953	99	True	41.0	41.0	462	0	0	0	0	0	0	462	False	0		False
Paeruginosa	PA3957	PA3958	61	True	41.0	41.0	614	0	0	0	0	0	0	614	False	0		False
Paeruginosa	PA3961	PA3962	141	True	41.0	41.0	564	0	0	0	0	0	0	564	False	0		False
Paeruginosa	PA3963a	PA3965	447	False											False	0		False
Paeruginosa	PA3968	PA3969	138	True	114.0	114.0	595	0	0	0	0	0	114	625	False	0		False
Paeruginosa	ladS	thiD	210	True	47.0	47.0	490	0	0	0	0	0	47	494	False	0		False
Paeruginosa	PA3979	PA3980	128	True	41.0	52.0	603	0	0	52	0	0	0	607	False	0		False
Paeruginosa	PA3986	leuS	170	True	41.0	41.0	585	0	0	0	0	0	0	586	False	0		False
Paeruginosa	PA3994	PA3995	105	True	41.0	47.0	543	0	150	47	0	0	0	597	False	0		False
Paeruginosa	PA4008	proA	297	True	93.0	93.0	494	0	0	0	0	0	93	521	False	0		False
Paeruginosa	PA4009	PA4010	63	True	41.0	41.0	623	0	0	0	0	0	0	623	False	0		False
Paeruginosa	PA4014	PA4015	145	True	41.0	41.0	596	0	0	0	0	0	0	596	False	0		False
Paeruginosa	PA4021	PA4022	338	True	892.4	892.4	397	0	151	0	103	0	885	940	False	0		False
Paeruginosa	PA4027a	PA4029	193	False											False	0		False
Paeruginosa	PA4032	PA4033	194	True	41.0	41.0	497	0	0	0	0	0	0	497	False	0		False
Paeruginosa	PA4041	xseB	157	True	41.0	41.0	520	0	0	0	0	0	0	520	False	0		False
Paeruginosa	PA4062	PA4063	132	True	41.0	41.0	602	0	0	0	0	0	0	601	False	0		False
Paeruginosa	PA4073	PA4074	228	True	41.0	70.0	472	0	0	70	0	0	0	488	False	0		False
Paeruginosa	PA4075	PA4076	106	True	41.0	41.0	542	0	0	0	0	0	0	542	False	0		False
Paeruginosa	PA4087	cupB1	472	True	41.0	41.0	0	0	0	0	0	0	0	0	False	0		False
Paeruginosa	PA4094	PA4095	318	True	91.0	135.5	395	0	157	88	91	0	0	520	False	0		False
Paeruginosa	PA4107	PA4108	323	True	41.0	41.0	378	0	0	0	0	0	0	378	False	0		False
Paeruginosa	ampC	ampR	148	True	883.0	883.0	524	0	0	0	0	0	883	941	False	0		False
Paeruginosa	PA4114	PA4115	419	True	41.0	41.0	0	0	0	0	0	0	0	0	False	0		False
Paeruginosa	PA4120	PA4121	219	True	49.0	804.6	524	0	283	803	0	0	49	927	False	0		False
Paeruginosa	PA4130	PA4131	105	True	41.0	918.0	547	0	0	918	0	0	0	961	False	0		False
Paeruginosa	PA4136	PA4137	364	True	41.0	250.0	336	0	0	250	0	0	0	480	False	0		False
Paeruginosa	PA4148	acoR	331	True	41.0	74.0	369	0	0	74	0	0	0	391	False	0		False
Paeruginosa	PA4156	PA4157	255	True	41.0	41.0	448	0	536	0	0	0	0	733	False	0		False
Paeruginosa	fepB	fepC	125	True	889.0	926.8	575	0	536	368	0	0	889	984	False	0		False
Paeruginosa	PA4162	PA4163	304	True	45.0	310.9	398	0	0	308	0	0	45	568	False	0		False
Paeruginosa	PA4165	PA4166	131	True	41.0	55.0	555	0	0	55	0	0	0	561	False	0		False
Paeruginosa	PA4167	fpvB	342	True	41.0	71.0	358	0	0	71	0	0	0	378	False	0		False
Paeruginosa	PA4169	PA4170	80	True	96.0	148.8	618	0	604	97	0	0	96	860	False	0		False
Paeruginosa	PA4173	PA4174	140	True	41.0	58.0	528	0	300	58	0	0	0	661	False	0		False
Paeruginosa	PA4177	ppiC2	142	True	41.0	41.0	527	0	0	0	0	0	0	527	False	0		False
Paeruginosa	PA4180	PA4181	284	True	41.0	90.0	419	0	0	90	0	0	0	449	False	0		False
Paeruginosa	PA4184	PA4185	306	True	41.0	86.0	397	0	0	86	0	0	0	425	False	0		False
Paeruginosa	PA4198	bfiS	245	True	41.0	83.0	500	0	155	83	0	0	0	578	False	0		False
Paeruginosa	PA4202	PA4203	107	True	692.0	744.4	562	0	0	204	0	0	692	883	False	0		False
Paeruginosa	pchD	pchR	228	True	769.0	835.5	472	0	166	317	0	0	769	921	False	0		False
Paeruginosa	PA4233	uvrA	213	True	41.0	41.0	561	0	0	0	0	0	0	561	False	0		False
Paeruginosa	PA4287	PA4288	100	True	41.0	41.0	556	0	265	0	0	0	0	660	False	0		False
Paeruginosa	PA4294	fppA	63	True	241.0	351.0	623	0	0	180	0	0	241	744	False	0		False
Paeruginosa	flp	rcpC	409	True	798.0	969.7	186	0	0	856	0	0	798	974	False	0		False
Paeruginosa	PA4308	pctA	399	True	357.0	361.0	305	0	0	47	0	0	357	537	False	0		False
Paeruginosa	mvaT	purU1	259	True	41.0	47.0	527	0	0	47	0	0	0	531	False	0		False
Paeruginosa	PA4317	sbcB	224	True	41.0	47.0	554	0	0	47	0	0	0	557	False	0		False
Paeruginosa	PA4326	PA4327	93	True	41.0	41.0	615	0	0	0	0	0	0	614	False	0		False
Paeruginosa	PA4332	PA4333	277	True	41.0	41.0	581	0	0	0	0	0	0	581	False	0		False
Paeruginosa	PA4349	PA4350	202	True	41.0	73.0	568	0	0	73	0	0	0	583	False	0		False
Paeruginosa	PA4353	PA4354	152	True	41.0	41.0	593	0	0	0	0	0	0	593	False	0		False
Paeruginosa	PA4361	PA4362	184	True	41.0	56.0	552	0	0	56	0	0	0	559	False	0		False
Paeruginosa	PA4364	iciA	97	True	41.0	41.0	614	0	0	0	0	0	0	613	False	0		False
Paeruginosa	PA4369	icmP	193	True	41.0	41.0	541	0	0	0	0	0	0	541	False	0		False
Paeruginosa	PA4381	PA4382	216	True	121.0	127.4	524	0	208	48	0	0	121	642	False	0		False
Paeruginosa	PA4383	PA4384	228	True	41.0	41.0	472	0	0	0	0	0	0	472	False	0		False
Paeruginosa	PA4388	speA	108	True	41.0	59.0	610	0	0	59	0	0	0	617	False	0		False
Paeruginosa	PA4395	PA4396	103	True	412.0	412.0	611	0	0	0	0	0	412	762	False	0		False
Paeruginosa	PA4404	PA4405	146	True	41.0	41.0	596	0	0	0	0	0	0	596	False	0		False
Paeruginosa	PA4421	rnpB	298	False											False	0		False
Paeruginosa	PA4422	PA4423	126	True	41.0	59.0	603	0	0	59	0	0	0	611	False	0		False
Paeruginosa	PA4434	rplM	245	True	47.0	47.0	539	0	0	0	0	0	47	542	False	0		False
Paeruginosa	PA4435	PA4436	253	True	41.0	41.0	450	0	0	0	0	0	0	450	False	0		False
Paeruginosa	PA4440	PA4441	144	True	41.0	41.0	597	0	0	0	0	0	0	597	False	0		False
Paeruginosa	cysD	mltB1	344	True	41.0	45.0	356	0	0	45	0	0	0	358	False	0		False
Paeruginosa	PA4445	algW	116	True	41.0	112.0	607	0	0	112	0	0	0	636	False	0		False
Paeruginosa	PA4456	PA4457	413	True	41.0	58.0	223	0	157	58	0	0	0	329	False	0		False
Paeruginosa	PA4473	pmbA	20	True	41.0	73.0	632	0	0	73	0	0	0	644	False	0		False
Paeruginosa	gatC	mreB	239	True	41.0	41.0	544	0	0	0	0	0	0	543	False	0		False
Paeruginosa	PA4495	roxS	276	True	41.0	41.0	500	0	0	0	0	0	0	500	False	0		False
Paeruginosa	PA4498	PA4499	167	True	529.0	536.4	541	0	0	56	0	0	529	778	False	0		False
Paeruginosa	PA4507	PA4508	141	True	41.0	51.0	585	0	170	51	0	0	0	645	False	0		False
Paeruginosa	PA4511	lpxO1	129	True	41.0	41.0	540	0	0	0	0	0	0	540	False	0		False
Paeruginosa	PA4514	PA4515	217	True	233.0	775.3	525	0	773	719	0	0	233	973	False	0		False
Paeruginosa	PA4523	nadC	285	True	41.0	41.0	505	0	0	0	0	0	0	506	False	0		False
Paeruginosa	pilA	pilB	231	True	730.0	923.7	499	0	462	729	0	0	730	977	False	0		False
Paeruginosa	PA4534	PA4535	132	True	41.0	48.0	595	0	0	48	0	0	0	598	False	0		False
Paeruginosa	comL	rluD	145	True	41.0	313.0	597	0	0	313	0	0	0	711	False	0		False
Paeruginosa	PA4548	fimT	134	True	41.0	41.0	562	0	0	0	0	0	0	562	False	0		False
Paeruginosa	PA4562	rpsT	283	True	102.0	102.0	507	0	0	0	0	0	102	539	False	0		False
Paeruginosa	ispB	rplU	240	True	310.0	349.6	543	0	0	96	0	0	310	690	False	0		False
Paeruginosa	PA4577	PA4578	234	True	41.0	46.0	467	0	0	46	0	0	0	470	False	0		False
Paeruginosa	PA4581.1	rtcR	313	False											False	0		False
Paeruginosa	PA4595	PA4596	492	True	41.0	41.0	0	0	0	0	0	0	0	0	False	0		False
Paeruginosa	mexC	nfxB	160	True	881.0	947.0	529	0	0	573	0	0	881	973	False	0		False
Paeruginosa	PA4607	PA4608	202	True	41.0	245.0	532	0	0	245	0	0	0	632	False	0		False
Paeruginosa	PA4610	radA	109	True	41.0	41.0	572	0	0	0	0	0	0	572	False	0		False
Paeruginosa	PA4616	PA4617	327	True	82.0	82.0	374	0	0	0	0	0	82	400	False	0		False
Paeruginosa	PA4621	PA4622	310	True	41.0	47.0	408	0	0	47	0	0	0	411	False	0		False
Paeruginosa	PA4625	hprA	320	True	238.0	238.0	381	0	0	0	0	0	238	508	False	0		False
Paeruginosa	PA4632	PA4633	162	True	41.0	41.0	518	0	0	0	0	0	0	517	False	0		False
Paeruginosa	PA4634	PA4635	425	True	41.0	41.0	0	0	0	0	0	0	0	0	False	0		False
Paeruginosa	PA4636	PA4636a	97	False											False	0		False
Paeruginosa	PA4645	upp	168	True	660.0	816.0	587	0	0	481	0	0	660	920	False	0		False
Paeruginosa	PA4656	PA4657	413	True	41.0	89.0	186	0	0	89	0	0	0	226	False	0		False
Paeruginosa	PA4667	hemA	143	True	41.0	72.0	615	0	0	72	0	0	0	627	False	0		False
Paeruginosa	PA4683	PA4684	284	True	41.0	41.0	489	0	0	0	0	0	0	490	False	0		False
Paeruginosa	PA4701	mrcB	212	True	41.0	48.0	583	0	0	48	0	0	0	585	False	0		False
Paeruginosa	PA4709	phuR	180	True	239.0	871.4	580	0	231	838	0	0	239	954	False	0		False
Paeruginosa	PA4713	PA4714	249	True	41.0	41.0	536	0	0	0	0	0	0	536	False	0		False
Paeruginosa	PA4715	PA4716	169	True	41.0	41.0	526	0	0	0	0	0	0	526	False	0		False
Paeruginosa	PA4718	PA4719	413	True	41.0	41.0	0	0	0	0	0	0	0	0	False	0		False
Paeruginosa	PA4722	dksA	192	True	41.0	59.0	574	0	0	59	0	0	0	582	False	0		False
Paeruginosa	PA4726.2	pcnB	361	False											False	0		False
Paeruginosa	PA4753	ftsJ	94	True	54.0	120.1	615	0	0	108	0	0	54	646	False	0		False
Paeruginosa	grpE	recN	167	True	353.0	353.0	587	0	0	0	0	0	353	721	False	0		False
Paeruginosa	fur	omlA	97	True	75.0	233.2	614	0	207	205	0	0	75	744	False	0		False
Paeruginosa	PA4767	smpB	275	True	178.0	221.7	515	0	0	92	0	0	178	606	False	0		False
Paeruginosa	PA4769	lldP	328	True	146.0	432.7	466	0	186	363	0	0	146	732	False	0		False
Paeruginosa	PA4783	PA4784	154	True	41.0	52.0	561	0	175	52	0	0	0	627	False	0		False
Paeruginosa	PA4785	PA4786	254	True	355.7	658.0	532	0	761	491	90	0	321	958	False	0		False
Paeruginosa	PA4787	PA4788	260	True	41.0	41.0	527	0	224	0	0	0	0	617	False	0		False
Paeruginosa	PA4792	PA4793	131	True	41.0	41.0	532	0	0	0	0	0	0	532	False	0		False
Paeruginosa	PA4797	PA4798	134	True	41.0	41.0	531	0	0	0	0	0	0	531	False	0		False
Paeruginosa	PA4801	PA4802	262	True	41.0	41.0	442	0	0	0	0	0	0	442	False	0		False
Paeruginosa	PA4805	PA4806	281	True	41.0	134.0	440	0	192	134	0	0	0	574	False	0		False
Paeruginosa	fadH2	lipC	359	True	41.0	45.0	341	0	0	45	0	0	0	343	False	0		False
Paeruginosa	PA4820	PA4821	236	True	41.0	41.0	473	0	0	0	0	0	0	473	False	0		False
Paeruginosa	PA4827	PA4828	124	True	41.0	56.0	535	0	0	56	0	0	0	542	False	0		False
Paeruginosa	PA4830	lpd3	172	True	41.0	55.0	520	0	0	55	0	0	0	527	False	0		False
Paeruginosa	PA4832	PA4833	230	True	41.0	41.0	470	0	0	0	0	0	0	470	False	0		False
Paeruginosa	PA4837	PA4838	141	True	880.0	974.0	567	0	290	792	0	0	880	991	False	0		False
Paeruginosa	PA4842	PA4843	352	True	41.0	44.0	446	0	0	44	0	0	0	447	False	0		False
Paeruginosa	PA4870	PA4871	125	True	41.0	41.0	535	0	0	0	0	0	0	535	False	0		False
Paeruginosa	PA4872	PA4873	207	True	48.0	69.8	500	0	0	63	0	0	48	515	False	0		False
Paeruginosa	PA4877	PA4878	146	True	41.0	46.0	525	0	0	46	0	0	0	528	False	0		False
Paeruginosa	PA4879	PA4880	295	True	41.0	362.0	416	0	171	362	0	0	0	664	False	0		False
Paeruginosa	PA4884	irlR	137	True	41.0	46.0	543	0	0	46	0	0	0	546	False	0		False
Paeruginosa	PA4889	desT	158	True	497.0	627.6	519	0	444	290	0	0	497	891	False	0		False
Paeruginosa	PA4896	PA4897	164	True	43.0	720.6	526	0	685	720	0	0	43	954	False	0		False
Paeruginosa	PA4902	mdlC	100	True	41.0	45.0	545	0	0	45	0	0	0	547	False	0		False
Paeruginosa	PA4903	vanA	378	True	97.0	113.9	323	0	244	59	0	0	97	507	False	0		False
Paeruginosa	PA4917	PA4918	109	True	887.0	890.9	609	0	0	74	0	0	887	955	False	0		False
Paeruginosa	PA4923	azu	275	True	41.0	41.0	454	0	0	0	0	0	0	454	False	0		False
Paeruginosa	PA4928	PA4929	70	True	41.0	41.0	621	0	0	0	0	0	0	621	False	0		False
Paeruginosa	PA4937.1	rnr	203	False											False	0		False
Paeruginosa	PA4949	PA4950	81	True	41.0	76.0	660	0	0	76	0	0	0	672	False	0		False
Paeruginosa	PA4952	orn	111	True	851.0	851.0	609	0	0	0	0	0	851	939	False	0		False
Paeruginosa	PA4955	motA	140	True	41.0	41.0	598	0	0	0	0	0	0	598	False	0		False
Paeruginosa	PA4960	PA4961	145	True	41.0	47.0	616	0	0	47	0	0	0	618	False	0		False
Paeruginosa	PA4972	aspP	242	True	41.0	48.0	541	0	0	48	0	0	0	545	False	0		False
Paeruginosa	PA4974	thiC	455	True	41.0	41.0	0	0	0	0	0	0	0	0	False	0		False
Paeruginosa	PA4985	PA4986	173	True	880.0	900.6	511	0	0	206	0	0	880	949	False	0		False
Paeruginosa	PA4989	PA4990	84	True	41.0	58.0	574	0	0	58	0	0	0	582	False	0		False
Paeruginosa	PA4998	msbA	107	True	243.3	338.7	581	0	0	162	109	135	97	711	False	0		False
Paeruginosa	aceE	glnE	281	True	147.0	205.7	510	0	154	107	0	0	147	641	False	0		False
Paeruginosa	PA5019	PA5020	302	True	41.0	41.0	435	0	0	0	0	0	0	435	False	0		False
Paeruginosa	PA5029	PA5030	175	True	41.0	43.0	537	0	162	43	0	0	0	596	False	0		False
Paeruginosa	PA5031	PA5032	111	True	41.0	55.0	540	0	0	55	0	0	0	547	False	0		False
Paeruginosa	pilM	ponA	184	True	287.0	287.0	578	0	0	0	0	0	287	686	False	0		False
Paeruginosa	priA	rpmE	175	True	41.0	52.0	583	0	0	52	0	0	0	588	False	0		False
Paeruginosa	PA5062	ubiE	135	True	41.0	46.0	582	0	0	46	0	0	0	585	False	0		False
Paeruginosa	PA5080	PA5081	181	True	41.0	55.0	518	0	0	55	0	0	0	525	False	0		False
Paeruginosa	PA5084	PA5085	64	True	41.0	68.0	565	0	0	68	0	0	0	578	False	0		False
Paeruginosa	PA5106	hutC	100	True	123.0	856.4	613	0	355	843	0	0	123	961	False	0		False
Paeruginosa	PA5115	PA5116	83	True	54.0	55.0	559	0	0	42	0	0	54	566	False	0		False
Paeruginosa	glnA	thiI	336	True	75.0	94.3	425	0	158	61	0	0	75	523	False	0		False
Paeruginosa	PA5121	PA5122	287	True	41.0	41.0	416	0	152	0	0	0	0	484	False	0		False
Paeruginosa	PA5130	pgm	324	True	41.0	96.0	471	0	0	96	0	0	0	501	False	0		False
Paeruginosa	PA5144	hisB	160	True	41.0	54.0	590	0	0	54	0	0	0	595	False	0		False
Paeruginosa	PA5150	PA5151	158	True	41.0	41.0	519	0	0	0	0	0	0	519	False	0		False
Paeruginosa	PA5176	PA5177	125	True	41.0	102.0	604	0	169	102	0	0	0	678	False	0		False
Paeruginosa	PA5178	PA5179	173	True	41.0	41.0	584	0	0	0	0	0	0	584	False	0		False
Paeruginosa	PA5183a	PA5184	224	False											False	0		False
Paeruginosa	PA5188	PA5189	142	True	74.0	74.0	534	0	0	0	0	0	74	550	False	0		False
Paeruginosa	PA5190	PA5191	253	True	41.0	41.0	450	0	0	0	0	0	0	450	False	0		False
Paeruginosa	PA5194	yrfI	112	True	416.0	465.9	609	0	0	123	0	0	416	782	False	0		False
Paeruginosa	PA5195	PA5196	209	True	41.0	41.0	534	0	0	0	0	0	0	534	False	0		False
Paeruginosa	PA5201	amgR	188	True	41.0	46.0	576	0	0	46	0	0	0	578	False	0		False
Paeruginosa	PA5205	argA	336	True	41.0	41.0	418	0	0	0	0	0	0	418	False	0		False
Paeruginosa	PA5208	PA5209	113	True	41.0	41.0	609	0	0	0	0	0	0	608	False	0		False
Paeruginosa	PA5218	PA5219	96	True	41.0	43.0	546	0	0	43	0	0	0	547	False	0		False
Paeruginosa	PA5225	PA5226	86	True	41.0	142.0	616	0	236	142	0	0	0	727	False	0		False
Paeruginosa	PA5233	PA5234	154	True	41.0	74.0	547	0	0	74	0	0	0	563	False	0		False
Paeruginosa	ppx	trxA	183	True	124.0	149.6	579	0	0	69	0	0	124	627	False	0		False
Paeruginosa	PA5244	hemB	243	True	41.0	41.0	540	0	0	0	0	0	0	540	False	0		False
Paeruginosa	PA5252	PA5252a	72	False											False	0		False
Paeruginosa	PA5254	algP	125	True	41.0	41.0	604	0	0	0	0	0	0	604	False	0		False
Paeruginosa	algZ	argH	224	True	190.0	190.0	554	0	0	0	0	0	190	623	False	0		False
Paeruginosa	PA5269	corA	101	True	41.0	45.0	610	0	0	45	0	0	0	611	False	0		False
Paeruginosa	PA5275	lppL	253	True	41.0	71.0	533	0	0	71	0	0	0	547	False	0		False
Paeruginosa	PA5282	PA5283	162	True	41.0	45.0	557	0	0	45	0	0	0	558	False	0		False
Paeruginosa	PA5289	glnK	439	True	99.0	128.1	186	0	0	72	0	0	99	259	False	0		False
Paeruginosa	PA5293	PA5294	148	True	41.0	48.0	551	0	0	48	0	0	0	554	False	0		False
Paeruginosa	PA5295	rep	187	True	401.0	404.7	577	0	0	47	0	0	401	737	False	0		False
Paeruginosa	PA5307	lrp	153	True	41.0	41.0	534	0	0	0	0	0	0	534	False	0		False
Paeruginosa	PA5312	PA5313	229	True	51.0	708.1	477	0	0	705	0	0	51	840	False	0		False
Paeruginosa	PA5316.1	rpmB	0	False											False	0		False
Paeruginosa	coaC	radC	139	True	41.0	41.0	598	0	0	0	0	0	0	599	False	0		False
Paeruginosa	PA5324	PA5325	224	True	883.0	889.8	475	0	0	97	0	0	883	939	False	0		False
Paeruginosa	PA5328	PA5329	173	True	41.0	41.0	511	0	0	0	0	0	0	511	False	0		False
Paeruginosa	crc	pyrE	80	True	147.0	348.0	618	0	0	267	0	0	147	740	False	0		False
Paeruginosa	PA5335	rph	180	True	41.0	91.0	580	0	164	91	0	0	0	653	False	0		False
Paeruginosa	PA5343	oxyR	137	True	41.0	105.0	599	0	0	105	0	0	0	626	False	0		False
Paeruginosa	glcC	glcD	204	True	702.0	704.8	503	0	263	50	0	0	702	882	False	0		False
Paeruginosa	PA5359	phoB	104	True	41.0	41.0	543	0	0	0	0	0	0	543	False	0		False
Paeruginosa	PA5370	PA5371	287	True	41.0	41.0	504	0	0	0	0	0	0	504	False	0		False
Paeruginosa	betI	betT1	332	True	893.0	908.7	399	0	0	182	0	0	893	943	False	0		False
Paeruginosa	PA5378	sdaB	463	True	41.0	384.0	0	0	0	384	0	0	0	384	False	0		False
Paeruginosa	PA5382	PA5383	107	True	41.0	41.0	548	0	371	0	0	0	0	703	False	0		False
Paeruginosa	PA5388	cdhR	210	True	882.0	883.4	519	0	232	52	0	0	882	953	False	0		False
Paeruginosa	PA5395	cls	153	True	41.0	52.0	522	0	0	52	0	0	0	527	False	0		False
Paeruginosa	gbcA	gbcB	424	True	897.0	985.9	186	195	768	869	0	0	897	997	False	0		False
Paeruginosa	PA5414	glyA1	215	True	41.0	41.0	482	0	0	0	0	0	0	482	False	0		False
Paeruginosa	adhA	purE	347	True	77.0	77.0	447	0	0	0	0	0	77	468	False	0		False
Paeruginosa	PA5428	aspA	175	True	41.0	61.0	551	0	0	61	0	0	0	561	False	0		False
Paeruginosa	PA5431	PA5432	127	True	41.0	52.0	557	0	0	52	0	0	0	562	False	0		False
Paeruginosa	PA5436	PA5437	213	True	71.0	71.0	561	0	0	0	71	0	0	575	False	0		False
Paeruginosa	PA5438	PA5439	85	True	134.0	177.3	588	0	0	89	0	0	134	647	False	0		False
Paeruginosa	PA5442	uvrD	176	True	41.0	41.0	537	0	0	0	0	0	0	536	False	0		False
Paeruginosa	PA5455	rmd	407	True	884.0	901.5	47	0	0	186	0	0	884	902	False	0		False
Paeruginosa	PA5465	PA5466	67	True	41.0	100.0	621	0	0	100	0	0	0	645	False	0		False
Paeruginosa	PA5472	PA5473	353	True	92.0	92.0	347	0	0	0	92	0	0	381	False	0		False
Paeruginosa	PA5477	citA	373	True	41.0	136.0	327	0	0	136	0	0	0	394	False	0		False
Paeruginosa	PA5482	algB	474	True	41.0	55.0	168	0	0	55	0	0	0	180	False	0		False
Paeruginosa	PA5491	PA5492	183	True	41.0	74.0	579	0	0	74	0	0	0	593	False	0		False
Paeruginosa	PA5494	polA	77	True	41.0	59.0	637	0	0	59	0	0	0	644	False	0		False
Paeruginosa	PA5498	np20	69	True	351.0	735.4	621	0	244	609	0	0	351	917	False	0		False
Paeruginosa	mifS	poxA	81	True	497.0	532.7	551	0	0	109	0	0	497	781	False	0		False
Paeruginosa	PA5515	pdxY	32	True	41.0	41.0	629	0	0	0	0	0	0	629	False	0		False
Paeruginosa	PA5519	PA5520	76	True	41.0	41.0	586	0	0	0	0	0	0	586	False	0		False
Paeruginosa	PA5523	PA5524	157	True	55.0	69.8	530	0	0	56	0	0	55	544	False	0		False
Paeruginosa	PA5528	PA5529	361	True	41.0	95.0	339	0	0	95	0	0	0	376	False	0		False
Paeruginosa	PA5536	PA5537	112	True	41.0	351.0	547	0	0	351	0	0	0	693	False	0		False
Paeruginosa	PA5539	amiA	99	True	698.0	924.1	579	0	0	759	0	0	698	966	False	0		False
Paeruginosa	PA5546	PA5547	237	True	41.0	41.0	465	0	0	0	0	0	0	465	False	0		False
Saureus	SAOUHSC_00007	SAOUHSC_00008	436	True	394.0	394.0	525	0	0	0	0	0	394	699	False	0		False
Saureus	SAOUHSC_00034	SAOUHSC_00035	136	True	41.0	41.0	691	0	0	0	0	0	0	690	False	0		False
Saureus	SAOUHSC_00039	SAOUHSC_00040	362	True	41.0	41.0	338	0	0	0	0	0	0	338	False	0		False
Saureus	SAOUHSC_00043	SAOUHSC_00044	112	True	41.0	41.0	540	0	184	0	0	0	0	608	False	0		False
Saureus	SAOUHSC_00045	SAOUHSC_00046	90	True	41.0	41.0	561	0	0	0	0	0	0	561	False	0		False
Saureus	SAOUHSC_00062	SAOUHSC_00064	112	True	41.0	41.0	540	0	297	0	0	0	0	663	False	0		False
Saureus	SAOUHSC_00074	SAOUHSC_00075	365	True	41.0	41.0	335	0	0	0	0	0	0	335	False	0		False
Saureus	SAOUHSC_00096	SAOUHSC_00097	235	True	41.0	41.0	467	0	0	0	0	0	0	468	False	0		False
Saureus	SAOUHSC_00105	SAOUHSC_00106	228	True	41.0	41.0	577	0	479	0	0	0	0	770	False	0		False
Saureus	SAOUHSC_00131	SAOUHSC_00132	426	True	41.0	41.0	0	0	0	0	0	0	0	0	False	0		False
Saureus	SAOUHSC_00134	SAOUHSC_00135	178	True	41.0	41.0	508	0	0	0	0	0	0	508	False	0		False
Saureus	SAOUHSC_00153	SAOUHSC_00154	193	True	41.0	41.0	498	0	0	0	0	0	0	498	False	0		False
Saureus	SAOUHSC_00161	SAOUHSC_00162	212	True	41.0	41.0	485	0	0	0	0	0	0	485	False	0		False
Saureus	SAOUHSC_00173	SAOUHSC_00174	208	True	41.0	41.0	488	0	0	0	0	0	0	488	False	0		False
Saureus	SAOUHSC_00182	uhpT	154	True	41.0	41.0	521	0	0	0	0	0	0	521	False	0		False
Saureus	SAOUHSC_00191	SAOUHSC_00192	189	True	41.0	41.0	501	0	0	0	0	0	0	501	False	0		False
Saureus	SAOUHSC_00199	SAOUHSC_00200	440	True	41.0	41.0	0	0	0	0	0	0	0	0	False	0		False
Saureus	SAOUHSC_00204	SAOUHSC_00205	154	True	41.0	41.0	521	0	0	0	0	0	0	521	False	0		False
Saureus	SAOUHSC_00209	SAOUHSC_00211	361	True	41.0	41.0	339	0	0	0	0	0	0	339	False	0		False
Saureus	SAOUHSC_00234	SAOUHSC_00235	148	True	121.5	127.0	552	0	0	47	0	48	115	592	False	0		False
Saureus	SAOUHSC_00237	SAOUHSC_00238	18	True	41.0	41.0	568	0	0	0	0	0	0	568	False	0		False
Saureus	SAOUHSC_00242	SAOUHSC_00243	150	True	41.0	41.0	523	0	0	0	0	0	0	523	False	0		False
Saureus	SAOUHSC_00246	SAOUHSC_00247	233	True	41.0	41.0	468	0	0	0	0	0	0	468	False	0		False
Saureus	SAOUHSC_00253	SAOUHSC_00254	270	True	41.0	41.0	434	0	0	0	0	0	0	434	False	0		False
Saureus	SAOUHSC_00256	SAOUHSC_00257	247	True	286.0	286.0	552	0	240	0	0	0	286	736	False	0		False
Saureus	SAOUHSC_00295	SAOUHSC_00296	157	True	594.8	861.0	743	0	636	671	0	579	77	985	False	0		False
Saureus	SAOUHSC_00297	SAOUHSC_00298	139	True	46.0	46.0	747	0	407	0	0	0	46	844	False	0		False
Saureus	SAOUHSC_00299	SAOUHSC_00300	417	True	41.0	41.0	0	0	0	0	0	0	0	0	False	0		False
Saureus	SAOUHSC_00302	SAOUHSC_00303	95	True	41.0	41.0	546	0	0	0	0	0	0	546	False	0		False
Saureus	SAOUHSC_00313	SAOUHSC_00314	211	True	41.0	45.0	485	0	0	45	0	0	0	488	False	0		False
Saureus	SAOUHSC_00317	SAOUHSC_00318	307	True	41.0	54.0	395	0	0	54	0	0	0	403	False	0		False
Saureus	SAOUHSC_00330	SAOUHSC_00331	240	True	41.0	41.0	462	0	0	0	0	0	0	462	False	0		False
Saureus	SAOUHSC_00347	rpsF	243	True	41.0	41.0	459	0	0	0	0	0	0	459	False	0		False
Saureus	SAOUHSC_00353	SAOUHSC_00354	359	True	41.0	41.0	341	0	0	0	0	0	0	341	False	0		False
Saureus	SAOUHSC_00357	SAOUHSC_00358	299	True	41.0	41.0	404	0	0	0	0	0	0	404	False	0		False
Saureus	SAOUHSC_00359	SAOUHSC_A00354	177	True	41.0	41.0	508	0	0	0	0	0	0	508	False	0		False
Saureus	SAOUHSC_00365	SAOUHSC_00366	491	True	41.0	41.0	0	0	0	0	0	0	0	0	False	0		False
Saureus	SAOUHSC_00367	SAOUHSC_00368	84	True	41.0	41.0	550	0	0	0	0	0	0	550	False	0		False
Saureus	SAOUHSC_00382	SAOUHSC_00383	471	True	41.0	41.0	0	0	0	0	0	0	0	0	False	0		False
Saureus	SAOUHSC_00396	SAOUHSC_00397	161	True	41.0	41.0	517	0	0	0	0	0	0	517	False	0		False
Saureus	SAOUHSC_00401	SAOUHSC_00402	337	True	611.0	611.0	363	0	0	0	0	0	611	741	False	0		False
Saureus	SAOUHSC_00409	SAOUHSC_00410	118	True	41.0	41.0	538	0	0	0	0	0	0	538	False	0		False
Saureus	SAOUHSC_00415	SAOUHSC_00416	37	True	41.0	41.0	580	0	0	0	0	0	0	580	False	0		False
Saureus	SAOUHSC_00428	SAOUHSC_00429	148	True	41.0	41.0	745	0	0	0	0	0	0	745	False	0		False
Saureus	SAOUHSC_00434	SAOUHSC_00435	180	True	468.0	470.2	737	0	0	45	0	0	468	855	False	0		False
Saureus	SAOUHSC_00497	SAOUHSC_00499	103	True	161.0	176.7	636	0	0	59	0	0	161	688	False	0		False
Saureus	SAOUHSC_00501	SAOUHSC_00502	157	True	41.0	41.0	613	0	0	0	0	0	0	613	False	0		False
Saureus	SAOUHSC_00531	SAOUHSC_00532	170	True	41.0	41.0	740	0	0	0	0	0	0	740	False	0		False
Saureus	SAOUHSC_00540	SAOUHSC_00541	66	True	41.0	41.0	676	0	0	0	0	0	0	676	False	0		False
Saureus	SAOUHSC_00551	SAOUHSC_00552	275	True	192.0	192.0	703	0	0	0	0	192	0	749	False	0		False
Saureus	SAOUHSC_00562	SAOUHSC_00564	183	True	41.0	41.0	737	0	0	0	0	0	0	736	False	0		False
Saureus	SAOUHSC_00573	eutD	167	True	41.0	41.0	741	0	0	0	0	0	0	740	False	0		False
Saureus	SAOUHSC_00582	SAOUHSC_00583	81	True	41.0	41.0	551	0	0	0	0	0	0	551	False	0		False
Saureus	SAOUHSC_00622	SAOUHSC_00624	261	True	41.0	41.0	709	0	0	0	0	0	0	709	False	0		False
Saureus	SAOUHSC_00637	SAOUHSC_00638	121	True	448.9	515.6	751	0	159	157	0	278	268	889	False	0		False
Saureus	SAOUHSC_00639	SAOUHSC_00640	235	True	41.0	41.0	513	0	0	0	0	0	0	514	False	0		False
Saureus	SAOUHSC_00641	SAOUHSC_00642	346	True	998.4	999.8	562	0	774	863	792	988	412	999	False	0		False
Saureus	SAOUHSC_00646	SAOUHSC_00647	420	True	41.0	41.0	525	0	0	0	0	0	0	525	False	0		False
Saureus	SAOUHSC_00663	SAOUHSC_00664	112	True	41.0	41.0	752	0	0	0	0	0	0	752	False	0		False
Saureus	SAOUHSC_00671	SAOUHSC_00672	360	True	41.0	41.0	469	0	0	0	0	0	0	469	False	0		False
Saureus	SAOUHSC_00683	SAOUHSC_00684	126	True	41.0	41.0	534	0	0	0	0	0	0	534	False	0		False
Saureus	SAOUHSC_00691	SAOUHSC_00692	218	True	41.0	41.0	726	0	0	0	0	0	0	725	False	0		False
Saureus	SAOUHSC_00694	SAOUHSC_00695	226	True	41.0	41.0	723	0	0	0	0	0	0	723	False	0		False
Saureus	SAOUHSC_00702	SAOUHSC_00703	208	True	41.0	41.0	594	0	0	0	0	0	0	593	False	0		False
Saureus	SAOUHSC_00721	SAOUHSC_00722	350	True	41.0	41.0	668	0	0	0	0	0	0	667	False	0		False
Saureus	SAOUHSC_00736	SAOUHSC_00737	90	True	41.0	41.0	548	0	0	0	0	0	0	548	False	0		False
Saureus	SAOUHSC_00753	SAOUHSC_00754	119	True	41.0	41.0	751	0	0	0	0	0	0	751	False	0		False
Saureus	SAOUHSC_00760	SAOUHSC_00762	317	True	41.0	47.0	683	0	0	47	0	0	0	685	False	0		False
Saureus	SAOUHSC_00763	SAOUHSC_00764	143	True	41.0	41.0	660	0	0	0	0	0	0	659	False	0		False
Saureus	SAOUHSC_00786	SAOUHSC_00787	194	True	41.0	41.0	410	0	0	0	0	0	0	410	False	0		False
Saureus	SAOUHSC_T0005	clpP	186	False											False	0		False
Saureus	SAOUHSC_00808	SAOUHSC_00809	435	True	41.0	41.0	0	0	0	0	0	0	0	0	False	0		False
Saureus	SAOUHSC_00824	SAOUHSC_00825	340	True	41.0	41.0	360	0	0	0	0	0	0	360	False	0		False
Saureus	SAOUHSC_00826	SAOUHSC_00827	245	True	41.0	41.0	525	0	0	0	0	0	0	525	False	0		False
Saureus	SAOUHSC_00831	SAOUHSC_00832	147	True	41.0	41.0	746	0	0	0	0	0	0	745	False	0		False
Saureus	SAOUHSC_00834	SAOUHSC_00835	143	True	58.0	61.9	746	0	0	45	0	0	58	752	False	0		False
Saureus	SAOUHSC_00846	SAOUHSC_00847	327	True	41.0	41.0	678	0	0	0	0	0	0	678	False	0		False
Saureus	SAOUHSC_00853	SAOUHSC_00854	364	True	41.0	41.0	336	0	0	0	0	0	0	336	False	0		False
Saureus	SAOUHSC_00863	SAOUHSC_00864	97	True	41.0	41.0	755	0	654	0	0	0	0	911	False	0		False
Saureus	SAOUHSC_00873	SAOUHSC_00874	100	True	41.0	41.0	755	0	0	0	0	0	0	754	False	0		False
Saureus	SAOUHSC_00875	SAOUHSC_00876	316	True	77.0	77.0	683	0	157	0	0	0	77	732	False	0		False
Saureus	SAOUHSC_00890	SAOUHSC_00891	63	True	41.0	41.0	760	0	0	0	0	0	0	759	False	0		False
Saureus	SAOUHSC_00899	pgi	350	True	122.0	122.0	668	0	0	0	0	0	122	695	False	0		False
Saureus	SAOUHSC_00909	SAOUHSC_00910	155	True	41.0	88.0	744	0	0	88	0	0	0	756	False	0		False
Saureus	SAOUHSC_00913	SAOUHSC_00914	109	True	41.0	41.0	541	0	0	0	0	0	0	541	False	0		False
Saureus	SAOUHSC_00919	SAOUHSC_00920	294	True	41.0	41.0	694	0	0	0	0	0	0	693	False	0		False
Saureus	SAOUHSC_00922	SAOUHSC_00923	242	True	41.0	41.0	717	0	0	0	0	0	0	717	False	0		False
Saureus	SAOUHSC_00933	spxA	294	True	41.0	54.0	447	0	0	54	0	0	0	454	False	0		False
Saureus	SAOUHSC_00940	SAOUHSC_00941	185	True	41.0	41.0	736	0	0	0	0	0	0	736	False	0		False
Saureus	SAOUHSC_00948	SAOUHSC_00949	341	True	41.0	41.0	672	0	0	0	0	0	0	671	False	0		False
Saureus	SAOUHSC_00953	SAOUHSC_00954	432	True	420.0	530.1	126	0	276	223	284	192	78	676	False	0		False
Saureus	SAOUHSC_00961	SAOUHSC_00962	248	True	41.0	41.0	489	0	0	0	0	0	0	488	False	0		False
Saureus	SAOUHSC_00963	SAOUHSC_00964	198	True	41.0	41.0	732	0	0	0	0	0	0	732	False	0		False
Saureus	SAOUHSC_00971	SAOUHSC_00972	278	True	41.0	41.0	426	0	0	0	0	0	0	426	False	0		False
Saureus	SAOUHSC_00978	SAOUHSC_00979	89	True	41.0	41.0	641	0	159	0	0	0	0	685	False	0		False
Saureus	SAOUHSC_00980	SAOUHSC_00981	150	True	41.0	41.0	523	0	0	0	0	0	0	523	False	0		False
Saureus	SAOUHSC_00991	SAOUHSC_00992	152	True	444.0	444.0	744	0	259	0	0	0	444	885	False	0		False
Saureus	SAOUHSC_00997	SAOUHSC_00998	450	True	41.0	41.0	0	0	0	0	0	0	0	0	False	0		False
Saureus	SAOUHSC_01002	SAOUHSC_01003	301	True	41.0	41.0	401	0	0	0	0	0	0	401	False	0		False
Saureus	SAOUHSC_01007	SAOUHSC_01008	263	True	41.0	436.0	708	0	0	436	0	0	0	828	False	0		False
Saureus	SAOUHSC_01022	SAOUHSC_01023	363	True	41.0	41.0	337	0	0	0	0	0	0	337	False	0		False
Saureus	SAOUHSC_01024	SAOUHSC_01025	151	True	41.0	41.0	523	0	0	0	0	0	0	523	False	0		False
Saureus	SAOUHSC_01030	SAOUHSC_01031	197	True	41.0	41.0	732	0	0	0	0	0	0	733	False	0		False
Saureus	SAOUHSC_01039	def	364	True	41.0	41.0	661	0	0	0	0	0	0	661	False	0		False
Saureus	SAOUHSC_01054	SAOUHSC_01055	156	True	41.0	41.0	743	0	0	0	0	0	0	743	False	0		False
Saureus	SAOUHSC_01055a	SAOUHSC_01058	101	False											False	0		False
Saureus	SAOUHSC_01061	SAOUHSC_01062	140	True	41.0	41.0	747	0	163	0	0	0	0	779	False	0		False
Saureus	SAOUHSC_01065	SAOUHSC_01066	280	True	992.8	997.0	692	0	517	595	648	941	681	999	False	0		False
Saureus	SAOUHSC_01071	SAOUHSC_01072	238	True	41.0	41.0	718	0	0	0	0	0	0	718	False	0		False
Saureus	SAOUHSC_01073	SAOUHSC_01074	141	True	41.0	41.0	746	0	0	0	0	0	0	747	False	0		False
Saureus	SAOUHSC_01076	SAOUHSC_01077	126	True	41.0	41.0	750	0	0	0	0	0	0	750	False	0		False
Saureus	SAOUHSC_01081	SAOUHSC_01082	208	True	613.0	722.4	521	0	0	312	0	0	613	861	False	0		False
Saureus	SAOUHSC_01095	SAOUHSC_01096	369	True	41.0	59.0	659	0	178	59	0	0	0	713	False	0		False
Saureus	SAOUHSC_01101	uvrC	165	True	41.0	41.0	467	0	0	0	0	0	0	467	False	0		False
Saureus	SAOUHSC_01127	SAOUHSC_01128	437	True	41.0	41.0	0	0	0	0	0	0	0	0	False	0		False
Saureus	SAOUHSC_01133	SAOUHSC_01134	248	True	41.0	41.0	455	0	0	0	0	0	0	455	False	0		False
Saureus	SAOUHSC_01135	SAOUHSC_T0006	363	False											False	0		False
Saureus	SAOUHSC_01138	SAOUHSC_01139	194	True	41.0	41.0	512	0	0	0	0	0	0	513	False	0		False
Saureus	SAOUHSC_01175	gmk	274	True	41.0	41.0	538	0	0	0	0	0	0	537	False	0		False
Saureus	SAOUHSC_01181	SAOUHSC_01182	223	True	41.0	41.0	476	0	0	0	0	0	0	476	False	0		False
Saureus	SAOUHSC_01192	rpmB	442	True	41.0	41.0	294	0	0	0	0	0	0	294	False	0		False
Saureus	SAOUHSC_01200	acpP	21	True	41.0	41.0	567	0	0	0	0	0	0	567	False	0		False
Saureus	SAOUHSC_01213	rbgA	400	True	41.0	41.0	0	0	0	0	0	0	0	0	False	0		False
Saureus	SAOUHSC_01264	SAOUHSC_01265	173	True	41.0	41.0	521	0	0	0	0	0	0	520	False	0		False
Saureus	SAOUHSC_01282	SAOUHSC_01283	111	True	41.0	41.0	752	0	0	0	0	0	0	752	False	0		False
Saureus	SAOUHSC_01307	SAOUHSC_1307a	269	False											False	0		False
Saureus	SAOUHSC_01315	SAOUHSC_01316	138	True	41.0	41.0	748	0	0	0	0	0	0	747	False	0		False
Saureus	SAOUHSC_01317	SAOUHSC_01318	330	True	41.0	41.0	370	0	0	0	0	0	0	370	False	0		False
Saureus	SAOUHSC_01319	SAOUHSC_01320	190	True	617.7	677.9	574	28	297	192	425	278	153	895	False	0		False
Saureus	SAOUHSC_01326	SAOUHSC_01327	299	True	41.0	41.0	517	0	0	0	0	0	0	517	False	0		False
Saureus	SAOUHSC_01331	SAOUHSC_01332	73	True	41.0	41.0	554	0	0	0	0	0	0	554	False	0		False
Saureus	SAOUHSC_01333	SAOUHSC_01334	142	True	194.0	194.0	619	0	0	0	0	0	194	680	False	0		False
Saureus	SAOUHSC_01346	SAOUHSC_1342a	203	False											False	0		False
Saureus	SAOUHSC_01350	SAOUHSC_01351	205	True	44.0	44.0	730	0	0	0	0	0	44	730	False	0		False
Saureus	SAOUHSC_01353	SAOUHSC_01354	23	True	41.0	41.0	567	0	0	0	0	0	0	567	False	0		False
Saureus	SAOUHSC_01360	SAOUHSC_01361	136	True	41.0	41.0	748	0	0	0	0	0	0	748	False	0		False
Saureus	SAOUHSC_01362	SAOUHSC_01363	147	True	41.0	41.0	746	0	0	0	0	0	0	745	False	0		False
Saureus	SAOUHSC_01364	SAOUHSC_01365	164	True	41.0	41.0	742	0	0	0	0	0	0	741	False	0		False
Saureus	SAOUHSC_01382	SAOUHSC_01383	204	True	41.0	41.0	730	0	0	0	0	0	0	730	False	0		False
Saureus	SAOUHSC_01391	SAOUHSC_01392	146	True	41.0	41.0	746	0	317	0	0	0	0	819	False	0		False
Saureus	SAOUHSC_01405	SAOUHSC_01406	162	True	41.0	54.0	742	0	0	54	0	0	0	745	False	0		False
Saureus	SAOUHSC_01439	SAOUHSC_01440	217	True	41.0	41.0	726	0	0	0	0	0	0	726	False	0		False
Saureus	SAOUHSC_01441	SAOUHSC_01443	344	True	41.0	41.0	334	0	0	0	0	0	0	334	False	0		False
Saureus	SAOUHSC_01455	SAOUHSC_01456	303	True	41.0	41.0	399	0	0	0	0	0	0	399	False	0		False
Saureus	SAOUHSC_01464	recU	488	True	41.0	41.0	675	0	0	0	0	0	0	674	False	0		False
Saureus	SAOUHSC_01497	cmk	76	True	41.0	58.0	736	0	0	58	0	0	0	741	False	0		False
Saureus	SAOUHSC_01503	SAOUHSC_01504	131	True	41.0	41.0	749	0	0	0	0	0	0	748	False	0		False
Saureus	SAOUHSC_01543	SAOUHSC_01544	133	True	41.0	41.0	531	0	0	0	0	0	0	531	False	0		False
Saureus	SAOUHSC_01571	SAOUHSC_01572	54	True	41.0	41.0	559	0	0	0	0	0	0	559	False	0		False
Saureus	SAOUHSC_01580	SAOUHSC_01582	125	True	41.0	41.0	0	0	0	0	0	0	0	0	False	0		False
Saureus	SAOUHSC_01589	SAOUHSC_01590	91	True	41.0	41.0	756	0	0	0	0	0	0	755	False	0		False
Saureus	SAOUHSC_01593	SAOUHSC_01594	81	True	41.0	41.0	576	0	0	0	0	0	0	576	False	0		False
Saureus	SAOUHSC_01596	SAOUHSC_01597	171	True	41.0	41.0	740	0	0	0	0	0	0	740	False	0		False
Saureus	SAOUHSC_01598	SAOUHSC_01599	312	True	41.0	47.0	686	0	0	47	0	0	0	687	False	0		False
Saureus	SAOUHSC_01606	SAOUHSC_01607	262	True	41.0	41.0	442	0	0	0	0	0	0	442	False	0		False
Saureus	SAOUHSC_01626	SAOUHSC_01627	104	True	41.0	41.0	754	0	0	0	0	0	0	753	False	0		False
Saureus	SAOUHSC_01629	SAOUHSC_01630	157	True	41.0	51.0	743	0	0	51	0	0	0	745	False	0		False
Saureus	SAOUHSC_01665	SAOUHSC_01666	418	True	41.0	41.0	0	0	0	0	0	0	0	0	False	0		False
Saureus	SAOUHSC_01688	rpsT	345	True	848.0	850.4	670	0	0	56	848	0	0	948	False	0		False
Saureus	SAOUHSC_01702	SAOUHSC_01704	313	True	41.0	41.0	451	0	0	0	0	0	0	451	False	0		False
Saureus	SAOUHSC_01727	SAOUHSC_01728	311	True	41.0	41.0	686	0	0	0	0	0	0	685	False	0		False
Saureus	SAOUHSC_01761	SAOUHSC_01761a	159	False											False	0		False
Saureus	SAOUHSC_01764	SAOUHSC_01765	101	True	41.0	41.0	544	0	0	0	0	0	0	544	False	0		False
Saureus	SAOUHSC_01768	valS	402	True	41.0	41.0	239	0	0	0	0	0	0	238	False	0		False
Saureus	SAOUHSC_01782	SAOUHSC_01783	76	True	41.0	41.0	0	0	0	0	0	0	0	0	False	0		False
Saureus	SAOUHSC_01813	SAOUHSC_01814	204	True	41.0	41.0	730	0	0	0	0	0	0	730	False	0		False
Saureus	SAOUHSC_01815	SAOUHSC_01816	174	True	41.0	41.0	739	0	205	0	0	0	0	783	False	0		False
Saureus	SAOUHSC_01818	SAOUHSC_01819	140	True	41.0	41.0	747	0	0	0	0	0	0	747	False	0		False
Saureus	SAOUHSC_01825	SAOUHSC_01826	148	True	41.0	41.0	524	0	0	0	0	0	0	524	False	0		False
Saureus	SAOUHSC_01827	SAOUHSC_01828	136	True	41.0	41.0	560	0	0	0	0	0	0	560	False	0		False
Saureus	SAOUHSC_01830	SAOUHSC_01831	79	True	41.0	41.0	758	0	0	0	0	0	0	757	False	0		False
Saureus	SAOUHSC_01837	SAOUHSC_01838	171	True	136.9	136.9	740	0	0	0	125	0	54	766	False	0		False
Saureus	SAOUHSC_01839	SAOUHSC_01840	381	True	41.0	41.0	636	0	0	0	0	0	0	636	False	0		False
Saureus	SAOUHSC_01846	SAOUHSC_01847	168	True	72.0	127.2	577	0	436	98	0	0	72	773	False	0		False
Saureus	SAOUHSC_01861	SAOUHSC_01863	86	True	41.0	41.0	756	0	0	0	0	0	0	756	False	0		False
Saureus	SAOUHSC_01871	SAOUHSC_01872	406	True	41.0	45.0	525	0	0	45	0	0	0	526	False	0		False
Saureus	SAOUHSC_01876	SAOUHSC_01877	109	True	41.0	57.0	753	0	0	57	0	0	0	757	False	0		False
Saureus	SAOUHSC_01883	SAOUHSC_01884	111	True	41.0	41.0	540	0	0	0	0	0	0	540	False	0		False
Saureus	SAOUHSC_01896	SAOUHSC_01897	198	True	41.0	41.0	732	0	0	0	0	0	0	732	False	0		False
Saureus	SAOUHSC_01899	SAOUHSC_01900	295	True	41.0	41.0	408	0	0	0	0	0	0	408	False	0		False
Saureus	SAOUHSC_01901	SAOUHSC_01902	259	True	41.0	41.0	710	0	0	0	0	0	0	710	False	0		False
Saureus	SAOUHSC_01909	SAOUHSC_01910	370	True	41.0	41.0	648	0	0	0	0	0	0	648	False	0		False
Saureus	SAOUHSC_01913	SAOUHSC_01914	65	True	41.0	47.0	556	0	0	47	0	0	0	559	False	0		False
Saureus	SAOUHSC_01917	SAOUHSC_01918	302	True	41.0	41.0	400	0	0	0	0	0	0	400	False	0		False
Saureus	SAOUHSC_01928	SAOUHSC_01929	420	True	41.0	41.0	0	0	0	0	0	0	0	0	False	0		False
Saureus	SAOUHSC_01936	SAOUHSC_01937	101	True	41.0	41.0	544	0	0	0	0	0	0	544	False	0		False
Saureus	SAOUHSC_01963	SAOUHSC_01964	162	True	41.0	41.0	517	0	0	0	0	0	0	517	False	0		False
Saureus	SAOUHSC_01967	SAOUHSC_01968	133	True	41.0	41.0	748	0	201	0	0	0	0	790	False	0		False
Saureus	SAOUHSC_01981	SAOUHSC_01982	162	True	41.0	41.0	742	0	160	0	0	0	0	774	False	0		False
Saureus	SAOUHSC_01984	SAOUHSC_01985	118	True	41.0	41.0	538	0	0	0	0	0	0	538	False	0		False
Saureus	SAOUHSC_01999	SAOUHSC_02000	80	True	41.0	41.0	733	0	0	0	0	0	0	733	False	0		False
Saureus	SAOUHSC_02005	SAOUHSC_02006	151	True	41.0	41.0	745	0	0	0	0	0	0	744	False	0		False
Saureus	SAOUHSC_02014	SAOUHSC_02015	326	True	41.0	41.0	375	0	0	0	0	0	0	375	False	0		False
Saureus	SAOUHSC_02083	SAOUHSC_02084	141	True	41.0	41.0	527	0	0	0	0	0	0	527	False	0		False
Saureus	SAOUHSC_02088	SAOUHSC_02089	111	True	41.0	41.0	540	0	0	0	0	0	0	540	False	0		False
Saureus	SAOUHSC_02093	SAOUHSC_02095	146	True	41.0	41.0	746	0	0	0	0	0	0	746	False	0		False
Saureus	SAOUHSC_02107	SAOUHSC_02108	291	True	41.0	41.0	695	0	0	0	0	0	0	695	False	0		False
Saureus	SAOUHSC_02109	SAOUHSC_02110	214	True	41.0	41.0	483	0	0	0	0	0	0	483	False	0		False
Saureus	SAOUHSC_02119	gatC	366	True	101.0	101.0	647	0	0	0	0	0	101	668	False	0		False
Saureus	SAOUHSC_02133	SAOUHSC_02134	183	True	41.0	41.0	594	0	0	0	0	0	0	594	False	0		False
Saureus	SAOUHSC_02138	SAOUHSC_02139	371	True	41.0	44.0	659	0	0	44	0	0	0	659	False	0		False
Saureus	SAOUHSC_02141	SAOUHSC_02142	51	True	41.0	41.0	560	0	0	0	0	0	0	560	False	0		False
Saureus	SAOUHSC_02143	SAOUHSC_02144	269	True	41.0	41.0	457	0	152	0	0	0	0	520	False	0		False
Saureus	SAOUHSC_02145	SAOUHSC_02146	450	True	41.0	41.0	0	0	0	0	0	0	0	0	False	0		False
Saureus	SAOUHSC_02149	SAOUHSC_02150	120	True	41.0	41.0	751	0	0	0	0	0	0	751	False	0		False
Saureus	SAOUHSC_02157	SAOUHSC_02158	199	True	41.0	41.0	556	0	0	0	0	0	0	556	False	0		False
Saureus	SAOUHSC_02174	SAOUHSC_02175	51	True	41.0	41.0	560	0	0	0	0	0	0	560	False	0		False
Saureus	SAOUHSC_02217	SAOUHSC_02218	65	True	41.0	41.0	556	0	0	0	0	0	0	556	False	0		False
Saureus	SAOUHSC_02225	SAOUHSC_02226	58	True	41.0	41.0	558	0	0	0	0	0	0	558	False	0		False
Saureus	SAOUHSC_02234	SAOUHSC_02235	158	True	41.0	41.0	519	0	0	0	0	0	0	519	False	0		False
Saureus	SAOUHSC_02238	SAOUHSC_02239	107	True	41.0	41.0	542	0	0	0	0	0	0	542	False	0		False
Saureus	SAOUHSC_02243	SAOUHSC_02244	434	True	41.0	41.0	0	0	0	0	0	0	0	0	False	0		False
Saureus	SAOUHSC_02246	SAOUHSC_02247	160	True	41.0	41.0	518	0	0	0	0	0	0	518	False	0		False
Saureus	SAOUHSC_02256	groES	174	True	41.0	41.0	739	0	0	0	0	0	0	739	False	0		False
Saureus	SAOUHSC_02257	SAOUHSC_02258	196	True	41.0	41.0	496	0	0	0	0	0	0	496	False	0		False
Saureus	SAOUHSC_02260	SAOUHSC_02261	235	True	509.0	587.3	466	0	0	194	0	0	509	770	False	0		False
Saureus	SAOUHSC_02273	SAOUHSC_02274	252	True	41.0	41.0	713	0	0	0	0	0	0	712	False	0		False
Saureus	SAOUHSC_02275	SAOUHSC_02276	88	True	41.0	41.0	549	0	0	0	0	0	0	549	False	0		False
Saureus	SAOUHSC_02280	SAOUHSC_A02169	64	True	41.0	41.0	556	0	0	0	0	0	0	556	False	0		False
Saureus	SAOUHSC_02313	SAOUHSC_02314	137	True	41.0	41.0	529	0	0	0	0	0	0	529	False	0		False
Saureus	SAOUHSC_02319	ddl	317	True	153.0	312.0	683	0	415	221	0	0	153	861	False	0		False
Saureus	SAOUHSC_02322	SAOUHSC_02323	165	True	41.0	41.0	578	0	0	0	0	0	0	578	False	0		False
Saureus	SAOUHSC_02334	SAOUHSC_02335	130	True	41.0	41.0	723	0	0	0	0	0	0	723	False	0		False
Saureus	SAOUHSC_02366	SAOUHSC_02367	217	True	41.0	41.0	513	0	0	0	0	0	0	513	False	0		False
Saureus	SAOUHSC_02370	SAOUHSC_02371	423	True	41.0	41.0	662	0	420	0	0	0	0	795	False	0		False
Saureus	SAOUHSC_02374	SAOUHSC_02375	310	True	41.0	41.0	411	0	0	0	0	0	0	411	False	0		False
Saureus	SAOUHSC_02379	deoD	314	True	644.0	697.8	429	0	0	186	0	0	644	820	False	0		False
Saureus	SAOUHSC_02387	SAOUHSC_02388	151	True	41.0	41.0	627	0	0	0	0	0	0	627	False	0		False
Saureus	SAOUHSC_02393	SAOUHSC_02394	288	True	41.0	41.0	415	0	0	0	0	0	0	415	False	0		False
Saureus	SAOUHSC_02424	SAOUHSC_02425	176	True	41.0	41.0	725	0	0	0	0	0	0	724	False	0		False
Saureus	SAOUHSC_02430	SAOUHSC_02432	165	True	41.0	41.0	515	0	0	0	0	0	0	515	False	0		False
Saureus	SAOUHSC_02435	SAOUHSC_02436	101	True	41.0	41.0	754	0	0	0	0	0	0	754	False	0		False
Saureus	SAOUHSC_02456	SAOUHSC_02457	205	True	41.0	55.0	494	0	0	55	0	0	0	501	False	0		False
Saureus	SAOUHSC_02461	SAOUHSC_02462	243	True	41.0	41.0	459	0	0	0	0	0	0	459	False	0		False
Saureus	SAOUHSC_02468	SAOUHSC_02469	232	True	41.0	41.0	469	0	0	0	0	0	0	469	False	0		False
Saureus	SAOUHSC_02512a	SAOUHSC_02515	356	False											False	0		False
Saureus	SAOUHSC_02518	SAOUHSC_02519	65	True	41.0	41.0	556	0	0	0	0	0	0	556	False	0		False
Saureus	SAOUHSC_02522	SAOUHSC_02523	150	True	41.0	41.0	745	0	0	0	0	0	0	745	False	0		False
Saureus	SAOUHSC_02527	SAOUHSC_02528	388	True	41.0	41.0	570	0	0	0	0	0	0	570	False	0		False
Saureus	SAOUHSC_02529	SAOUHSC_02530	161	True	48.0	48.0	742	0	472	0	0	48	0	859	False	0		False
Saureus	SAOUHSC_02532	SAOUHSC_02533	125	True	41.0	41.0	535	0	0	0	0	0	0	535	False	0		False
Saureus	SAOUHSC_02542	moaC	62	True	261.0	650.9	760	0	774	547	0	0	261	979	False	0		False
Saureus	SAOUHSC_02549	SAOUHSC_02550	289	True	174.0	174.0	537	0	316	0	0	0	174	715	False	0		False
Saureus	SAOUHSC_02557	ureA	274	True	120.0	139.3	703	0	183	62	0	0	120	773	False	0		False
Saureus	SAOUHSC_02574	SAOUHSC_02575	247	True	41.0	41.0	715	0	0	0	0	0	0	714	False	0		False
Saureus	SAOUHSC_02584	SAOUHSC_02585	384	True	41.0	41.0	348	0	0	0	0	0	0	349	False	0		False
Saureus	SAOUHSC_02587	SAOUHSC_02588	48	True	41.0	41.0	572	0	0	0	0	0	0	572	False	0		False
Saureus	SAOUHSC_02590	SAOUHSC_02591	279	True	41.0	41.0	701	0	0	0	0	0	0	700	False	0		False
Saureus	SAOUHSC_02595	SAOUHSC_02596	266	True	41.0	41.0	707	0	0	0	0	0	0	707	False	0		False
Saureus	SAOUHSC_02597	SAOUHSC_02599	329	True	422.2	463.8	452	0	474	110	0	399	78	832	False	0		False
Saureus	SAOUHSC_02607	SAOUHSC_02608	159	True	41.0	41.0	743	0	0	0	0	0	0	743	False	0		False
Saureus	SAOUHSC_02610	SAOUHSC_02611	289	True	41.0	41.0	548	0	0	0	0	0	0	548	False	0		False
Saureus	SAOUHSC_02612	SAOUHSC_02613	173	True	41.0	41.0	739	0	0	0	0	0	0	739	False	0		False
Saureus	SAOUHSC_02620	SAOUHSC_02621	398	True	41.0	41.0	648	0	0	0	0	0	0	648	False	0		False
Saureus	SAOUHSC_02624	SAOUHSC_02625	96	True	41.0	41.0	714	0	0	0	0	0	0	714	False	0		False
Saureus	SAOUHSC_02627	SAOUHSC_02628	225	True	41.0	41.0	491	0	0	0	0	0	0	490	False	0		False
Saureus	SAOUHSC_02630	SAOUHSC_02631	120	True	49.0	49.0	751	0	0	0	0	0	49	753	False	0		False
Saureus	SAOUHSC_02641	SAOUHSC_02643	135	True	739.0	739.0	748	0	0	0	0	0	739	931	False	0		False
Saureus	SAOUHSC_02648	SAOUHSC_02649	316	True	41.0	41.0	385	0	0	0	0	0	0	385	False	0		False
Saureus	SAOUHSC_02651	SAOUHSC_02652	292	True	41.0	47.0	695	0	0	47	0	0	0	696	False	0		False
Saureus	SAOUHSC_02656	SAOUHSC_02657	51	True	41.0	41.0	560	0	0	0	0	0	0	560	False	0		False
Saureus	SAOUHSC_02658	SAOUHSC_02659	160	True	41.0	68.0	743	0	0	68	0	0	0	750	False	0		False
Saureus	SAOUHSC_02662	SAOUHSC_02663	183	True	41.0	41.0	585	0	0	0	0	0	0	585	False	0		False
Saureus	SAOUHSC_02668	SAOUHSC_02669	397	True	41.0	41.0	307	0	0	0	0	0	0	308	False	0		False
Saureus	SAOUHSC_02695	SAOUHSC_02696	266	True	41.0	41.0	560	0	0	0	0	0	0	560	False	0		False
Saureus	SAOUHSC_02701	SAOUHSC_02702	100	True	41.0	41.0	545	0	0	0	0	0	0	545	False	0		False
Saureus	SAOUHSC_02705	SAOUHSC_02706	94	True	41.0	41.0	547	0	0	0	0	0	0	547	False	0		False
Saureus	SAOUHSC_02722	SAOUHSC_02723	267	True	41.0	41.0	544	0	0	0	0	0	0	544	False	0		False
Saureus	SAOUHSC_02726	SAOUHSC_02727	199	True	41.0	46.0	526	0	0	46	0	0	0	529	False	0		False
Saureus	SAOUHSC_02728	SAOUHSC_02729	286	True	41.0	41.0	417	0	0	0	0	0	0	417	False	0		False
Saureus	SAOUHSC_02734	SAOUHSC_02736	33	True	41.0	41.0	565	0	0	0	0	0	0	565	False	0		False
Saureus	SAOUHSC_02747	SAOUHSC_02750	179	True	41.0	41.0	572	0	0	0	0	0	0	572	False	0		False
Saureus	SAOUHSC_02757	SAOUHSC_02759	358	True	41.0	41.0	390	0	0	0	0	0	0	390	False	0		False
Saureus	SAOUHSC_02760	SAOUHSC_02761	194	True	41.0	41.0	499	0	0	0	0	0	0	499	False	0		False
Saureus	SAOUHSC_02772	SAOUHSC_02773	331	True	41.0	41.0	229	0	0	0	0	0	0	228	False	0		False
Saureus	SAOUHSC_02778	SAOUHSC_02779	288	True	41.0	41.0	508	0	0	0	0	0	0	508	False	0		False
Saureus	SAOUHSC_02781	SAOUHSC_02782	434	True	41.0	41.0	0	0	0	0	0	0	0	0	False	0		False
Saureus	SAOUHSC_02791	SAOUHSC_02793	116	True	179.0	181.6	538	0	0	44	0	179	0	606	False	0		False
Saureus	SAOUHSC_02799	SAOUHSC_02800	361	True	205.0	205.0	339	0	0	0	0	0	205	452	False	0		False
Saureus	SAOUHSC_02819	SAOUHSC_02820	433	True	41.0	41.0	0	0	0	0	0	0	0	0	False	0		False
Saureus	SAOUHSC_02826	SAOUHSC_02827	226	True	41.0	41.0	575	0	151	0	0	0	0	624	False	0		False
Saureus	SAOUHSC_02829	SAOUHSC_02830	314	True	77.0	77.0	410	0	0	0	0	0	77	433	False	0		False
Saureus	SAOUHSC_02831	SAOUHSC_02832	320	True	41.0	41.0	381	0	0	0	0	0	0	381	False	0		False
Saureus	SAOUHSC_02834	SAOUHSC_02836	193	True	41.0	41.0	498	0	0	0	0	0	0	498	False	0		False
Saureus	SAOUHSC_02852	SAOUHSC_02853	217	True	41.0	41.0	495	0	0	0	0	0	0	495	False	0		False
Saureus	SAOUHSC_02859	SAOUHSC_02860	253	True	912.2	995.6	712	286	756	952	0	886	261	999	False	0		False
Saureus	SAOUHSC_02861	SAOUHSC_02862	408	True	41.0	41.0	0	0	0	0	0	0	0	0	False	0		False
Saureus	SAOUHSC_02866	SAOUHSC_02867	165	True	41.0	45.0	741	0	0	45	0	0	0	742	False	0		False
Saureus	SAOUHSC_02871	SAOUHSC_02872	238	True	41.0	41.0	464	0	0	0	0	0	0	464	False	0		False
Saureus	SAOUHSC_02896	SAOUHSC_02897	130	True	41.0	41.0	635	0	0	0	0	0	0	636	False	0		False
Saureus	SAOUHSC_02908	SAOUHSC_02909	217	True	126.0	126.0	547	0	0	0	126	0	0	587	False	0		False
Saureus	SAOUHSC_02911	SAOUHSC_02912	353	True	41.0	41.0	354	0	0	0	0	0	0	353	False	0		False
Saureus	SAOUHSC_02914	SAOUHSC_02915	56	True	41.0	41.0	0	0	0	0	0	0	0	0	False	0		False
Saureus	SAOUHSC_02920	panB	99	True	975.3	975.3	755	0	160	0	0	941	598	994	False	0		False
Saureus	SAOUHSC_02924	SAOUHSC_02925	257	True	41.0	41.0	489	0	0	0	0	0	0	489	False	0		False
Saureus	SAOUHSC_02927	SAOUHSC_02928	295	True	41.0	41.0	408	0	0	0	0	0	0	408	False	0		False
Saureus	SAOUHSC_02933	SAOUHSC_02934	68	True	41.0	41.0	555	0	0	0	0	0	0	555	False	0		False
Saureus	SAOUHSC_02937	SAOUHSC_02939	131	True	41.0	41.0	524	0	0	0	0	0	0	524	False	0		False
Saureus	SAOUHSC_02947	SAOUHSC_02948	194	True	41.0	41.0	497	0	0	0	0	0	0	497	False	0		False
Saureus	SAOUHSC_02957	SAOUHSC_02958	197	True	41.0	41.0	449	0	0	0	0	0	0	449	False	0		False
Saureus	SAOUHSC_02972	SAOUHSC_02973	257	True	41.0	41.0	467	0	0	0	0	0	0	467	False	0		False
Saureus	SAOUHSC_02978	SAOUHSC_02979	210	True	41.0	41.0	605	0	178	0	0	0	0	661	False	0		False
Saureus	SAOUHSC_02991	SAOUHSC_02992	265	True	41.0	41.0	439	0	0	0	0	0	0	439	False	0		False
Saureus	SAOUHSC_03001	SAOUHSC_03002	163	True	843.0	843.0	584	0	0	0	0	0	843	932	False	0		False
Saureus	SAOUHSC_03021	SAOUHSC_03022	379	True	41.0	41.0	322	0	0	0	0	0	0	322	False	0		False
Saureus	SAOUHSC_03023	SAOUHSC_03024	243	True	41.0	41.0	487	0	0	0	0	0	0	487	False	0		False
Saureus	SAOUHSC_03027	SAOUHSC_03028	166	True	41.0	41.0	515	0	0	0	0	0	0	515	False	0		False
Saureus	SAOUHSC_03031	SAOUHSC_03032	224	True	41.0	41.0	475	0	0	0	0	0	0	475	False	0		False
Saureus	SAOUHSC_03035	SAOUHSC_03036	282	True	41.0	41.0	422	0	0	0	0	0	0	422	False	0		False
Saureus	SAOUHSC_03041	SAOUHSC_03042	78	True	613.0	613.0	552	0	0	0	0	0	613	819	False	0		False
Spyogenes	purD	scrM	252	True	41.0	72.0	461	0	0	72	0	0	0	479	False	0		False
Spyogenes	pbp1b	tyrS	103	True	41.0	54.0	598	0	0	54	0	0	0	604	False	0		False
Spyogenes	B6D67_RS00710	pepA	464	True	41.0	41.0	157	0	0	0	0	0	0	156	False	0		False
Spyogenes	cpa	rofA	262	False											False	0		False
Spyogenes	B6D67_RS00805	B6D67_RS00810	348	True	41.0	41.0	347	0	0	0	0	0	0	347	False	0		False
Spyogenes	B6D67_RS00835	B6D67_RS00840	173	True	43.0	174.7	570	0	273	173	0	0	43	719	False	0		False
Spyogenes	B6D67_RS00900	B6D67_RS00905	437	True	41.0	41.0	157	0	0	0	0	0	0	156	False	0		False
Spyogenes	B6D67_RS00950	B6D67_RS00955	483	False											False	0		False
Spyogenes	B6D67_RS01070	nadC	223	True	57.0	57.0	480	0	0	0	0	0	57	489	False	0		False
Spyogenes	B6D67_RS01085	tgt	218	True	41.0	41.0	542	0	0	0	0	0	0	542	False	0		False
Spyogenes	B6D67_RS01115	ffs	199	False											False	0		False
Spyogenes	B6D67_RS01160	B6D67_RS01165	297	True	41.0	41.0	477	0	0	0	0	0	0	477	False	0		False
Spyogenes	B6D67_RS01280	B6D67_RS01285	284	True	41.0	41.0	460	0	0	0	0	0	0	460	False	0		False
Spyogenes	B6D67_RS01365	B6D67_RS01370	197	True	41.0	41.0	556	0	0	0	0	0	0	556	False	0		False
Spyogenes	B6D67_RS01425	pbp3	330	True	45.0	45.0	371	0	0	0	0	0	45	374	False	0		False
Spyogenes	brnQ	sstT	233	True	297.0	311.7	479	0	184	61	0	0	297	682	False	0		False
Spyogenes	B6D67_RS01600	rsmG	149	True	41.0	41.0	581	0	0	0	0	0	0	581	False	0		False
Spyogenes	B6D67_RS01825	B6D67_RS01830	87	True	41.0	64.0	603	0	201	64	0	0	0	677	False	0		False
Spyogenes	B6D67_RS01885	B6D67_RS01890	298	True	61.0	96.2	445	0	0	77	0	0	61	477	False	0		False
Spyogenes	B6D67_RS01895	lctO	233	True	187.0	187.0	415	0	0	0	0	0	187	504	False	0		False
Spyogenes	B6D67_RS01955	B6D67_RS01960	458	False											False	0		False
Spyogenes	B6D67_RS01990	B6D67_RS01995	360	False											False	0		False
Spyogenes	B6D67_RS02040	B6D67_RS02045	145	True	218.0	328.9	583	0	0	177	0	0	218	708	False	0		False
Spyogenes	B6D67_RS02060	B6D67_RS02065	216	True	41.0	119.0	544	0	0	119	0	0	0	582	False	0		False
Spyogenes	B6D67_RS02070	rplK	243	True	41.0	41.0	524	0	0	0	0	0	0	524	False	0		False
Spyogenes	B6D67_RS02155	B6D67_RS10355	397	False											False	0		False
Spyogenes	rgg2	shp2	88	False											False	0		False
Spyogenes	B6D67_RS02290	ccpA	173	True	503.8	520.9	570	0	0	74	235	0	378	784	False	0		False
Spyogenes	rgg3	shp3	79	False											False	0		False
Spyogenes	B6D67_RS02445	B6D67_RS10185	33	False											False	0		False
Spyogenes	B6D67_RS02525	licT	327	True	41.0	41.0	374	0	0	0	0	0	0	374	False	0		False
Spyogenes	B6D67_RS02555	B6D67_RS02560	233	True	41.0	41.0	468	0	0	0	0	0	0	468	False	0		False
Spyogenes	B6D67_RS02595	B6D67_RS02600	198	True	41.0	41.0	556	0	0	0	0	0	0	555	False	0		False
Spyogenes	B6D67_RS02620	lysS	173	True	41.0	41.0	570	0	0	0	0	0	0	569	False	0		False
Spyogenes	B6D67_RS02640	B6D67_RS02645	324	True	41.0	41.0	391	0	0	0	0	0	0	391	False	0		False
Spyogenes	pepF	ppc	194	True	70.0	70.0	557	0	0	0	0	0	70	571	False	0		False
Spyogenes	B6D67_RS02705	B6D67_RS02710	81	True	65.0	65.0	604	0	0	0	0	0	65	614	False	0		False
Spyogenes	B6D67_RS02750	B6D67_RS02755	336	True	49.0	78.7	376	0	0	71	0	0	49	401	False	0		False
Spyogenes	B6D67_RS02855	B6D67_RS02860	359	False											False	0		False
Spyogenes	B6D67_RS02865	B6D67_RS02870	51	True	41.0	41.0	560	0	0	0	0	0	0	560	False	0		False
Spyogenes	B6D67_RS02880	B6D67_RS02885	86	False											False	0		False
Spyogenes	B6D67_RS02995	B6D67_RS03000	235	True	41.0	41.0	0	0	0	0	0	0	0	0	False	0		False
Spyogenes	B6D67_RS03140	B6D67_RS03145	277	False											False	0		False
Spyogenes	B6D67_RS03170	B6D67_RS03175	393	True	41.0	41.0	393	0	0	0	0	0	0	393	False	0		False
Spyogenes	B6D67_RS03220	eno	226	True	41.0	41.0	533	0	0	0	0	0	0	532	False	0		False
Spyogenes	B6D67_RS03240	B6D67_RS10400	471	False											False	0		False
Spyogenes	rexB	ypfJ	150	True	41.0	41.0	550	0	0	0	0	0	0	550	False	0		False
Spyogenes	dnaG	mscL	130	True	41.0	55.0	578	0	0	55	0	0	0	584	False	0		False
Spyogenes	B6D67_RS03520	B6D67_RS03525	48	False											False	0		False
Spyogenes	B6D67_RS03550	B6D67_RS03555	146	True	41.0	41.0	599	0	0	0	0	0	0	599	False	0		False
Spyogenes	B6D67_RS03585	B6D67_RS03590	234	True	41.0	41.0	531	0	0	0	0	0	0	531	False	0		False
Spyogenes	B6D67_RS03705	B6D67_RS03710	135	True	43.0	43.0	534	0	0	0	0	0	43	536	False	0		False
Spyogenes	B6D67_RS03815	B6D67_RS03820	219	True	41.0	41.0	479	0	0	0	0	0	0	479	False	0		False
Spyogenes	B6D67_RS03860	B6D67_RS03865	208	True	41.0	41.0	549	0	0	0	0	0	0	549	False	0		False
Spyogenes	B6D67_RS03895	rpiA	378	True	112.0	118.5	287	0	0	48	0	0	112	345	False	0		False
Spyogenes	B6D67_RS03930	B6D67_RS03935	221	True	41.0	41.0	487	0	0	0	0	0	0	487	False	0		False
Spyogenes	parE	plsY	134	True	70.0	70.0	587	0	0	0	0	0	70	599	False	0		False
Spyogenes	B6D67_RS04020	trhO	198	True	41.0	41.0	550	0	0	0	0	0	0	550	False	0		False
Spyogenes	B6D67_RS04045	miaA	133	False											False	0		False
Spyogenes	fbp54	trpX	353	True	41.0	41.0	425	0	0	0	0	0	0	425	False	0		False
Spyogenes	B6D67_RS04220	hylA	232	True	41.0	41.0	467	0	0	0	0	0	0	467	False	0		False
Spyogenes	cdaA	murT	106	True	41.0	41.0	597	0	0	0	0	0	0	597	False	0		False
Spyogenes	B6D67_RS04305	B6D67_RS10215	158	False											False	0		False
Spyogenes	B6D67_RS04330	B6D67_RS04335	256	False											False	0		False
Spyogenes	B6D67_RS04565	B6D67_RS10230	153	False											False	0		False
Spyogenes	mnmE	rplJ	332	True	41.0	41.0	373	0	0	0	0	0	0	373	False	0		False
Spyogenes	B6D67_RS04795	B6D67_RS04800	331	True	41.0	69.0	406	0	0	69	0	0	0	423	False	0		False
Spyogenes	B6D67_RS04855	B6D67_RS04860	160	True	158.0	183.5	576	0	729	70	0	0	158	898	False	0		False
Spyogenes	B6D67_RS04870	aphA	235	True	41.0	41.0	466	0	0	0	0	0	0	466	False	0		False
Spyogenes	B6D67_RS04925	B6D67_RS04930	87	True	41.0	41.0	603	0	171	0	0	0	0	657	False	0		False
Spyogenes	B6D67_RS04955	B6D67_RS04960	419	True	41.0	41.0	0	0	0	0	0	0	0	0	False	0		False
Spyogenes	B6D67_RS04990	B6D67_RS04995	137	True	45.0	57.9	585	0	0	54	0	0	45	593	False	0		False
Spyogenes	B6D67_RS05050	gyrA	190	True	461.0	461.0	560	0	0	0	0	0	461	752	False	0		False
Spyogenes	B6D67_RS05090	ylqF	218	True	41.0	41.0	495	0	0	0	0	0	0	495	False	0		False
Spyogenes	B6D67_RS05185	B6D67_RS05190	379	True	41.0	41.0	401	0	0	0	0	0	0	401	False	0		False
Spyogenes	B6D67_RS05245	xerS	468	False											False	0		False
Spyogenes	B6D67_RS05265	guaA	166	True	41.0	64.0	578	0	0	64	0	0	0	588	False	0		False
Spyogenes	B6D67_RS05290	B6D67_RS05295	89	True	173.0	230.8	602	0	0	108	0	0	173	681	False	0		False
Spyogenes	B6D67_RS05350	coaB	201	True	41.0	72.0	554	0	0	72	0	0	0	568	False	0		False
Spyogenes	B6D67_RS05400	coaA	267	True	41.0	41.0	505	0	0	0	0	0	0	504	False	0		False
Spyogenes	B6D67_RS05515	B6D67_RS05520	117	True	111.7	111.7	564	0	0	0	108	0	45	596	False	0		False
Spyogenes	B6D67_RS05620	B6D67_RS05625	184	True	41.0	41.0	563	0	0	0	0	0	0	563	False	0		False
Spyogenes	B6D67_RS05640	ssrA	91	False											False	0		False
Spyogenes	B6D67_RS05650	speA	220	False											False	0		False
Spyogenes	B6D67_RS05890	B6D67_RS05895	54	True	41.0	41.0	559	0	0	0	0	0	0	559	False	0		False
Spyogenes	B6D67_RS05905	B6D67_RS05910	73	False											False	0		False
Spyogenes	B6D67_RS05915	B6D67_RS05920	53	False											False	0		False
Spyogenes	B6D67_RS05925	B6D67_RS05930	356	False											False	0		False
Spyogenes	B6D67_RS05960	B6D67_RS05965	245	True	261.0	282.6	491	0	0	69	0	0	261	619	False	0		False
Spyogenes	B6D67_RS06055	uvrB	192	True	41.0	41.0	559	0	0	0	0	0	0	559	False	0		False
Spyogenes	B6D67_RS06095	pnuC	224	True	41.0	41.0	294	0	0	0	0	0	0	294	False	0		False
Spyogenes	B6D67_RS06115	B6D67_RS06120	241	False											False	0		False
Spyogenes	B6D67_RS06125	B6D67_RS06130	114	True	41.0	41.0	579	0	0	0	0	0	0	579	False	0		False
Spyogenes	B6D67_RS06135	B6D67_RS06140	373	True	41.0	41.0	354	0	0	0	0	0	0	355	False	0		False
Spyogenes	B6D67_RS06210	birA	203	True	206.0	217.6	556	0	0	55	0	0	206	638	False	0		False
Spyogenes	B6D67_RS06230	B6D67_RS06235	144	True	41.0	41.0	526	0	0	0	0	0	0	526	False	0		False
Spyogenes	B6D67_RS06250	udk	97	True	146.4	178.4	600	0	0	77	115	75	0	657	False	0		False
Spyogenes	B6D67_RS06270	B6D67_RS06275	392	True	130.0	154.5	394	0	0	68	0	0	130	466	False	0		False
Spyogenes	nagB	queA	201	True	41.0	47.0	554	0	0	47	0	0	0	556	False	0		False
Spyogenes	B6D67_RS06410	B6D67_RS06415	117	True	41.0	41.0	615	0	0	0	0	0	0	615	False	0		False
Spyogenes	B6D67_RS06485	B6D67_RS06490	238	True	147.0	204.8	528	0	0	106	0	0	147	608	False	0		False
Spyogenes	B6D67_RS06500	sda3	228	False											False	0		False
Spyogenes	B6D67_RS06725	B6D67_RS06730	200	True	72.0	72.0	512	0	433	0	0	0	72	720	False	0		False
Spyogenes	B6D67_RS06825	B6D67_RS06830	297	True	41.0	41.0	477	0	0	0	0	0	0	477	False	0		False
Spyogenes	B6D67_RS06925	B6D67_RS06930	227	False											False	0		False
Spyogenes	B6D67_RS07000	B6D67_RS07005	141	True	107.0	107.9	584	0	0	42	0	0	107	613	False	0		False
Spyogenes	B6D67_RS07105	B6D67_RS07110	166	False											False	0		False
Spyogenes	B6D67_RS07175	B6D67_RS07180	195	True	41.0	41.0	504	0	0	0	0	0	0	504	False	0		False
Spyogenes	B6D67_RS07195	B6D67_RS07200	132	True	41.0	41.0	545	0	437	0	0	0	0	732	False	0		False
Spyogenes	B6D67_RS07220	sda3	237	False											False	0		False
Spyogenes	B6D67_RS07470	B6D67_RS07475	166	True	41.0	41.0	515	0	0	0	0	0	0	515	False	0		False
Spyogenes	B6D67_RS07485	B6D67_RS07490	197	False											False	0		False
Spyogenes	B6D67_RS07600	B6D67_RS07605	55	True	67.0	67.0	611	0	0	0	0	0	67	622	False	0		False
Spyogenes	B6D67_RS07680	B6D67_RS07685	201	True	47.0	63.9	510	0	0	58	0	0	47	521	False	0		False
Spyogenes	B6D67_RS07735	recU	80	True	378.0	396.8	604	0	298	70	0	0	378	818	False	0		False
Spyogenes	B6D67_RS07925	B6D67_RS07930	201	True	41.0	41.0	523	0	0	0	0	0	0	522	False	0		False
Spyogenes	B6D67_RS07935	B6D67_RS07940	292	True	41.0	41.0	482	0	0	0	0	0	0	482	False	0		False
Spyogenes	B6D67_RS07985	B6D67_RS07990	236	True	54.0	113.2	496	0	0	101	0	0	54	534	False	0		False
Spyogenes	B6D67_RS08070	B6D67_RS08075	71	True	41.0	41.0	580	0	0	0	0	0	0	580	False	0		False
Spyogenes	B6D67_RS08100	B6D67_RS08105	263	True	41.0	41.0	508	0	0	0	0	0	0	508	False	0		False
Spyogenes	B6D67_RS08285	B6D67_RS08290	230	True	50.0	77.7	534	0	0	69	0	0	50	552	False	0		False
Spyogenes	B6D67_RS08295	B6D67_RS08300	71	True	41.0	54.0	633	0	0	54	0	0	0	638	False	0		False
Spyogenes	B6D67_RS08420	B6D67_RS08425	241	True	930.4	961.2	618	394	768	465	0	900	333	997	False	0		False
Spyogenes	B6D67_RS08465	uvrA	202	True	371.0	371.0	546	0	0	0	0	0	371	702	False	0		False
Spyogenes	B6D67_RS08490	mutY	167	True	41.0	41.0	495	0	0	0	0	0	0	495	False	0		False
Spyogenes	B6D67_RS08525	rnhC	156	True	41.0	41.0	578	0	0	0	0	0	0	578	False	0		False
Spyogenes	dinB	pflB	208	True	41.0	41.0	548	0	0	0	0	0	0	548	False	0		False
Spyogenes	B6D67_RS08565	B6D67_RS08570	297	True	41.0	41.0	511	0	0	0	0	0	0	510	False	0		False
Spyogenes	B6D67_RS08585	B6D67_RS08590	165	True	69.0	69.0	543	0	371	0	0	0	69	709	False	0		False
Spyogenes	B6D67_RS08625	B6D67_RS08630	205	True	41.0	41.0	329	0	0	0	0	0	0	329	False	0		False
Spyogenes	B6D67_RS08650	udp	239	True	41.0	41.0	489	0	151	0	0	0	0	547	False	0		False
Spyogenes	B6D67_RS08675	tsaB	284	True	41.0	41.0	490	0	0	0	0	0	0	490	False	0		False
Spyogenes	B6D67_RS08760	tig	320	True	41.0	41.0	455	0	0	0	0	0	0	455	False	0		False
Spyogenes	B6D67_RS08820	B6D67_RS08825	350	True	41.0	69.0	350	0	0	69	0	0	0	369	False	0		False
Spyogenes	B6D67_RS08915	lacA	446	True	232.0	509.9	97	0	0	388	0	0	232	538	False	0		False
Spyogenes	B6D67_RS09040	B6D67_RS09045	125	True	41.0	41.0	535	0	0	0	0	0	0	535	False	0		False
Spyogenes	B6D67_RS09120	ska	359	True	95.0	95.0	361	0	0	0	0	0	95	397	False	0		False
Spyogenes	nrdI	slc1	381	False											False	0		False
Spyogenes	B6D67_RS09170	pabB	199	True	41.0	41.0	499	0	0	0	0	0	0	499	False	0		False
Spyogenes	B6D67_RS09215	B6D67_RS09220	178	False											False	0		False
Spyogenes	B6D67_RS10580	mga	384	False											False	0		False
Spyogenes	B6D67_RS09340	B6D67_RS09345	243	True	41.0	41.0	0	0	0	0	0	0	0	0	False	0		False
Spyogenes	B6D67_RS09370	ropB	498	False											False	0		False
Spyogenes	B6D67_RS09390	sdaB	363	True	41.0	41.0	338	0	0	0	0	0	0	338	False	0		False
Spyogenes	B6D67_RS09430	B6D67_RS09435	125	True	43.0	102.9	591	0	208	101	0	0	43	683	False	0		False
Spyogenes	B6D67_RS09460	B6D67_RS10460	490	True	41.0	41.0	157	0	0	0	0	0	0	156	False	0		False
Spyogenes	B6D67_RS09475	B6D67_RS09480	246	True	41.0	41.0	466	0	0	0	0	0	0	466	False	0		False
Spyogenes	B6D67_RS09520	ahpC	405	False											False	0		False
Spyogenes	B6D67_RS09540	hutI	291	True	989.5	997.3	483	91	774	758	0	900	899	999	False	0		False
Spyogenes	B6D67_RS09580	rpsB	303	True	41.0	41.0	399	0	0	0	0	0	0	399	False	0		False
Spyogenes	treP	treR	210	True	307.0	328.0	609	0	619	70	0	0	307	891	False	0		False
Spyogenes	argR	argS	290	True	293.0	325.4	483	0	0	85	0	0	293	637	False	0		False
Spyogenes	hisS	rpmF	219	True	639.0	639.0	509	0	0	0	0	0	639	815	False	0		False
Spyogenes	B6D67_RS09805	B6D67_RS10170	453	False											False	0		False
Spyogenes	B6D67_RS09810	B6D67_RS09815	206	True	41.0	41.0	550	0	0	0	0	0	0	550	False	0		False
Spyogenes	B6D67_RS09830	B6D67_RS09835	134	True	95.0	159.2	581	0	210	109	0	0	95	697	False	0		False
Spyogenes	mnmA	sdaAB	297	True	41.0	50.0	557	0	0	50	0	0	0	561	False	0		False
Spyogenes	hasA	yfmF	430	True	41.0	41.0	0	0	0	0	0	0	0	0	False	0		False
Spyogenes	B6D67_RS09985	trpS	418	True	41.0	41.0	157	0	0	0	0	0	0	156	False	0		False
Spyogenes	B6D67_RS10030	rlmH	211	True	41.0	41.0	547	0	0	0	0	0	0	547	False	0		False
Vcholerae	ACZ5HH_RS00035	ACZ5HH_RS00040	487	False											False	0		False
Vcholerae	purE	tsaC	166	True	41.0	41.0	589	0	0	0	0	0	0	589	False	0		False
Vcholerae	ACZ5HH_RS00090	def	139	True	41.0	41.0	601	0	0	0	0	0	0	601	False	0		False
Vcholerae	ACZ5HH_RS00145	ACZ5HH_RS00150	188	False											False	0		False
Vcholerae	ACZ5HH_RS00215	tusA	135	True	41.0	41.0	578	0	0	0	0	0	0	577	False	0		False
Vcholerae	ACZ5HH_RS00230	glyQ	415	True	41.0	41.0	458	0	0	0	0	0	0	458	False	0		False
Vcholerae	ACZ5HH_RS00280	dnaA	310	True	68.0	68.0	510	0	0	0	0	0	68	524	False	0		False
Vcholerae	punC	punR	157	True	41.0	41.0	588	0	287	0	0	0	0	694	False	0		False
Vcholerae	ACZ5HH_RS00420	fadB	210	True	41.0	41.0	582	0	0	0	0	0	0	582	False	0		False
Vcholerae	ilvC	ilvY	137	True	68.0	68.0	584	0	368	0	0	0	68	734	False	0		False
Vcholerae	rep	vexR	160	True	41.0	41.0	526	0	0	0	0	0	0	526	False	0		False
Vcholerae	ACZ5HH_RS00530	ACZ5HH_RS00535	289	False											False	0		False
Vcholerae	ACZ5HH_RS00595	prlC	279	True	41.0	41.0	493	0	0	0	0	0	0	493	False	0		False
Vcholerae	rarD	recQ	226	True	41.0	41.0	586	0	0	0	0	0	0	586	False	0		False
Vcholerae	ACZ5HH_RS00645	fhuA	134	True	68.0	74.8	562	0	0	48	0	0	68	577	False	0		False
Vcholerae	ACZ5HH_RS00670	murQ	230	True	79.0	259.6	587	0	338	229	0	0	79	780	False	0		False
Vcholerae	ACZ5HH_RS00690	rph	163	True	41.0	41.0	596	0	0	0	0	0	0	596	False	0		False
Vcholerae	ACZ5HH_RS00730	coaBC	182	True	41.0	41.0	529	0	0	0	0	0	0	529	False	0		False
Vcholerae	ACZ5HH_RS00765	coaD	110	True	124.0	124.0	595	0	0	0	0	0	124	630	False	0		False
Vcholerae	ACZ5HH_RS00775	ACZ5HH_RS00780	133	True	419.7	419.7	605	0	743	0	0	401	71	935	False	0		False
Vcholerae	ACZ5HH_RS00830	waaF	180	False											False	0		False
Vcholerae	ACZ5HH_RS01035	ACZ5HH_RS01040	73	True	546.0	546.0	621	0	0	0	0	0	546	820	False	0		False
Vcholerae	ACZ5HH_RS01050	hupA	371	True	70.0	70.0	384	0	0	0	0	0	70	403	False	0		False
Vcholerae	ACZ5HH_RS01080	zntR	33	False											False	0		False
Vcholerae	ACZ5HH_RS01135	ACZ5HH_RS01140	153	True	165.0	466.3	550	0	413	387	0	0	165	846	False	0		False
Vcholerae	ACZ5HH_RS01150	ACZ5HH_RS01155	227	False											False	0		False
Vcholerae	ACZ5HH_RS01200	ACZ5HH_RS01205	259	True	41.0	41.0	599	0	0	0	0	0	0	599	False	0		False
Vcholerae	rhlB	trxA	111	True	251.0	251.0	594	0	0	0	0	0	251	683	False	0		False
Vcholerae	ACZ5HH_RS01285	murB	36	True	41.0	41.0	620	0	0	0	0	0	0	620	False	0		False
Vcholerae	ACZ5HH_RS01305	coaA	208	False											False	0		False
Vcholerae	ACZ5HH_RS01370	nudC	183	True	67.0	67.0	582	0	0	0	0	0	67	593	False	0		False
Vcholerae	orn	rsgA	122	True	193.0	193.0	591	0	0	0	0	0	193	655	False	0		False
Vcholerae	queG	tsaE	204	True	41.0	41.0	598	0	0	0	0	0	0	597	False	0		False
Vcholerae	ACZ5HH_RS01535	fkpA	184	True	238.5	245.6	560	0	0	50	184	105	0	654	False	0		False
Vcholerae	ACZ5HH_RS01615	ACZ5HH_RS01620	170	True	41.0	41.0	590	0	0	0	0	0	0	589	False	0		False
Vcholerae	ACZ5HH_RS01630	pgi	284	True	41.0	41.0	488	0	0	0	0	0	0	488	False	0		False
Vcholerae	dusA	zur	390	True	41.0	41.0	413	0	0	0	0	0	0	412	False	0		False
Vcholerae	ACZ5HH_RS01750	metH	196	True	165.0	165.0	593	0	0	0	0	0	165	645	False	0		False
Vcholerae	ACZ5HH_RS01765	lysC	463	True	348.2	348.2	360	0	0	0	0	330	67	565	False	0		False
Vcholerae	ACZ5HH_RS01785	ACZ5HH_RS01790	291	True	41.0	41.0	482	0	0	0	0	0	0	482	False	0		False
Vcholerae	argR	mdh	327	True	346.0	351.5	584	0	282	49	0	0	346	789	False	0		False
Vcholerae	ispB	rplU	270	True	41.0	41.0	556	0	0	0	0	0	0	556	False	0		False
Vcholerae	djlA	lptD	158	True	152.0	152.0	581	0	162	0	0	0	152	676	False	0		False
Vcholerae	mutY	trmB	239	True	72.0	84.6	526	0	0	54	0	0	72	548	False	0		False
Vcholerae	ACZ5HH_RS02145	ACZ5HH_RS02150	25	True	57.0	57.0	617	0	0	0	0	0	57	624	False	0		False
Vcholerae	metK	tkt	364	True	174.2	217.2	460	0	0	91	98	0	122	559	False	0		False
Vcholerae	ACZ5HH_RS02210	ACZ5HH_RS02215	144	True	568.0	568.0	554	0	160	0	0	0	568	824	False	0		False
Vcholerae	ACZ5HH_RS02240	ACZ5HH_RS02245	164	True	187.0	187.0	573	0	768	0	0	0	187	912	False	0		False
Vcholerae	ACZ5HH_RS02265	pykF	427	True	41.0	41.0	0	0	0	0	0	0	0	0	False	0		False
Vcholerae	rpsU	tsaD	240	False											False	0		False
Vcholerae	folB	plsY	188	True	41.0	72.0	578	0	0	72	0	0	0	592	False	0		False
Vcholerae	cysM	cysP	257	True	111.0	508.7	393	0	0	470	0	0	111	689	False	0		False
Vcholerae	zapE	zapG	152	True	41.0	41.0	578	0	0	0	0	0	0	578	False	0		False
Vcholerae	ACZ5HH_RS02625	rsmI	69	True	41.0	41.0	622	0	0	0	0	0	0	622	False	0		False
Vcholerae	ACZ5HH_RS02650	can	147	True	485.1	577.4	553	69	0	213	0	435	126	808	False	0		False
Vcholerae	ACZ5HH_RS02700	sfsA	246	True	41.0	41.0	0	0	0	0	0	0	0	0	False	0		False
Vcholerae	ACZ5HH_RS02825	hemL	14	False											False	0		False
Vcholerae	ACZ5HH_RS02845	tyrS	130	True	41.0	41.0	0	0	0	0	0	0	0	0	False	0		False
Vcholerae	rlmE	yhbY	119	True	67.0	82.6	592	0	0	57	0	0	67	609	False	0		False
Vcholerae	ACZ5HH_RS02980	ubiT	232	True	41.0	41.0	532	0	0	0	0	0	0	531	False	0		False
Vcholerae	ACZ5HH_RS03005	prfC	208	True	165.0	165.0	537	0	0	0	0	0	165	597	False	0		False
Vcholerae	ACZ5HH_RS03020	brnQ	308	True	143.0	143.0	466	0	0	0	0	0	143	523	False	0		False
Vcholerae	ACZ5HH_RS03090	nhaR	394	True	41.0	41.0	348	0	0	0	0	0	0	348	False	0		False
Vcholerae	murJ	rpsT	257	True	97.0	97.0	524	0	0	0	0	0	97	552	False	0		False
Vcholerae	ACZ5HH_RS03140	ACZ5HH_RS03145	252	True	41.0	41.0	516	0	0	0	0	0	0	516	False	0		False
Vcholerae	ACZ5HH_RS03160	nagZ	105	True	346.0	346.0	597	0	478	0	0	0	346	850	False	0		False
Vcholerae	ACZ5HH_RS03175	ACZ5HH_RS03180	241	True	41.0	41.0	525	0	0	0	0	0	0	525	False	0		False
Vcholerae	ettA	sltY	360	True	68.0	68.0	449	0	0	0	0	0	68	465	False	0		False
Vcholerae	ACZ5HH_RS03235	rluD	154	True	67.0	124.4	592	0	0	100	0	0	67	627	False	0		False
Vcholerae	ACZ5HH_RS03300	ACZ5HH_RS03305	248	False											False	0		False
Vcholerae	phoB	rdgC	235	True	41.0	41.0	496	0	0	0	0	0	0	497	False	0		False
Vcholerae	ACZ5HH_RS03350	ppk1	198	True	66.0	66.0	555	0	0	0	0	0	66	566	False	0		False
Vcholerae	ACZ5HH_RS03380	ACZ5HH_RS03385	221	True	406.0	406.0	551	0	0	0	0	0	406	722	False	0		False
Vcholerae	ACZ5HH_RS03400	queA	289	True	41.0	41.0	501	0	0	0	0	0	0	501	False	0		False
Vcholerae	suhB	trmJ	181	True	41.0	41.0	593	0	158	0	0	0	0	643	False	0		False
Vcholerae	guaB	xseA	207	True	41.0	41.0	593	0	0	0	0	0	0	593	False	0		False
Vcholerae	ACZ5HH_RS03570	ACZ5HH_RS03575	176	True	564.0	583.5	571	0	706	84	0	0	564	943	False	0		False
Vcholerae	fepB	vibH	195	True	364.0	830.9	600	0	371	745	0	0	364	953	False	0		False
Vcholerae	ACZ5HH_RS03625	ACZ5HH_RS03630	103	True	67.0	67.0	599	0	0	0	0	0	67	609	False	0		False
Vcholerae	citC	citS	277	True	139.0	139.0	509	0	540	0	0	0	139	788	False	0		False
Vcholerae	ACZ5HH_RS03720	fdxA	246	True	41.0	41.0	461	0	187	0	0	0	0	543	False	0		False
Vcholerae	ACZ5HH_RS03725	ACZ5HH_RS03730	223	True	41.0	41.0	532	0	0	0	0	0	0	532	False	0		False
Vcholerae	ACZ5HH_RS03795	radC	143	True	41.0	41.0	0	0	0	0	0	0	0	0	False	0		False
Vcholerae	tcpI	tcpP	443	True	250.0	250.0	0	0	0	0	0	0	250	250	False	0		False
Vcholerae	acfA	acfD	176	True	179.0	179.0	511	0	0	0	0	0	179	581	False	0		False
Vcholerae	ACZ5HH_RS03965	smpB	183	True	41.0	49.0	566	0	0	49	0	0	0	570	False	0		False
Vcholerae	grpE	nadK	145	True	41.0	41.0	582	0	0	0	0	0	0	581	False	0		False
Vcholerae	ACZ5HH_RS03995	dnaK	157	False											False	0		False
Vcholerae	ACZ5HH_RS04010	ACZ5HH_RS04015	96	True	492.0	795.5	611	0	571	614	0	0	492	962	False	0		False
Vcholerae	ACZ5HH_RS04055	mltF	106	True	41.0	41.0	572	0	0	0	0	0	0	572	False	0		False
Vcholerae	ACZ5HH_RS04090	tsaA	133	True	41.0	74.0	586	0	0	74	0	0	0	600	False	0		False
Vcholerae	ACZ5HH_RS04130	ACZ5HH_RS04135	88	True	41.0	41.0	602	0	0	0	0	0	0	602	False	0		False
Vcholerae	queF	syd	96	True	41.0	41.0	653	0	0	0	0	0	0	653	False	0		False
Vcholerae	gmhB	metN	256	True	41.0	41.0	529	0	0	0	0	0	0	529	False	0		False
Vcholerae	ACZ5HH_RS04275	vexG	285	False											False	0		False
Vcholerae	ACZ5HH_RS04355	ACZ5HH_RS04360	263	True	41.0	41.0	441	0	0	0	0	0	0	441	False	0		False
Vcholerae	ACZ5HH_RS04370	vpsL	489	False											False	0		False
Vcholerae	ACZ5HH_RS04650	ACZ5HH_RS04655	152	False											False	0		False
Vcholerae	ACZ5HH_RS04660	vpsQ	251	False											False	0		False
Vcholerae	ACZ5HH_RS04675	glyA	340	True	41.0	41.0	489	0	0	0	0	0	0	489	False	0		False
Vcholerae	ACZ5HH_RS04750	leuS	129	True	41.0	41.0	618	0	0	0	0	0	0	618	False	0		False
Vcholerae	ACZ5HH_RS04780	miaB	253	True	70.0	70.0	538	0	0	0	0	0	70	552	False	0		False
Vcholerae	cysZ	zipA	229	True	41.0	41.0	533	0	162	0	0	0	0	592	False	0		False
Vcholerae	ACZ5HH_RS04855	yfcE	413	False											False	0		False
Vcholerae	ACZ5HH_RS04875	htpG	263	True	68.0	68.0	535	0	0	0	0	0	68	548	False	0		False
Vcholerae	nagA	nagE	468	True	856.3	856.3	196	0	151	0	0	748	453	893	False	0		False
Vcholerae	ACZ5HH_RS04985	motY	72	True	41.0	41.0	557	0	0	0	0	0	0	557	False	0		False
Vcholerae	ACZ5HH_RS05040	rsxA	236	False											False	0		False
Vcholerae	ACZ5HH_RS05065	moaA	306	True	41.0	41.0	483	0	0	0	0	0	0	483	False	0		False
Vcholerae	ACZ5HH_RS05095	ACZ5HH_RS05100	228	True	41.0	41.0	480	0	0	0	0	0	0	481	False	0		False
Vcholerae	apbC	metG	157	True	218.1	350.2	651	0	179	203	124	0	144	797	False	0		False
Vcholerae	ACZ5HH_RS05185	ACZ5HH_RS05190	247	True	41.0	41.0	548	0	0	0	0	0	0	548	False	0		False
Vcholerae	ACZ5HH_RS05225	ACZ5HH_RS05230	137	True	41.0	41.0	586	0	0	0	0	0	0	586	False	0		False
Vcholerae	ACZ5HH_RS05235	sohB	158	True	41.0	41.0	580	0	0	0	0	0	0	580	False	0		False
Vcholerae	ACZ5HH_RS05245	ACZ5HH_RS05250	121	True	69.0	69.0	614	0	0	0	0	0	69	625	False	0		False
Vcholerae	ACZ5HH_RS05260	tesB	150	True	41.0	41.0	579	0	0	0	0	0	0	579	False	0		False
Vcholerae	ACZ5HH_RS05265	ACZ5HH_RS05270	50	True	41.0	41.0	612	0	0	0	0	0	0	612	False	0		False
Vcholerae	ACZ5HH_RS05310	ACZ5HH_RS05315	283	True	41.0	41.0	420	0	188	0	0	0	0	509	False	0		False
Vcholerae	ACZ5HH_RS05330	ACZ5HH_RS05335	245	True	41.0	41.0	458	0	0	0	0	0	0	458	False	0		False
Vcholerae	ACZ5HH_RS05420	yfbV	352	True	67.0	67.0	392	0	0	0	0	0	67	408	False	0		False
Vcholerae	ACZ5HH_RS05430	ACZ5HH_RS05435	440	True	41.0	41.0	0	0	0	0	0	0	0	0	False	0		False
Vcholerae	ACZ5HH_RS05460	dusC	165	True	41.0	41.0	577	0	0	0	0	0	0	577	False	0		False
Vcholerae	bioA	bioB	132	True	346.0	860.9	589	564	741	796	0	0	346	992	False	0		False
Vcholerae	ACZ5HH_RS05510	htpX	265	True	41.0	41.0	536	0	0	0	0	0	0	536	False	0		False
Vcholerae	ACZ5HH_RS05575	mnmA	264	True	41.0	41.0	509	0	0	0	0	0	0	509	False	0		False
Vcholerae	clpS	cspD	472	True	87.0	126.0	93	0	0	82	0	0	87	173	False	0		False
Vcholerae	ACZ5HH_RS05665	ACZ5HH_RS05670	308	True	41.0	41.0	500	0	0	0	0	0	0	499	False	0		False
Vcholerae	ACZ5HH_RS05695	ACZ5HH_RS05700	377	True	41.0	41.0	396	0	550	0	0	0	0	716	False	0		False
Vcholerae	ACZ5HH_RS05715	ACZ5HH_RS05720	222	False											False	0		False
Vcholerae	ACZ5HH_RS05755	aspS	291	True	41.0	41.0	482	0	0	0	0	0	0	482	False	0		False
Vcholerae	rnm	trpL2	64	True	41.0	41.0	556	0	0	0	0	0	0	556	False	0		False
Vcholerae	ACZ5HH_RS05875	ACZ5HH_RS05880	465	True	41.0	41.0	459	0	0	0	0	0	0	459	False	0		False
Vcholerae	ACZ5HH_RS05915	ydiJ	212	True	41.0	41.0	604	0	0	0	0	0	0	604	False	0		False
Vcholerae	ACZ5HH_RS05980	yeiP	218	True	41.0	41.0	576	0	0	0	0	0	0	576	False	0		False
Vcholerae	ACZ5HH_RS05990	uvrY	375	True	41.0	41.0	405	0	0	0	0	0	0	406	False	0		False
Vcholerae	ACZ5HH_RS06040	pheS	165	False											False	0		False
Vcholerae	ACZ5HH_RS06065	relV	468	True	41.0	41.0	434	0	0	0	0	0	0	433	False	0		False
Vcholerae	ACZ5HH_RS06100	msrB	345	True	41.0	41.0	399	0	0	0	0	0	0	399	False	0		False
Vcholerae	ACZ5HH_RS06165	ACZ5HH_RS06170	172	True	443.0	443.0	602	0	0	0	0	443	0	768	False	0		False
Vcholerae	gyrA	ubiG	351	True	191.0	191.0	426	0	0	0	0	0	191	516	False	0		False
Vcholerae	ACZ5HH_RS06210	ACZ5HH_RS06215	249	True	67.0	67.0	518	0	0	0	0	0	67	531	False	0		False
Vcholerae	ACZ5HH_RS06265	ACZ5HH_RS06270	171	True	41.0	41.0	597	0	0	0	0	0	0	597	False	0		False
Vcholerae	ACZ5HH_RS06300	ACZ5HH_RS06305	373	True	41.0	41.0	421	0	197	0	0	0	0	515	False	0		False
Vcholerae	ACZ5HH_RS06315	cod	242	True	72.0	72.0	481	0	0	0	0	0	72	498	False	0		False
Vcholerae	ACZ5HH_RS06350	ACZ5HH_RS06355	404	True	41.0	41.0	311	0	0	0	0	0	0	311	False	0		False
Vcholerae	ACZ5HH_RS06395	queD	440	True	41.0	41.0	388	0	0	0	0	0	0	389	False	0		False
Vcholerae	ACZ5HH_RS06425	pabB	175	True	580.0	580.0	603	0	0	0	0	0	580	826	False	0		False
Vcholerae	ACZ5HH_RS06460	ACZ5HH_RS06465	252	False											False	0		False
Vcholerae	ACZ5HH_RS06475	ACZ5HH_RS06480	384	True	41.0	41.0	367	0	0	0	0	0	0	367	False	0		False
Vcholerae	ACZ5HH_RS06515	carR	375	True	68.0	68.0	325	0	0	0	0	0	68	344	False	0		False
Vcholerae	ACZ5HH_RS06525	mglB	498	True	41.0	41.0	310	0	0	0	0	0	0	310	False	0		False
Vcholerae	ACZ5HH_RS06610	hppD	458	True	41.0	41.0	0	0	0	0	0	0	0	0	False	0		False
Vcholerae	ACZ5HH_RS06635	ACZ5HH_RS06640	121	True	888.9	923.8	654	33	307	342	266	755	432	980	False	0		False
Vcholerae	ACZ5HH_RS06655	yccX	245	True	72.0	72.0	569	0	0	0	0	0	72	582	False	0		False
Vcholerae	ACZ5HH_RS06690	ACZ5HH_RS06695	455	True	41.0	41.0	0	0	0	0	0	0	0	0	False	0		False
Vcholerae	ACZ5HH_RS06700	queE	362	True	41.0	41.0	497	0	0	0	0	0	0	497	False	0		False
Vcholerae	ACZ5HH_RS06715	ACZ5HH_RS06720	251	True	41.0	41.0	514	0	0	0	0	0	0	514	False	0		False
Vcholerae	ACZ5HH_RS06780	hrpA	201	True	41.0	41.0	556	0	0	0	0	0	0	557	False	0		False
Vcholerae	ACZ5HH_RS06820	ACZ5HH_RS06825	86	True	41.0	41.0	574	0	0	0	0	0	0	574	False	0		False
Vcholerae	ACZ5HH_RS06915	ACZ5HH_RS06920	105	True	67.0	67.0	603	0	190	0	0	0	67	674	False	0		False
Vcholerae	ACZ5HH_RS06925	ACZ5HH_RS06930	172	True	68.0	68.0	571	0	0	0	0	0	68	583	False	0		False
Vcholerae	ACZ5HH_RS06955	metA	139	True	41.0	41.0	613	0	0	0	0	0	0	613	False	0		False
Vcholerae	ACZ5HH_RS06980	ACZ5HH_RS06985	327	False											False	0		False
Vcholerae	ACZ5HH_RS07020	ACZ5HH_RS07025	271	False											False	0		False
Vcholerae	ACZ5HH_RS07035	ACZ5HH_RS07040	211	True	41.0	41.0	524	0	0	0	0	0	0	524	False	0		False
Vcholerae	ACZ5HH_RS07085	budA	108	True	449.0	449.0	581	0	0	0	0	0	449	759	False	0		False
Vcholerae	ACZ5HH_RS07095	ACZ5HH_RS07100	118	True	67.0	67.0	578	0	535	0	0	0	67	801	False	0		False
Vcholerae	ACZ5HH_RS07180	ACZ5HH_RS07185	111	True	492.0	501.0	557	0	0	58	0	0	492	769	False	0		False
Vcholerae	ACZ5HH_RS07195	katG	412	True	41.0	41.0	402	0	0	0	0	0	0	402	False	0		False
Vcholerae	ACZ5HH_RS07240	ACZ5HH_RS07245	318	True	50.0	50.0	394	0	0	0	0	0	50	400	False	0		False
Vcholerae	ACZ5HH_RS07305	ACZ5HH_RS07310	88	True	41.0	41.0	602	0	0	0	0	0	0	602	False	0		False
Vcholerae	ACZ5HH_RS07315	ACZ5HH_RS07320	99	True	41.0	41.0	622	0	0	0	0	0	0	622	False	0		False
Vcholerae	ACZ5HH_RS07355	ACZ5HH_RS07360	303	True	41.0	41.0	482	0	235	0	0	0	0	587	False	0		False
Vcholerae	ACZ5HH_RS07380	fdhD	222	True	777.3	777.3	614	0	0	0	510	500	164	910	False	0		False
Vcholerae	ACZ5HH_RS07435	ACZ5HH_RS07440	275	True	41.0	41.0	566	0	0	0	0	0	0	566	False	0		False
Vcholerae	ACZ5HH_RS07445	ACZ5HH_RS07450	101	False											False	0		False
Vcholerae	ACZ5HH_RS07470	ACZ5HH_RS07475	85	True	41.0	41.0	622	0	0	0	0	0	0	622	False	0		False
Vcholerae	ACZ5HH_RS07550	matP	163	True	41.0	41.0	622	0	0	0	0	0	0	622	False	0		False
Vcholerae	ACZ5HH_RS07570	ACZ5HH_RS07575	131	False											False	0		False
Vcholerae	ACZ5HH_RS07615	ACZ5HH_RS07620	131	False											False	0		False
Vcholerae	ACZ5HH_RS07660	ACZ5HH_RS07665	120	False											False	0		False
Vcholerae	ACZ5HH_RS07685	ACZ5HH_RS07690	120	False											False	0		False
Vcholerae	ACZ5HH_RS07710	ACZ5HH_RS07715	130	False											False	0		False
Vcholerae	rtxB	rtxH	425	True	76.0	76.0	343	0	0	0	0	0	76	367	False	0		False
Vcholerae	ACZ5HH_RS07775	ccoN	258	True	841.6	905.4	534	0	0	427	819	0	161	954	False	0		False
Vcholerae	ACZ5HH_RS07845	potA	324	True	41.0	41.0	437	0	0	0	0	0	0	438	False	0		False
Vcholerae	ACZ5HH_RS07915	hcp-2	287	True	41.0	41.0	0	0	0	0	0	0	0	0	False	0		False
Vcholerae	vceC	vceR	116	True	70.0	70.0	580	0	228	0	0	0	70	672	False	0		False
Vcholerae	ACZ5HH_RS07950	ACZ5HH_RS07955	420	False											False	0		False
Vcholerae	ACZ5HH_RS08000	ACZ5HH_RS08005	127	True	41.0	41.0	589	0	0	0	0	0	0	589	False	0		False
Vcholerae	ACZ5HH_RS08025	rsuA	133	True	101.0	101.0	596	0	161	0	0	0	101	668	False	0		False
Vcholerae	ACZ5HH_RS08085	ACZ5HH_RS08090	229	True	41.0	41.0	575	0	0	0	0	0	0	575	False	0		False
Vcholerae	ACZ5HH_RS08095	ACZ5HH_RS08100	327	False											False	0		False
Vcholerae	ACZ5HH_RS08125	ACZ5HH_RS08130	335	True	68.0	68.0	376	0	0	0	0	0	68	394	False	0		False
Vcholerae	ACZ5HH_RS08155	ACZ5HH_RS08160	146	True	41.0	41.0	581	0	0	0	0	0	0	581	False	0		False
Vcholerae	ACZ5HH_RS08190	cls	421	True	41.0	41.0	0	0	0	0	0	0	0	0	False	0		False
Vcholerae	pspA	pspF	209	True	865.4	865.4	512	0	413	0	840	0	193	958	False	0		False
Vcholerae	ACZ5HH_RS08280	ACZ5HH_RS08285	185	True	41.0	41.0	581	0	0	0	0	0	0	581	False	0		False
Vcholerae	ACZ5HH_RS08315	focA	351	True	41.0	41.0	520	0	0	0	0	0	0	519	False	0		False
Vcholerae	metE	metR	395	True	69.0	69.0	450	0	438	0	0	0	69	687	True	1	14662	True
Vcholerae	ACZ5HH_RS08370	ACZ5HH_RS08375	223	True	41.0	41.0	507	0	0	0	0	0	0	507	False	0		False
Vcholerae	ACZ5HH_RS08380	ACZ5HH_RS08385	279	True	368.0	368.0	533	0	0	0	0	0	368	692	False	0		False
Vcholerae	ACZ5HH_RS08390	ACZ5HH_RS08395	107	True	41.0	41.0	605	0	229	0	0	0	0	682	False	0		False
Vcholerae	ACZ5HH_RS08400	ACZ5HH_RS08405	318	False											False	0		False
Vcholerae	cmoM	elyC	116	True	41.0	41.0	601	0	0	0	0	0	0	602	False	0		False
Vcholerae	torD	torR	224	True	432.0	432.0	537	0	0	0	0	0	432	725	False	0		False
Vcholerae	ACZ5HH_RS08490	topA	336	True	41.0	41.0	479	0	0	0	0	0	0	479	False	0		False
Vcholerae	aat	aroA	266	True	41.0	41.0	622	0	0	0	0	0	0	622	False	0		False
Vcholerae	ACZ5HH_RS08530	ACZ5HH_RS08535	94	False											False	0		False
Vcholerae	ACZ5HH_RS08555	breR	226	True	41.0	41.0	442	0	252	0	0	0	0	564	False	0		False
Vcholerae	ACZ5HH_RS08570	ACZ5HH_RS08575	257	False											False	0		False
Vcholerae	ACZ5HH_RS08750	ACZ5HH_RS08755	294	False											False	0		False
Vcholerae	ACZ5HH_RS08955	ACZ5HH_RS08960	418	False											False	0		False
Vcholerae	ACZ5HH_RS09030	ACZ5HH_RS09035	238	False											False	0		False
Vcholerae	ACZ5HH_RS09200	ACZ5HH_RS09205	298	False											False	0		False
Vcholerae	ACZ5HH_RS09215	ACZ5HH_RS09220	239	False											False	0		False
Vcholerae	ACZ5HH_RS09235	ACZ5HH_RS09240	389	False											False	0		False
Vcholerae	ACZ5HH_RS09315	siaP	214	True	335.0	335.0	594	0	0	0	0	0	335	719	False	0		False
Vcholerae	ACZ5HH_RS09350	ACZ5HH_RS09355	140	True	41.0	41.0	564	0	344	0	0	0	0	702	False	0		False
Vcholerae	ACZ5HH_RS09370	exaC	283	True	228.6	228.6	382	0	0	0	202	0	73	503	False	0		False
Vcholerae	ACZ5HH_RS09390	ACZ5HH_RS09395	229	True	763.6	803.8	543	0	128	204	0	732	154	915	False	0		False
Vcholerae	ACZ5HH_RS09405	ACZ5HH_RS09410	371	True	290.0	290.0	402	0	0	0	151	0	198	557	False	0		False
Vcholerae	ACZ5HH_RS09430	cqsR	213	True	41.0	41.0	548	0	0	0	0	0	0	549	False	0		False
Vcholerae	ACZ5HH_RS09515	cysS	145	True	73.0	73.0	582	0	0	0	0	0	73	595	False	0		False
Vcholerae	ACZ5HH_RS09605	pflA	332	True	41.0	41.0	443	0	0	0	0	0	0	443	False	0		False
Vcholerae	ACZ5HH_RS09665	ACZ5HH_RS09670	122	True	41.0	41.0	659	0	0	0	0	0	0	659	False	0		False
Vcholerae	ACZ5HH_RS09690	lolC	175	True	41.0	41.0	573	0	0	0	0	0	0	573	False	0		False
Vcholerae	ACZ5HH_RS09750	hinT	259	True	133.0	133.0	499	0	0	0	133	0	0	547	False	0		False
Vcholerae	ald	lrp	156	True	87.0	87.0	577	0	0	0	0	0	87	597	False	0		False
Vcholerae	ACZ5HH_RS09800	cysB	288	True	41.0	41.0	483	0	0	0	0	0	0	483	False	0		False
Vcholerae	ACZ5HH_RS09955	folD	201	False											False	0		False
Vcholerae	ACZ5HH_RS09975	ACZ5HH_RS09980	358	True	41.0	41.0	519	0	0	0	0	0	0	519	False	0		False
Vcholerae	ACZ5HH_RS10015	minC	199	True	124.0	139.5	598	0	0	58	0	0	124	639	False	0		False
Vcholerae	ACZ5HH_RS10045	ACZ5HH_RS10050	193	True	41.0	41.0	557	0	187	0	0	0	0	625	False	0		False
Vcholerae	ACZ5HH_RS10090	ACZ5HH_RS10095	214	True	500.0	500.0	537	0	0	0	0	500	0	759	False	0		False
Vcholerae	ACZ5HH_RS10110	rrtA	3	True	41.0	41.0	622	0	0	0	0	0	0	622	False	0		False
Vcholerae	ACZ5HH_RS10155	purU	269	False											False	0		False
Vcholerae	ACZ5HH_RS10165	sppA	229	True	41.0	41.0	533	0	0	0	0	0	0	534	False	0		False
Vcholerae	ACZ5HH_RS10180	ACZ5HH_RS10185	103	True	41.0	41.0	566	0	190	0	0	0	0	634	False	0		False
Vcholerae	gap	msrB	392	True	144.8	144.8	72	0	0	0	120	0	68	172	False	0		False
Vcholerae	mlc	pyk	444	True	41.0	41.0	0	0	0	0	0	0	0	0	False	0		False
Vcholerae	ACZ5HH_RS10250	cydH	135	False											False	0		False
Vcholerae	ACZ5HH_RS10335	yceD	147	True	41.0	41.0	581	0	0	0	0	0	0	581	False	0		False
Vcholerae	asd	nhaC	424	True	41.0	41.0	0	0	0	0	0	0	0	0	False	0		False
Vcholerae	ACZ5HH_RS10390	yejK	84	True	137.0	137.0	603	0	574	0	0	0	137	841	False	0		False
Vcholerae	ACZ5HH_RS10420	sodB	251	True	166.0	198.2	517	0	0	78	0	0	166	596	False	0		False
Vcholerae	ACZ5HH_RS10555	sixA	197	True	41.0	41.0	583	0	0	0	0	0	0	582	False	0		False
Vcholerae	ACZ5HH_RS10560	argS	199	True	71.0	71.0	586	0	0	0	0	0	71	599	False	0		False
Vcholerae	znuA	znuC	83	True	728.6	926.4	606	0	765	740	0	602	346	992	False	0		False
Vcholerae	ACZ5HH_RS10650	sdhC	395	True	168.0	659.0	395	0	150	607	0	0	168	809	False	0		False
Vcholerae	ACZ5HH_RS10655	ACZ5HH_RS10660	64	True	41.0	41.0	612	0	0	0	0	0	0	611	False	0		False
Vcholerae	ACZ5HH_RS10675	seqA	92	True	41.0	41.0	600	0	0	0	0	0	0	601	False	0		False
Vcholerae	ACZ5HH_RS10695	ACZ5HH_RS10700	115	True	41.0	41.0	540	0	688	0	0	0	0	850	False	0		False
Vcholerae	ACZ5HH_RS10705	fcrX	365	True	68.0	68.0	414	0	0	0	0	0	68	430	False	0		False
Vcholerae	fabB	mnmC	126	False											False	0		False
Vcholerae	ACZ5HH_RS10750	ACZ5HH_RS10755	363	True	41.0	41.0	422	0	0	0	0	0	0	422	False	0		False
Vcholerae	prmB	smrB	66	True	41.0	41.0	611	0	0	0	0	0	0	611	False	0		False
Vcholerae	ACZ5HH_RS10815	ACZ5HH_RS10820	35	False											False	0		False
Vcholerae	ACZ5HH_RS10930	ACZ5HH_RS10935	250	True	41.0	41.0	552	0	0	0	0	0	0	552	False	0		False
Vcholerae	ACZ5HH_RS10940	ACZ5HH_RS10945	143	True	137.0	137.0	583	0	0	0	0	0	137	624	False	0		False
Vcholerae	ACZ5HH_RS10975	dapA	277	True	401.0	517.2	568	0	0	227	0	401	0	782	False	0		False
Vcholerae	ACZ5HH_RS10995	bepA	183	True	41.0	41.0	563	0	0	0	0	0	0	563	False	0		False
Vcholerae	ACZ5HH_RS11025	ACZ5HH_RS11030	220	True	41.0	41.0	524	0	0	0	0	0	0	524	False	0		False
Vcholerae	hemA	lolB	158	True	68.0	79.7	584	0	0	53	0	0	68	600	False	0		False
Vcholerae	ACZ5HH_RS11250	flgA	56	True	181.0	430.4	621	0	624	333	0	0	181	911	False	0		False
Vcholerae	ACZ5HH_RS11275	ACZ5HH_RS11280	160	True	496.0	496.0	589	0	748	0	0	0	496	943	False	0		False
Vcholerae	copA	gltX	200	True	41.0	41.0	569	0	0	0	0	0	0	569	False	0		False
Vcholerae	ACZ5HH_RS11325	ACZ5HH_RS11330	446	True	41.0	41.0	0	0	0	0	0	0	0	0	False	0		False
Vcholerae	ACZ5HH_RS11335	ACZ5HH_RS11340	229	False											False	0		False
Vcholerae	purM	upp	166	True	69.0	78.7	572	0	0	51	0	0	69	589	False	0		False
Vcholerae	fadE	lpcA	317	True	41.0	41.0	420	0	0	0	0	0	0	420	False	0		False
Vcholerae	dnaQ	rnhA	56	True	511.7	524.4	611	852	0	66	0	284	346	970	False	0		False
Vcholerae	ACZ5HH_RS11405	gloB	37	True	439.0	439.0	615	0	0	0	0	0	439	775	False	0		False
Vcholerae	ACZ5HH_RS11445	ACZ5HH_RS11450	88	False											False	0		False
Vcholerae	ACZ5HH_RS11455	ACZ5HH_RS11460	174	False											False	0		False
Vcholerae	ACZ5HH_RS11505	ACZ5HH_RS11510	391	True	41.0	41.0	342	0	0	0	0	0	0	342	False	0		False
Vcholerae	ACZ5HH_RS11530	pdxH	223	True	41.0	49.0	570	0	0	49	0	0	0	574	False	0		False
Vcholerae	ACZ5HH_RS11610	ACZ5HH_RS11615	269	True	301.0	301.0	495	0	0	0	0	0	301	632	False	0		False
Vcholerae	ACZ5HH_RS11675	ACZ5HH_RS11680	220	True	41.0	41.0	548	0	0	0	0	0	0	548	False	0		False
Vcholerae	ACZ5HH_RS11700	ACZ5HH_RS11705	362	True	41.0	41.0	534	0	0	0	0	0	0	534	False	0		False
Vcholerae	ACZ5HH_RS11725	ACZ5HH_RS11730	278	True	41.0	41.0	582	0	0	0	0	0	0	582	False	0		False
Vcholerae	ACZ5HH_RS11800	ACZ5HH_RS11805	431	True	159.0	159.0	69	0	187	0	0	0	159	307	False	0		False
Vcholerae	ACZ5HH_RS11825	ACZ5HH_RS11830	403	True	41.0	41.0	0	0	0	0	0	0	0	0	False	0		False
Vcholerae	ACZ5HH_RS11835	ACZ5HH_RS11840	229	True	41.0	41.0	539	0	0	0	0	0	0	539	False	0		False
Vcholerae	ACZ5HH_RS11875	ACZ5HH_RS11880	131	True	41.0	41.0	584	0	0	0	0	0	0	584	False	0		False
Vcholerae	ACZ5HH_RS11910	deoD	321	True	469.0	469.0	549	0	0	0	0	469	0	750	False	0		False
Vcholerae	ACZ5HH_RS11965	ACZ5HH_RS11970	370	True	41.0	41.0	431	0	0	0	0	0	0	431	False	0		False
Vcholerae	ACZ5HH_RS12010	ACZ5HH_RS12015	337	True	41.0	41.0	407	0	0	0	0	0	0	407	False	0		False
Vcholerae	ACZ5HH_RS12030	ACZ5HH_RS12035	89	True	41.0	41.0	601	0	157	0	0	0	0	650	False	0		False
Vcholerae	ACZ5HH_RS12045	soxR	178	True	68.0	68.0	566	0	0	0	0	0	68	578	False	0		False
Vcholerae	ACZ5HH_RS12065	ACZ5HH_RS12070	229	True	41.0	41.0	471	0	0	0	0	0	0	471	False	0		False
Vcholerae	ACZ5HH_RS12075	ACZ5HH_RS12080	377	True	41.0	41.0	325	0	0	0	0	0	0	325	False	0		False
Vcholerae	ACZ5HH_RS12095	pncB	283	True	540.1	540.1	388	0	0	0	0	377	292	706	False	0		False
Vcholerae	ACZ5HH_RS12120	ACZ5HH_RS12125	189	True	41.0	72.0	513	0	0	72	0	0	0	529	False	0		False
Vcholerae	ACZ5HH_RS12230	rbsD	283	True	304.0	304.0	528	0	0	0	0	0	304	657	False	0		False
Vcholerae	ACZ5HH_RS12290	ACZ5HH_RS12295	446	True	41.0	41.0	0	0	0	0	0	0	0	0	False	0		False
Vcholerae	ACZ5HH_RS12300	ACZ5HH_RS12305	163	True	497.4	497.4	432	5	494	0	187	390	68	843	False	0		False
Vcholerae	ACZ5HH_RS12335	ACZ5HH_RS12340	71	False											False	0		False
Vcholerae	ACZ5HH_RS12480	tnaC	237	False											False	0		False
Vcholerae	ACZ5HH_RS12530	ACZ5HH_RS12535	427	True	399.0	399.0	452	0	0	0	0	0	399	657	False	0		False
Vcholerae	hmpA	norR	190	True	575.0	575.0	599	0	0	0	0	0	575	822	False	0		False
Vcholerae	ACZ5HH_RS12575	ACZ5HH_RS12580	358	True	41.0	41.0	380	0	0	0	0	0	0	380	False	0		False
Vcholerae	ACZ5HH_RS12610	ACZ5HH_RS12615	242	True	41.0	42.0	505	0	0	42	0	0	0	506	False	0		False
Vcholerae	ACZ5HH_RS12670	nadE	102	True	858.2	862.6	598	0	0	71	0	792	346	942	False	0		False
Vcholerae	ACZ5HH_RS12680	ACZ5HH_RS12685	249	True	306.0	306.0	539	0	436	0	0	306	0	804	False	0		False
Vcholerae	ACZ5HH_RS12700	emrD	252	True	41.0	41.0	559	0	0	0	0	0	0	559	False	0		False
Vcholerae	ACZ5HH_RS12785	ACZ5HH_RS12790	307	True	41.0	41.0	534	0	0	0	0	0	0	534	False	0		False
Vcholerae	helD	yccS	198	True	41.0	41.0	579	0	0	0	0	0	0	579	False	0		False
Vcholerae	ACZ5HH_RS12810	pncA	304	True	41.0	41.0	377	0	0	0	0	0	0	377	False	0		False
Vcholerae	torS	torT	87	True	964.4	964.4	622	0	156	0	839	750	186	987	False	0		False
Vcholerae	ACZ5HH_RS12840	ACZ5HH_RS12845	275	True	67.0	443.5	475	0	210	428	0	0	67	749	False	0		False
Vcholerae	ACZ5HH_RS12880	ACZ5HH_RS12885	417	True	350.0	350.0	425	0	0	0	0	0	350	610	False	0		False
Vcholerae	ACZ5HH_RS12950	ACZ5HH_RS12955	185	True	41.0	41.0	519	0	0	0	0	0	0	519	False	0		False
Vcholerae	napF	narQ	232	True	71.0	71.0	602	0	168	0	0	0	71	665	False	0		False
Vcholerae	ACZ5HH_RS13010	ACZ5HH_RS13015	146	True	41.0	41.0	581	0	0	0	0	0	0	581	False	0		False
Vcholerae	ACZ5HH_RS13020	ACZ5HH_RS13025	221	True	69.0	69.0	601	0	0	0	0	0	69	613	False	0		False
Vcholerae	ACZ5HH_RS13040	glpD	392	True	357.9	363.3	354	0	0	49	0	340	67	571	False	0		False
Vcholerae	ACZ5HH_RS13050	ACZ5HH_RS13055	301	True	566.0	566.0	438	0	0	0	0	526	122	745	False	0		False
Vcholerae	ACZ5HH_RS13060	ACZ5HH_RS13065	250	True	41.0	41.0	433	0	0	0	0	0	0	433	False	0		False
Vcholerae	ACZ5HH_RS13105	ACZ5HH_RS13110	154	True	68.0	77.7	607	0	242	51	0	0	68	700	False	0		False
Vcholerae	ACZ5HH_RS13150	ACZ5HH_RS13155	191	True	41.0	41.0	517	0	0	0	0	0	0	518	False	0		False
Vcholerae	ACZ5HH_RS13185	ACZ5HH_RS13190	213	True	41.0	41.0	374	0	0	0	0	0	0	374	False	0		False
Vcholerae	folE	moeA	151	True	41.0	41.0	614	0	0	0	0	0	0	614	False	0		False
Vcholerae	ACZ5HH_RS13255	yjjG	200	True	41.0	41.0	497	0	0	0	0	0	0	497	False	0		False
Vcholerae	ACZ5HH_RS13285	phnW	242	True	71.0	128.2	500	0	702	100	0	0	71	858	False	0		False
Vcholerae	ACZ5HH_RS13310	ACZ5HH_RS13315	218	False											False	0		False
Vcholerae	ACZ5HH_RS13320	ACZ5HH_RS13325	240	True	41.0	41.0	547	0	0	0	0	0	0	547	False	0		False
Vcholerae	ACZ5HH_RS13360	ACZ5HH_RS13365	101	True	68.0	68.0	598	0	170	0	0	0	68	662	False	0		False
Vcholerae	ACZ5HH_RS13375	ACZ5HH_RS13380	151	True	41.0	41.0	593	0	0	0	0	0	0	593	False	0		False
Vcholerae	ACZ5HH_RS13385	ACZ5HH_RS13390	167	True	41.0	41.0	616	0	0	0	0	0	0	616	False	0		False
Vcholerae	ACZ5HH_RS13405	ACZ5HH_RS13410	233	True	43.0	43.0	542	0	0	0	0	0	43	543	False	0		False
Vcholerae	ACZ5HH_RS13415	ACZ5HH_RS13420	218	True	41.0	41.0	565	0	0	0	0	0	0	565	False	0		False
Vcholerae	ACZ5HH_RS13465	ACZ5HH_RS13470	131	False											False	0		False
Vcholerae	ACZ5HH_RS13505	ACZ5HH_RS13510	131	False											False	0		False
Vcholerae	ACZ5HH_RS13630	ACZ5HH_RS13635	70	False											False	0		False
Vcholerae	ACZ5HH_RS13685	ACZ5HH_RS13690	472	True	41.0	41.0	423	0	0	0	0	0	0	422	False	0		False
Vcholerae	ACZ5HH_RS13715	ACZ5HH_RS13720	422	True	41.0	41.0	452	0	209	0	0	0	0	548	False	0		False
Vcholerae	ACZ5HH_RS13735	ACZ5HH_RS13740	192	True	41.0	41.0	563	0	0	0	0	0	0	563	False	0		False
Vcholerae	ACZ5HH_RS13755	ACZ5HH_RS13760	262	True	41.0	41.0	533	0	0	0	0	0	0	534	False	0		False
Vcholerae	ACZ5HH_RS13770	focA	216	True	41.0	41.0	0	0	0	0	0	0	0	0	False	0		False
Vcholerae	ACZ5HH_RS13785	ACZ5HH_RS13790	386	True	41.0	41.0	397	0	0	0	0	0	0	397	False	0		False
Vcholerae	ACZ5HH_RS13820	nifJ	102	True	624.0	624.0	591	0	154	0	0	0	624	858	False	0		False
Vcholerae	ACZ5HH_RS13830	ylqF	321	True	41.0	41.0	379	0	0	0	0	0	0	379	False	0		False
Vcholerae	ACZ5HH_RS13840	clcA	466	True	367.0	367.0	0	0	0	0	0	0	367	367	False	0		False
Vcholerae	cra	fruB	337	True	815.0	815.0	438	0	485	0	669	0	464	941	False	0		False
Vcholerae	ACZ5HH_RS13990	ACZ5HH_RS13995	103	False											False	0		False
Vcholerae	ACZ5HH_RS14015	ACZ5HH_RS14020	210	False											False	0		False
Vcholerae	ACZ5HH_RS14180	ACZ5HH_RS14185	242	False											False	0		False
Vcholerae	ACZ5HH_RS14200	ACZ5HH_RS14205	209	False											False	0		False
Vcholerae	ACZ5HH_RS14235	ACZ5HH_RS14240	410	False											False	0		False
Vcholerae	ACZ5HH_RS14470	ACZ5HH_RS14475	206	False											False	0		False
Vcholerae	ACZ5HH_RS14500	ACZ5HH_RS14505	433	False											False	0		False
Vcholerae	ACZ5HH_RS14555	ACZ5HH_RS14560	216	False											False	0		False
Vcholerae	ACZ5HH_RS14635	intIA	245	False											False	0		False
Vcholerae	ACZ5HH_RS14670	ACZ5HH_RS14675	387	True	68.0	68.0	396	0	0	0	0	0	68	413	False	0		False
Vcholerae	ACZ5HH_RS14695	ACZ5HH_RS14700	216	False											False	0		False
Vcholerae	ACZ5HH_RS14730	emrD3	101	True	56.0	56.0	598	0	288	0	0	0	56	706	False	0		False
Vcholerae	ACZ5HH_RS14785	ACZ5HH_RS14790	380	True	69.0	85.5	536	0	0	58	0	0	69	558	False	0		False
Vcholerae	ACZ5HH_RS14810	ulaR	364	True	355.0	355.0	449	0	423	0	0	0	355	777	False	0		False
Vcholerae	ACZ5HH_RS14850	ACZ5HH_RS14855	283	True	41.0	41.0	458	0	404	0	0	0	0	663	False	0		False
Vcholerae	ACZ5HH_RS14860	ACZ5HH_RS14865	202	False											False	0		False
Vcholerae	ACZ5HH_RS14940	vctA	86	False											False	0		False
Vcholerae	ACZ5HH_RS14975	ACZ5HH_RS14980	202	True	541.0	541.0	492	0	0	0	0	0	541	757	False	0		False
Vcholerae	ACZ5HH_RS15020	ACZ5HH_RS15025	187	False											False	0		False
Vcholerae	ACZ5HH_RS15060	trxC	168	True	85.0	85.0	613	0	0	0	0	0	85	631	False	0		False
Vcholerae	ACZ5HH_RS15090	ACZ5HH_RS15095	174	False											False	0		False
Vcholerae	ACZ5HH_RS15130	ACZ5HH_RS15135	351	True	41.0	41.0	465	0	0	0	0	0	0	465	False	0		False
Vcholerae	ACZ5HH_RS15180	galE	319	True	41.0	41.0	592	0	0	0	0	0	0	592	False	0		False
Vcholerae	ACZ5HH_RS15235	ACZ5HH_RS15240	235	True	41.0	41.0	529	0	0	0	0	0	0	529	False	0		False
Vcholerae	ACZ5HH_RS15255	ACZ5HH_RS15260	321	True	41.0	41.0	454	0	0	0	0	0	0	454	False	0		False
Vcholerae	ACZ5HH_RS15280	rnb	373	True	69.0	69.0	462	0	0	0	0	0	69	477	False	0		False
Vcholerae	ACZ5HH_RS15290	ACZ5HH_RS15295	209	True	41.0	41.0	602	0	0	0	0	0	0	602	False	0		False
Vcholerae	ACZ5HH_RS15305	gbpA	493	True	41.0	41.0	313	0	0	0	0	0	0	313	False	0		False
Vcholerae	ACZ5HH_RS15335	speA	446	True	41.0	41.0	419	0	0	0	0	0	0	419	False	0		False
Vcholerae	ACZ5HH_RS15390	phhA	233	True	41.0	42.0	576	0	0	42	0	0	0	576	False	0		False
Vcholerae	ACZ5HH_RS15405	ACZ5HH_RS15410	195	True	41.0	41.0	527	0	0	0	0	0	0	527	False	0		False
Vcholerae	ACZ5HH_RS15465	yjeH	221	False											False	0		False
Vcholerae	ACZ5HH_RS15490	ACZ5HH_RS15495	291	True	41.0	41.0	446	0	387	0	0	0	0	646	False	0		False
Vcholerae	ACZ5HH_RS15525	hapA	15	True	41.0	41.0	572	0	0	0	0	0	0	572	False	0		False
Vcholerae	ACZ5HH_RS15535	ompW	240	True	41.0	41.0	501	0	0	0	0	0	0	501	False	0		False
Vcholerae	ACZ5HH_RS15560	dsdC	207	True	41.0	41.0	510	0	232	0	0	0	0	608	False	0		False
Vcholerae	ACZ5HH_RS15590	ACZ5HH_RS15595	309	False											False	0		False
Vcholerae	ACZ5HH_RS15625	ACZ5HH_RS15630	225	True	41.0	41.0	542	0	0	0	0	0	0	542	False	0		False
Vcholerae	ACZ5HH_RS15695	hutW	277	True	125.0	125.0	513	0	197	0	0	0	125	628	False	0		False
Vcholerae	ACZ5HH_RS15740	ACZ5HH_RS15745	177	True	41.0	41.0	515	0	0	0	0	0	0	515	False	0		False
Vcholerae	ACZ5HH_RS15775	cspE	348	True	41.0	41.0	0	0	0	0	0	0	0	0	False	0		False
Vcholerae	ACZ5HH_RS15795	ACZ5HH_RS15800	99	False											False	0		False
Vcholerae	ACZ5HH_RS15855	ACZ5HH_RS15860	215	True	41.0	41.0	389	0	0	0	0	0	0	389	False	0		False
Vcholerae	ACZ5HH_RS15875	ppiC	174	True	67.0	78.7	568	0	0	53	0	0	67	585	False	0		False
Vcholerae	ACZ5HH_RS15880	vdcA	171	True	67.0	78.7	541	0	0	53	0	0	67	558	False	0		False
Vcholerae	ACZ5HH_RS15890	ACZ5HH_RS15895	232	True	67.0	67.0	592	0	353	0	0	0	67	732	False	0		False
Vcholerae	ACZ5HH_RS15900	ACZ5HH_RS15905	341	True	41.0	41.0	441	0	0	0	0	0	0	441	False	0		False
Vcholerae	ACZ5HH_RS15915	ACZ5HH_RS15920	100	True	41.0	41.0	599	0	170	0	0	0	0	652	False	0		False
Vcholerae	ACZ5HH_RS15930	ACZ5HH_RS15935	174	True	41.0	41.0	602	0	0	0	0	0	0	602	False	0		False
Vcholerae	ACZ5HH_RS15960	ACZ5HH_RS15965	203	True	41.0	41.0	491	0	0	0	0	0	0	491	False	0		False
Vcholerae	ppsA	ppsR	173	True	132.0	648.8	586	0	621	612	0	0	132	940	False	0		False
Vcholerae	ctlX	vcaM	371	True	41.0	41.0	398	0	0	0	0	0	0	399	False	0		False
Vcholerae	ACZ5HH_RS16075	ACZ5HH_RS16080	149	True	69.0	382.6	551	0	172	364	0	0	69	750	False	0		False
Vcholerae	ACZ5HH_RS16085	ACZ5HH_RS16090	203	True	41.0	41.0	553	0	155	0	0	0	0	606	False	0		False
Vcholerae	ohr	ohrR	111	True	242.0	257.8	599	718	729	61	0	0	242	974	False	0		False
Vcholerae	ACZ5HH_RS16140	nhaD	392	True	41.0	41.0	380	0	0	0	0	0	0	380	False	0		False
Vcholerae	ACZ5HH_RS16160	ACZ5HH_RS16165	258	True	41.0	41.0	465	0	168	0	0	0	0	536	False	0		False
Vcholerae	ACZ5HH_RS16170	ACZ5HH_RS16175	150	True	41.0	41.0	593	0	371	0	0	0	0	733	False	0		False
Vcholerae	ACZ5HH_RS16185	nagB	365	True	41.0	41.0	493	0	0	0	0	0	0	493	False	0		False
Vcholerae	glgX	lamB	431	True	41.0	41.0	0	0	0	0	0	0	0	0	False	0		False
Vcholerae	ACZ5HH_RS16230	ACZ5HH_RS16235	203	True	41.0	41.0	540	0	0	0	0	0	0	540	False	0		False
Vcholerae	ACZ5HH_RS16245	aroG	323	False											False	0		False
Vcholerae	ACZ5HH_RS16300	ACZ5HH_RS16305	214	True	41.0	41.0	531	0	0	0	0	0	0	531	False	0		False
Vcholerae	ACZ5HH_RS16325	ACZ5HH_RS16330	132	True	41.0	41.0	599	0	185	0	0	0	0	659	False	0		False
Vcholerae	ACZ5HH_RS16340	ACZ5HH_RS16345	146	True	41.0	41.0	581	0	183	0	0	0	0	643	False	0		False
Vcholerae	ACZ5HH_RS16360	ribB	306	True	41.0	41.0	396	0	0	0	0	0	0	396	False	0		False
Vcholerae	map	rpsB	339	True	904.7	977.1	436	0	231	769	833	0	453	989	False	0		False
Vcholerae	ACZ5HH_RS16645	ACZ5HH_RS16650	164	True	68.0	68.0	614	0	0	0	0	0	68	624	False	0		False
Vcholerae	ACZ5HH_RS16680	ACZ5HH_RS16685	237	False											False	0		False
Vcholerae	ACZ5HH_RS16720	argA	270	True	41.0	41.0	543	0	0	0	0	0	0	544	False	0		False
Vcholerae	ACZ5HH_RS16775	ACZ5HH_RS16780	203	True	41.0	41.0	551	175	770	0	0	0	0	907	False	0		False
Vcholerae	ACZ5HH_RS16795	ACZ5HH_RS16800	158	True	202.0	202.0	519	0	161	0	202	0	0	650	False	0		False
Vcholerae	ACZ5HH_RS16805	chrA	381	False											False	0		False
Vcholerae	ACZ5HH_RS16835	radA	130	True	41.0	41.0	589	0	0	0	0	0	0	589	False	0		False
Vcholerae	ACZ5HH_RS16845	serB	102	True	67.0	67.0	616	0	0	0	0	0	67	626	False	0		False
Vcholerae	ACZ5HH_RS16885	deoC	107	True	41.0	41.0	544	0	0	0	0	0	0	544	False	0		False
Vcholerae	grcA	nfo	345	True	41.0	41.0	432	0	0	0	0	0	0	431	False	0		False
Vcholerae	ACZ5HH_RS16960	thrL	406	False											False	0		False
Vcholerae	ACZ5HH_RS16970	arcA	314	True	41.0	41.0	0	0	0	0	0	0	0	0	False	0		False
Vcholerae	ACZ5HH_RS17045	ACZ5HH_RS17050	257	False											False	0		False
Vcholerae	ACZ5HH_RS17075	carA	266	False											False	0		False
Vcholerae	ACZ5HH_RS17095	secA	353	True	41.0	41.0	425	0	0	0	0	0	0	424	False	0		False
Vcholerae	fldB	xerD	137	True	41.0	41.0	610	0	0	0	0	0	0	610	False	0		False
Vcholerae	ampD	nadC	297	True	187.0	191.2	478	0	0	46	0	0	187	560	False	0		False
Vcholerae	nudF	tolC	231	True	192.0	192.0	524	0	183	0	192	0	0	658	False	0		False
Vcholerae	ACZ5HH_RS17320	ACZ5HH_RS17325	205	True	41.0	41.0	554	0	0	0	0	0	0	554	False	0		False
Vcholerae	ACZ5HH_RS17345	ACZ5HH_RS17350	92	True	41.0	41.0	573	0	0	0	0	0	0	573	False	0		False
Vcholerae	barA	rlmD	171	True	41.0	72.0	610	0	0	72	0	0	0	623	False	0		False
Vcholerae	ACZ5HH_RS17465	ygfZ	152	True	41.0	41.0	578	0	0	0	0	0	0	578	False	0		False
Vcholerae	ACZ5HH_RS17495	ACZ5HH_RS17500	241	True	88.0	333.4	525	0	0	299	0	0	88	670	False	0		False
Vcholerae	ACZ5HH_RS17555	leuA	382	True	68.0	68.0	337	0	0	0	0	0	68	356	False	0		False
Vcholerae	ACZ5HH_RS17625	ACZ5HH_RS17630	190	False											False	0		False
Vcholerae	lptF	pepA	193	True	41.0	41.0	557	0	157	0	0	0	0	611	False	0		False
Vcholerae	ACZ5HH_RS17690	rapA	421	True	41.0	42.0	156	0	0	42	0	0	0	156	False	0		False
Vcholerae	pmbA	yjgA	110	True	41.0	54.0	599	0	0	54	0	0	0	604	False	0		False
Vcholerae	fbp	mpl	305	True	41.0	41.0	522	0	0	0	0	0	0	522	False	0		False
Vcholerae	msrA	tamA	178	True	41.0	41.0	582	0	0	0	0	0	0	581	False	0		False
Vcholerae	cobA	cpdB	369	True	41.0	41.0	522	0	0	0	0	0	0	522	False	0		False
Vcholerae	ACZ5HH_RS17955	dbpA	225	True	41.0	41.0	475	0	0	0	0	0	0	475	False	0		False
Vcholerae	ACZ5HH_RS17965	ACZ5HH_RS17970	225	True	41.0	41.0	547	0	0	0	0	0	0	547	False	0		False
Vcholerae	ACZ5HH_RS18130	rnr	181	True	41.0	41.0	554	0	0	0	0	0	0	554	False	0		False
Vcholerae	ACZ5HH_RS18170	kefG	122	True	41.0	41.0	613	0	0	0	0	0	0	613	False	0		False
Vcholerae	ACZ5HH_RS18220	rimO	253	True	41.0	41.0	479	0	0	0	0	0	0	479	False	0		False
Vcholerae	ACZ5HH_RS18300	pilM	142	True	174.0	174.0	594	0	0	0	0	0	174	650	False	0		False
Vcholerae	ACZ5HH_RS18310	oxyR	139	True	71.0	71.0	589	0	0	0	0	0	71	602	False	0		False
Vcholerae	argC	argE	155	True	737.1	894.7	592	0	169	616	202	500	394	961	False	0		False
Vcholerae	epmA	frdA	308	True	41.0	41.0	531	0	0	0	0	0	0	531	False	0		False
Vcholerae	efp	epmB	32	True	167.0	167.0	616	0	625	0	0	0	167	869	False	0		False
Vcholerae	ACZ5HH_RS18425	ACZ5HH_RS18430	359	True	75.0	75.0	419	0	0	0	0	0	75	440	False	0		False
Vcholerae	ACZ5HH_RS18445	tpiA	243	True	41.0	41.0	540	0	0	0	0	0	0	541	False	0		False
Vcholerae	priA	rpmE	254	True	41.0	41.0	514	0	0	0	0	0	0	515	False	0		False
Vcholerae	ACZ5HH_RS18510	metJ	267	True	140.0	402.8	504	0	0	334	0	0	140	691	False	0		False
Vcholerae	glpX	zapB	320	True	192.0	192.0	430	0	0	0	0	0	192	520	False	0		False
Vcholerae	ACZ5HH_RS18545	ACZ5HH_RS18550	187	True	68.0	68.0	529	0	0	0	0	0	68	542	False	0		False
Vcholerae	ACZ5HH_RS18575	aspA	244	True	41.0	41.0	458	0	0	0	0	0	0	458	False	0		False
Vcholerae	ACZ5HH_RS18610	ACZ5HH_RS18615	378	True	41.0	41.0	361	0	0	0	0	0	0	361	False	0		False
Vcholerae	ACZ5HH_RS18625	gmk	367	True	41.0	41.0	532	0	0	0	0	0	0	532	False	0		False
Vcholerae	ACZ5HH_RS18665	ompR	334	False											False	0		False
Vcholerae	ACZ5HH_RS18675	greB	244	True	67.0	67.0	522	0	0	0	0	0	67	536	False	0		False
Vcholerae	gspC	hslR	229	True	41.0	41.0	538	0	0	0	0	0	0	538	False	0		False
Vcholerae	ACZ5HH_RS18815	glnA	144	True	41.0	41.0	526	0	0	0	0	0	0	526	False	0		False
Vcholerae	ACZ5HH_RS18895	trmA	397	False											False	0		False
Vcholerae	ACZ5HH_RS18915	ACZ5HH_RS18920	144	False											False	0		False
Vcholerae	ACZ5HH_RS18935	ACZ5HH_RS18940	77	False											False	0		False
Vcholerae	ACZ5HH_RS18950	ACZ5HH_RS18955	139	False											False	0		False
Vcholerae	ACZ5HH_RS18975	radC	317	False											False	0		False
Vcholerae	fabR	sthA	307	True	68.0	68.0	467	0	0	0	0	0	68	482	False	0		False
Vcholerae	ftsY	rsmD	203	True	191.0	191.0	551	0	401	0	0	0	191	763	False	0		False
Vcholerae	ACZ5HH_RS19080	ACZ5HH_RS19085	204	True	41.0	41.0	506	0	0	0	0	0	0	505	False	0		False
Vcholerae	ACZ5HH_RS19105	rhtB	74	True	41.0	41.0	564	0	0	0	0	0	0	564	False	0		False
Vcholerae	cyaY	lptM	75	False											False	0		False
Vcholerae	ACZ5HH_RS19165	hemC	356	True	41.0	41.0	431	0	0	0	0	0	0	431	False	0		False
Vcholerae	ACZ5HH_RS19210	yihA	151	True	41.0	41.0	599	0	0	0	0	0	0	599	False	0		False
Vcholerae	ACZ5HH_RS19240	hemB	176	True	52.0	52.0	522	0	0	0	0	0	52	527	False	0		False
Vcholerae	ACZ5HH_RS19260	ACZ5HH_RS19265	203	True	41.0	41.0	570	0	0	0	0	0	0	570	False	0		False
Vcholerae	lexA	plsB	319	True	191.0	191.0	464	0	0	0	0	0	191	548	False	0		False
Vcholerae	ACZ5HH_RS19335	rmuC	122	True	41.0	41.0	594	0	152	0	0	0	0	641	False	0		False
Vcholerae	ftnA	uspA	164	True	41.0	41.0	581	0	0	0	0	0	0	581	False	0		False
Vcholerae	ACZ5HH_RS19375	asnC	225	True	41.0	41.0	606	0	0	0	0	0	0	606	False	0		False
Vcholerae	ACZ5HH_RS19390	ACZ5HH_RS19395	116	True	41.0	41.0	609	0	0	0	0	0	0	609	False	0		False
